"state_number","consecutive_number","year_of_crash","month_of_crash","day_of_week","hour_of_crash","land_use_name","manner_of_collision_name","light_condition_name","atmospheric_conditions_name","number_of_fatalities","number_of_drunk_drivers"
"30","300019","2015","3","7","14","Rural","Front-to-Rear","Daylight","Severe Crosswinds","1","0"
"39","390099","2015","2","7","11","Rural","Front-to-Rear","Daylight","Blowing Sand, Soil, Dirt","1","0"
"49","490123","2015","4","3","12","Rural","Front-to-Rear","Daylight","Blowing Sand, Soil, Dirt","1","0"
"48","481184","2015","5","4","16","Rural","Front-to-Rear","Daylight","Blowing Sand, Soil, Dirt","1","0"
"41","410333","2015","11","3","18","Rural","Front-to-Rear","Dark - Not Lighted","Blowing Sand, Soil, Dirt","1","0"
"39","390088","2015","2","7","11","Rural","Sideswipe - Same Direction","Daylight","Blowing Sand, Soil, Dirt","1","0"
"39","390096","2015","2","7","14","Rural","Front-to-Rear","Daylight","Blowing Snow","1","0"
"42","420702","2015","1","1","7","Urban","Not Collision with Motor Vehicle in Transport (Not Necessarily in Transport for 2005-2009)","Daylight","Freezing Rain or Drizzle","2","0"
"39","390126","2015","2","7","14","Urban","Front-to-Rear","Daylight","Blowing Snow","1","0"
"34","340244","2015","2","2","21","Urban","Sideswipe - Same Direction","Dark - Not Lighted","Sleet, Hail","1","0"
"53","530404","2015","10","7","17","Rural","Front-to-Rear","Dusk","Blowing Sand, Soil, Dirt","1","0"
"20","200060","2015","3","4","12","Rural","Front-to-Rear","Daylight","Sleet, Hail","1","0"
"8","80197","2015","6","4","18","Rural","Front-to-Rear","Daylight","Blowing Sand, Soil, Dirt","2","0"
"51","510171","2015","3","4","9","Rural","Front-to-Rear","Daylight","Rain","1","0"
"29","290643","2015","10","3","9","Rural","Sideswipe - Same Direction","Daylight","Rain","2","0"
"26","260662","2015","10","7","21","Rural","Front-to-Rear","Dark - Not Lighted","Rain","1","1"
"49","490011","2015","2","2","9","Urban","Angle","Daylight","Rain","1","0"
"1","10153","2015","4","2","17","Rural","Front-to-Front","Daylight","Rain","1","0"
"53","530505","2015","12","3","9","Rural","Sideswipe - Same Direction","Daylight","Rain","1","0"
"10","100079","2015","10","6","7","Urban","Angle","Daylight","Rain","1","0"
"26","260898","2015","9","4","9","Rural","Not Collision with Motor Vehicle in Transport (Not Necessarily in Transport for 2005-2009)","Daylight","Rain","1","0"
"42","420704","2015","1","4","13","Rural","Not Collision with Motor Vehicle in Transport (Not Necessarily in Transport for 2005-2009)","Daylight","Snow","1","0"
"27","270035","2015","3","3","9","Rural","Front-to-Rear","Daylight","Snow","1","0"
"26","260911","2015","1","6","9","Rural","Front-to-Rear","Daylight","Snow","1","0"
"35","350271","2015","12","7","16","Urban","Front-to-Rear","Dark - Not Lighted","Snow","2","0"
"56","560031","2015","4","2","7","Rural","Angle","Daylight","Snow","2","0"
"19","190031","2015","2","4","11","Rural","Sideswipe - Same Direction","Daylight","Snow","1","0"
"55","550528","2015","4","4","23","Urban","Angle","Dark - Lighted","Clear","1","0"
"12","121947","2015","10","4","21","Urban","Not Collision with Motor Vehicle in Transport (Not Necessarily in Transport for 2005-2009)","Dark - Not Lighted","Clear","1","1"
"12","120958","2015","3","6","12","Urban","Front-to-Rear","Daylight","Clear","1","0"
"48","480751","2015","4","1","2","Urban","Sideswipe - Same Direction","Dark - Lighted","Clear","5","0"
"36","360823","2015","10","4","6","Rural","Not Collision with Motor Vehicle in Transport (Not Necessarily in Transport for 2005-2009)","Daylight","Clear","1","0"
"48","481207","2015","6","4","12","Rural","Front-to-Rear","Daylight","Clear","2","0"
"48","482369","2015","10","3","19","Rural","Front-to-Rear","Dusk","Clear","1","0"
"13","130251","2015","3","2","16","Rural","Front-to-Rear","Daylight","Clear","1","1"
"13","130385","2015","4","4","5","Rural","Front-to-Rear","Dark - Not Lighted","Clear","5","0"
"18","180458","2015","7","5","23","Rural","Front-to-Rear","Dark - Not Lighted","Clear","5","0"
"18","180725","2015","11","6","20","Rural","Front-to-Rear","Dark - Not Lighted","Clear","1","0"
"17","170226","2015","5","4","12","Rural","Front-to-Rear","Daylight","Clear","2","0"
"21","210199","2015","5","4","14","Rural","Front-to-Rear","Daylight","Clear","1","0"
"21","210302","2015","7","4","13","Rural","Front-to-Rear","Daylight","Clear","1","0"
"21","210210","2015","5","3","12","Rural","Front-to-Rear","Daylight","Clear","2","0"
"26","260682","2015","10","1","19","Rural","Front-to-Rear","Dusk","Clear","1","0"
"35","350272","2015","12","1","16","Rural","Front-to-Rear","Daylight","Clear","1","0"
"35","350072","2015","4","1","5","Rural","Front-to-Rear","Dark - Not Lighted","Clear","2","0"
"37","371035","2015","11","5","18","Rural","Front-to-Rear","Dusk","Clear","1","0"
"45","450155","2015","3","7","19","Rural","Front-to-Rear","Daylight","Clear","5","0"
"32","320100","2015","6","1","2","Rural","Front-to-Front","Dark - Not Lighted","Clear","1","2"
"40","400055","2015","2","1","2","Rural","Angle","Dark - Not Lighted","Clear","1","1"
"48","481634","2015","7","2","11","Rural","Sideswipe - Same Direction","Daylight","Clear","3","0"
"48","480879","2015","3","5","11","Rural","Not Collision with Motor Vehicle in Transport (Not Necessarily in Transport for 2005-2009)","Daylight","Clear","1","1"
"12","122175","2015","11","1","22","Rural","Front-to-Rear","Dark - Not Lighted","Clear","1","0"
"17","170204","2015","5","1","11","Rural","Sideswipe - Opposite Direction","Daylight","Clear","1","1"
"2","20035","2015","7","6","12","Rural","Front-to-Rear","Daylight","Clear","1","0"
"8","80126","2015","4","4","19","Rural","Not Collision with Motor Vehicle in Transport (Not Necessarily in Transport for 2005-2009)","Daylight","Clear","2","0"
"32","320108","2015","7","1","20","Urban","Front-to-Front","Dark - Lighted","Clear","2","1"
"48","482145","2015","9","2","19","Urban","Angle","Dark - Lighted","Clear","1","0"
"4","40541","2015","8","7","2","Urban","Not Collision with Motor Vehicle in Transport (Not Necessarily in Transport for 2005-2009)","Dark - Not Lighted","Clear","1","2"
"17","170420","2015","6","1","13","Urban","Not Collision with Motor Vehicle in Transport (Not Necessarily in Transport for 2005-2009)","Daylight","Clear","1","0"
"49","490250","2015","12","6","11","Urban","Front-to-Rear","Daylight","Clear","1","0"
"48","481733","2015","4","4","21","Urban","Front-to-Rear","Dark - Lighted","Clear","1","0"
"48","482254","2015","9","4","6","Urban","Front-to-Rear","Daylight","Clear","1","0"
"48","482782","2015","11","2","11","Urban","Front-to-Rear","Daylight","Clear","1","0"
"48","482162","2015","9","4","10","Urban","Front-to-Rear","Daylight","Clear","1","0"
"48","482023","2015","8","2","16","Urban","Front-to-Rear","Daylight","Clear","1","0"
"48","482644","2015","11","5","17","Urban","Front-to-Rear","Dark - Lighted","Clear","1","0"
"41","410053","2015","3","7","15","Urban","Front-to-Rear","Daylight","Clear","1","0"
"1","10343","2015","7","5","13","Urban","Front-to-Rear","Daylight","Clear","1","0"
"12","122470","2015","12","6","5","Urban","Front-to-Rear","Dark - Not Lighted","Clear","1","0"
"8","80389","2015","9","2","16","Urban","Front-to-Rear","Daylight","Clear","1","0"
"26","260561","2015","8","6","16","Urban","Front-to-Rear","Daylight","Clear","1","0"
"47","470389","2015","6","5","19","Urban","Front-to-Rear","Daylight","Clear","6","0"
"42","420363","2015","1","5","13","Urban","Front-to-Rear","Daylight","Clear","1","0"
"42","420648","2015","9","3","7","Urban","Front-to-Rear","Daylight","Clear","1","0"
"42","420710","2015","8","5","7","Urban","Front-to-Rear","Daylight","Clear","1","0"
"49","490046","2015","3","4","23","Urban","Front-to-Front","Dark - Not Lighted","Clear","2","1"
"53","530397","2015","10","3","5","Urban","Front-to-Front","Dark - Lighted","Clear","1","1"
"45","450114","2015","2","4","23","Urban","Front-to-Front","Dark - Not Lighted","Clear","4","1"
"29","290805","2015","12","4","18","Urban","Angle","Dark - Not Lighted","Clear","1","0"
"12","122612","2015","12","4","0","Urban","Sideswipe - Same Direction","Dark - Lighted","Clear","5","1"
"13","130480","2015","5","3","13","Urban","Sideswipe - Same Direction","Daylight","Clear","5","0"
"13","131183","2015","11","5","12","Urban","Sideswipe - Same Direction","Daylight","Clear","1","0"
"5","50342","2015","9","4","7","Urban","Sideswipe - Same Direction","Daylight","Clear","1","0"
"53","530396","2015","10","2","13","Urban","Sideswipe - Same Direction","Daylight","Clear","1","0"
"28","280211","2015","5","1","3","Urban","Sideswipe - Opposite Direction","Dark - Not Lighted","Clear","1","0"
"48","480828","2015","4","4","18","Urban","Rear-to-Side","Daylight","Clear","1","0"
"4","40688","2015","11","7","23","Urban","Front-to-Rear","Dark - Lighted","Clear","1","1"
"26","260461","2015","8","2","15","Urban","Front-to-Rear","Daylight","Clear","1","0"
"26","260894","2015","9","5","14","Urban","Front-to-Rear","Daylight","Clear","1","0"
"9","90227","2015","8","7","5","Urban","Front-to-Rear","Dawn","Clear","2","0"
"35","350031","2015","2","6","9","Urban","Front-to-Rear","Daylight","Clear","1","0"
"48","482737","2015","11","6","19","Urban","Front-to-Rear","Dark - Not Lighted","Clear","1","0"
"39","390122","2015","3","6","21","Urban","Not Collision with Motor Vehicle in Transport (Not Necessarily in Transport for 2005-2009)","Dark - Not Lighted","Clear","1","0"
"48","482929","2015","12","2","22","Urban","Not Collision with Motor Vehicle in Transport (Not Necessarily in Transport for 2005-2009)","Dark - Lighted","Clear","1","0"
"48","480777","2015","4","4","6","Urban","Not Collision with Motor Vehicle in Transport (Not Necessarily in Transport for 2005-2009)","Dark - Lighted","Clear","1","0"
"4","40761","2015","12","1","18","Urban","Not Collision with Motor Vehicle in Transport (Not Necessarily in Transport for 2005-2009)","Dark - Lighted","Clear","1","0"
"10","100006","2015","1","7","21","Urban","Not Collision with Motor Vehicle in Transport (Not Necessarily in Transport for 2005-2009)","Dark - Not Lighted","Clear","1","0"
"47","470750","2015","11","6","16","Rural","Not Collision with Motor Vehicle in Transport (Not Necessarily in Transport for 2005-2009)","Dusk","Clear","2","0"
"29","290129","2015","1","1","14","Urban","Front-to-Front","Daylight","Clear","1","0"
"12","121478","2015","8","4","8","Urban","Angle","Daylight","Clear","1","0"
"32","320119","2015","2","6","15","Urban","Angle","Daylight","Clear","1","0"
"48","480824","2015","4","2","16","Urban","Angle","Daylight","Clear","1","1"
"4","40532","2015","8","3","7","Urban","Not Collision with Motor Vehicle in Transport (Not Necessarily in Transport for 2005-2009)","Daylight","Clear","1","0"
"1","10286","2015","5","7","14","Urban","Angle","Daylight","Clear","1","0"
"13","130729","2015","7","4","16","Urban","Sideswipe - Same Direction","Daylight","Clear","1","1"
"32","320226","2015","8","2","8","Urban","Front-to-Rear","Daylight","Clear","1","0"
"8","80388","2015","9","4","10","Urban","Front-to-Rear","Daylight","Clear","1","0"
"17","170920","2015","9","5","16","Urban","Not Collision with Motor Vehicle in Transport (Not Necessarily in Transport for 2005-2009)","Daylight","Clear","1","0"
"35","350090","2015","5","2","9","Urban","Front-to-Rear","Daylight","Clear","1","0"
"17","170952","2015","6","3","17","Urban","Not Collision with Motor Vehicle in Transport (Not Necessarily in Transport for 2005-2009)","Daylight","Clear","1","0"
"37","370920","2015","9","5","20","Rural","Front-to-Rear","Dark - Not Lighted","Clear","1","0"
"24","240232","2015","7","3","16","Rural","Sideswipe - Same Direction","Daylight","Clear","1","0"
"48","482062","2015","9","1","0","Rural","Sideswipe - Opposite Direction","Dark - Not Lighted","Clear","1","1"
"29","290152","2015","4","4","15","Rural","Front-to-Rear","Daylight","Clear","2","0"
"24","240129","2015","5","1","16","Urban","Front-to-Rear","Daylight","Clear","2","0"
"12","121738","2015","9","5","5","Urban","Angle","Dark - Lighted","Clear","1","0"
"4","40696","2015","11","6","13","Urban","Angle","Daylight","Clear","1","0"
"47","470109","2015","3","2","11","Urban","Front-to-Rear","Daylight","Clear","1","0"
"48","482165","2015","9","6","16","Urban","Front-to-Rear","Daylight","Clear","1","0"
"29","290498","2015","6","6","15","Urban","Front-to-Rear","Daylight","Clear","1","0"
"54","540135","2015","7","6","12","Urban","Front-to-Rear","Daylight","Clear","2","0"
"12","121163","2015","6","3","9","Urban","Front-to-Rear","Daylight","Clear","1","0"
"47","470316","2015","5","6","19","Urban","Front-to-Front","Daylight","Clear","2","0"
"48","481729","2015","7","6","12","Urban","Front-to-Front","Daylight","Clear","1","0"
"12","122187","2015","10","3","16","Urban","Angle","Daylight","Clear","1","0"
"12","120838","2015","5","6","16","Urban","Angle","Daylight","Clear","1","0"
"4","40105","2015","2","5","8","Urban","Sideswipe - Same Direction","Daylight","Clear","2","0"
"42","420772","2015","8","6","12","Urban","Sideswipe - Opposite Direction","Daylight","Clear","2","0"
"49","490027","2015","3","7","10","Urban","Not Collision with Motor Vehicle in Transport (Not Necessarily in Transport for 2005-2009)","Daylight","Clear","1","1"
"12","121101","2015","6","2","16","Urban","Front-to-Rear","Daylight","Clear","1","0"
"5","50319","2015","8","7","21","Urban","Front-to-Rear","Dark - Not Lighted","Clear","1","1"
"34","340189","2015","6","5","10","Urban","Front-to-Rear","Daylight","Clear","1","0"
"41","410225","2015","9","3","19","Urban","Front-to-Rear","Daylight","Clear","1","0"
"12","121984","2015","10","6","9","Urban","Front-to-Rear","Daylight","Clear","2","0"
"53","530442","2015","11","7","21","Urban","Front-to-Rear","Dark - Lighted","Clear","1","0"
"48","482030","2015","9","3","21","Urban","Front-to-Front","Dark - Lighted","Clear","2","0"
"41","410316","2015","6","3","19","Urban","Angle","Daylight","Clear","1","1"
"12","121199","2015","6","7","10","Urban","Sideswipe - Same Direction","Daylight","Clear","1","0"
"34","340174","2015","6","2","6","Urban","Sideswipe - Same Direction","Daylight","Clear","1","0"
"26","260463","2015","7","7","21","Urban","Sideswipe - Same Direction","Dusk","Clear","1","1"
"12","122008","2015","8","1","17","Trafficway Not in State Inventory","Front-to-Rear","Dark - Lighted","Clear","1","0"
"36","360889","2015","11","1","17","Rural","Front-to-Rear","Dark - Not Lighted","Clear","1","0"
"36","360211","2015","4","5","0","Urban","Front-to-Rear","Dark - Lighted","Clear","1","1"
"53","530380","2015","9","5","11","Urban","Angle","Daylight","Clear","5","0"
"34","340025","2015","1","1","22","Urban","Sideswipe - Same Direction","Dark - Not Lighted","Clear","1","0"
"4","40824","2015","12","7","1","Urban","Front-to-Rear","Dark - Lighted","Clear","1","0"
"1","10141","2015","4","5","16","Rural","Front-to-Rear","Daylight","Clear","1","0"
"48","481257","2015","6","2","14","Rural","Front-to-Rear","Daylight","Cloudy","1","0"
"48","481333","2015","6","4","15","Rural","Front-to-Rear","Daylight","Cloudy","2","0"
"40","400365","2015","7","6","16","Rural","Front-to-Rear","Daylight","Cloudy","1","0"
"51","510261","2015","6","5","16","Rural","Front-to-Rear","Daylight","Cloudy","1","0"
"12","122252","2015","11","4","17","Urban","Not Collision with Motor Vehicle in Transport (Not Necessarily in Transport for 2005-2009)","Dusk","Cloudy","1","0"
"12","120307","2015","3","3","13","Urban","Front-to-Rear","Daylight","Cloudy","2","0"
"39","390552","2015","7","6","14","Urban","Sideswipe - Same Direction","Daylight","Cloudy","1","0"
"55","550048","2015","1","6","20","Urban","Front-to-Front","Dark - Lighted","Cloudy","1","1"
"48","480330","2015","2","2","15","Urban","Front-to-Rear","Daylight","Cloudy","1","0"
"1","10034","2015","1","5","14","Urban","Front-to-Rear","Daylight","Cloudy","1","1"
"13","130538","2015","6","5","15","Urban","Front-to-Front","Daylight","Cloudy","1","0"
"10","100011","2015","2","3","7","Rural","Sideswipe - Same Direction","Daylight","Cloudy","1","0"
"53","530487","2015","12","1","17","Rural","Sideswipe - Opposite Direction","Dark - Not Lighted","Cloudy","1","2"
"18","180053","2015","1","3","20","Urban","Front-to-Front","Dark - Not Lighted","Cloudy","1","1"
"18","180748","2015","12","2","7","Rural","Front-to-Rear","Daylight","Cloudy","1","0"
"40","400245","2015","4","7","11","Rural","Angle","Daylight","Cloudy","1","1"
"26","260360","2015","7","3","16","Rural","Sideswipe - Opposite Direction","Daylight","Cloudy","2","1"
"22","220440","2015","9","6","11","Urban","Angle","Daylight","Cloudy","1","1"
"13","130979","2015","10","2","12","Urban","Not Collision with Motor Vehicle in Transport (Not Necessarily in Transport for 2005-2009)","Daylight","Cloudy","1","0"
"12","121843","2015","9","2","18","Urban","Front-to-Rear","Daylight","Cloudy","1","0"
"12","120938","2015","5","2","11","Urban","Front-to-Rear","Daylight","Cloudy","1","0"
"29","290420","2015","6","6","16","Urban","Front-to-Rear","Daylight","Cloudy","1","0"
"48","482668","2015","11","3","16","Urban","Sideswipe - Opposite Direction","Daylight","Cloudy","2","0"
"48","481149","2015","4","5","7","Urban","Other (End-Swipes and Others)","Dawn","Cloudy","1","0"
"37","371097","2015","11","3","9","Urban","Front-to-Rear","Daylight","Cloudy","1","0"
"48","482373","2015","10","5","18","Urban","Front-to-Rear","Daylight","Cloudy","1","1"
"36","360883","2015","11","5","19","Urban","Angle","Dark - Lighted","Cloudy","1","0"
"21","210070","2015","2","2","7","Rural","Not Collision with Motor Vehicle in Transport (Not Necessarily in Transport for 2005-2009)","Daylight","Cloudy","1","0"
"1","10095","2015","3","2","8","Rural","Front-to-Rear","Daylight","Fog, Smog, Smoke","3","0"
"18","180125","2015","3","3","21","Rural","Front-to-Rear","Dark - Not Lighted","Fog, Smog, Smoke","1","0"
"13","130199","2015","3","2","6","Rural","Sideswipe - Same Direction","Daylight","Fog, Smog, Smoke","1","0"
"5","50474","2015","12","2","23","Rural","Front-to-Rear","Dark - Not Lighted","Fog, Smog, Smoke","2","0"
"38","380091","2015","9","6","8","Rural","Angle","Daylight","Fog, Smog, Smoke","1","0"
"48","482627","2015","11","3","6","Rural","Sideswipe - Opposite Direction","Dawn","Fog, Smog, Smoke","2","0"
"38","380097","2015","10","2","8","Rural","Front-to-Rear","Dark - Not Lighted","Fog, Smog, Smoke","1","0"
"29","290093","2015","2","6","20","Rural","Not Collision with Motor Vehicle in Transport (Not Necessarily in Transport for 2005-2009)","Dark - Not Lighted","Sleet, Hail","1","0"
"36","360003","2015","1","7","16","Rural","Not Collision with Motor Vehicle in Transport (Not Necessarily in Transport for 2005-2009)","Dark - Not Lighted","Sleet, Hail","1","0"
"18","180008","2015","1","7","8","Rural","Not Collision with Motor Vehicle in Transport (Not Necessarily in Transport for 2005-2009)","Daylight","Sleet, Hail","1","0"
"41","410312","2015","11","7","","Rural","Not Collision with Motor Vehicle in Transport (Not Necessarily in Transport for 2005-2009)","Non documente","Sleet, Hail","1","1"
"26","260865","2015","12","5","","Rural","Not Collision with Motor Vehicle in Transport (Not Necessarily in Transport for 2005-2009)","Dark - Not Lighted","Severe Crosswinds","1","1"
"29","290068","2015","2","1","19","Rural","Not Collision with Motor Vehicle in Transport (Not Necessarily in Transport for 2005-2009)","Dark - Not Lighted","Sleet, Hail","1","0"
"29","290010","2015","1","7","2","Rural","Not Collision with Motor Vehicle in Transport (Not Necessarily in Transport for 2005-2009)","Dark - Not Lighted","Other","1","0"
"51","510636","2015","10","3","4","Rural","Not Collision with Motor Vehicle in Transport (Not Necessarily in Transport for 2005-2009)","Dark - Not Lighted","Other","1","1"
"42","421013","2015","11","6","16","Rural","Not Collision with Motor Vehicle in Transport (Not Necessarily in Transport for 2005-2009)","Daylight","Other","1","0"
"18","180286","2015","2","3","14","Rural","Not Collision with Motor Vehicle in Transport (Not Necessarily in Transport for 2005-2009)","Daylight","Blowing Snow","1","0"
"36","360081","2015","1","1","10","Rural","Not Collision with Motor Vehicle in Transport (Not Necessarily in Transport for 2005-2009)","Daylight","Freezing Rain or Drizzle","1","0"
"20","200021","2015","1","7","3","Rural","Not Collision with Motor Vehicle in Transport (Not Necessarily in Transport for 2005-2009)","Dark - Not Lighted","Freezing Rain or Drizzle","1","0"
"20","200299","2015","11","6","14","Rural","Not Collision with Motor Vehicle in Transport (Not Necessarily in Transport for 2005-2009)","Daylight","Freezing Rain or Drizzle","2","0"
"41","410412","2015","12","7","15","Rural","Not Collision with Motor Vehicle in Transport (Not Necessarily in Transport for 2005-2009)","Daylight","Non documente","1","1"
"27","270339","2015","11","2","15","Rural","Not Collision with Motor Vehicle in Transport (Not Necessarily in Transport for 2005-2009)","Non documente","Non documente","1","0"
"38","380015","2015","3","6","19","Rural","Not Collision with Motor Vehicle in Transport (Not Necessarily in Transport for 2005-2009)","Dark - Not Lighted","Non documente","1","0"
"45","450402","2015","6","1","15","Rural","Not Collision with Motor Vehicle in Transport (Not Necessarily in Transport for 2005-2009)","Daylight","Non documente","1","0"
"27","270340","2015","11","6","21","Rural","Not Collision with Motor Vehicle in Transport (Not Necessarily in Transport for 2005-2009)","Non documente","Non documente","1","1"
"28","280249","2015","6","4","12","Rural","Not Collision with Motor Vehicle in Transport (Not Necessarily in Transport for 2005-2009)","Daylight","Non documente","1","0"
"41","410022","2015","1","6","10","Rural","Not Collision with Motor Vehicle in Transport (Not Necessarily in Transport for 2005-2009)","Daylight","Non documente","1","0"
"22","220724","2015","6","1","1","Rural","Not Collision with Motor Vehicle in Transport (Not Necessarily in Transport for 2005-2009)","Dark - Unknown Lighting","Non documente","1","0"
"51","510709","2015","11","1","22","Rural","Not Collision with Motor Vehicle in Transport (Not Necessarily in Transport for 2005-2009)","Dark - Lighted","Other","1","0"
"26","260529","2015","8","7","3","Rural","Not Collision with Motor Vehicle in Transport (Not Necessarily in Transport for 2005-2009)","Other","Other","1","1"
"22","220726","2015","4","5","","Rural","Not Collision with Motor Vehicle in Transport (Not Necessarily in Transport for 2005-2009)","Dark - Unknown Lighting","Non documente","1","0"
"40","400581","2015","11","7","10","Urban","Not Collision with Motor Vehicle in Transport (Not Necessarily in Transport for 2005-2009)","Daylight","Sleet, Hail","1","1"
"12","121405","2015","7","5","9","Urban","Not Collision with Motor Vehicle in Transport (Not Necessarily in Transport for 2005-2009)","Non documente","Non documente","1","1"
"13","131265","2015","11","4","14","Urban","Not Collision with Motor Vehicle in Transport (Not Necessarily in Transport for 2005-2009)","Daylight","Non documente","1","0"
"17","170140","2015","4","7","10","Urban","Not Collision with Motor Vehicle in Transport (Not Necessarily in Transport for 2005-2009)","Daylight","Non documente","1","1"
"22","220722","2015","2","1","16","Urban","Not Collision with Motor Vehicle in Transport (Not Necessarily in Transport for 2005-2009)","Daylight","Non documente","1","0"
"25","250332","2015","7","7","19","Urban","Not Collision with Motor Vehicle in Transport (Not Necessarily in Transport for 2005-2009)","Non documente","Non documente","1","0"
"36","360185","2015","3","7","3","Urban","Not Collision with Motor Vehicle in Transport (Not Necessarily in Transport for 2005-2009)","Dark - Lighted","Sleet, Hail","2","1"
"25","250305","2015","5","7","4","Urban","Not Collision with Motor Vehicle in Transport (Not Necessarily in Transport for 2005-2009)","Non documente","Non documente","1","1"
"42","420110","2015","1","7","8","Rural","Not Collision with Motor Vehicle in Transport (Not Necessarily in Transport for 2005-2009)","Daylight","Other","1","0"
"35","350210","2015","6","2","1","Rural","Not Collision with Motor Vehicle in Transport (Not Necessarily in Transport for 2005-2009)","Dark - Not Lighted","Non documente","1","0"
"37","370071","2015","1","7","2","Urban","Not Collision with Motor Vehicle in Transport (Not Necessarily in Transport for 2005-2009)","Dark - Not Lighted","Sleet, Hail","1","0"
"18","180278","2015","5","6","22","Urban","Not Collision with Motor Vehicle in Transport (Not Necessarily in Transport for 2005-2009)","Dark - Not Lighted","Non documente","1","0"
"36","360810","2015","10","5","19","Urban","Not Collision with Motor Vehicle in Transport (Not Necessarily in Transport for 2005-2009)","Dark - Lighted","Non documente","1","0"
"36","360926","2015","12","1","15","Urban","Not Collision with Motor Vehicle in Transport (Not Necessarily in Transport for 2005-2009)","Daylight","Non documente","1","1"
"36","360640","2015","8","2","4","Urban","Not Collision with Motor Vehicle in Transport (Not Necessarily in Transport for 2005-2009)","Dark - Lighted","Non documente","1","0"
"24","240388","2015","11","1","12","Urban","Not Collision with Motor Vehicle in Transport (Not Necessarily in Transport for 2005-2009)","Daylight","Non documente","1","0"
"36","360242","2015","4","6","11","Urban","Not Collision with Motor Vehicle in Transport (Not Necessarily in Transport for 2005-2009)","Daylight","Sleet, Hail","1","0"
"23","230145","2015","12","3","18","Rural","Not Collision with Motor Vehicle in Transport (Not Necessarily in Transport for 2005-2009)","Dark - Not Lighted","Sleet, Hail","1","0"
"48","480087","2015","1","7","7","Rural","Not Collision with Motor Vehicle in Transport (Not Necessarily in Transport for 2005-2009)","Dawn","Sleet, Hail","1","0"
"21","210035","2015","1","6","16","Rural","Not Collision with Motor Vehicle in Transport (Not Necessarily in Transport for 2005-2009)","Daylight","Sleet, Hail","1","0"
"40","400066","2015","2","2","13","Rural","Not Collision with Motor Vehicle in Transport (Not Necessarily in Transport for 2005-2009)","Daylight","Sleet, Hail","1","0"
"47","470120","2015","2","6","13","Rural","Not Collision with Motor Vehicle in Transport (Not Necessarily in Transport for 2005-2009)","Non documente","Sleet, Hail","1","0"
"55","550462","2015","12","3","0","Rural","Not Collision with Motor Vehicle in Transport (Not Necessarily in Transport for 2005-2009)","Dark - Not Lighted","Sleet, Hail","1","0"
"48","482753","2015","11","2","11","Rural","Not Collision with Motor Vehicle in Transport (Not Necessarily in Transport for 2005-2009)","Daylight","Severe Crosswinds","1","0"
"17","170742","2015","10","7","9","Rural","Not Collision with Motor Vehicle in Transport (Not Necessarily in Transport for 2005-2009)","Daylight","Severe Crosswinds","1","0"
"37","370319","2015","4","5","19","Rural","Not Collision with Motor Vehicle in Transport (Not Necessarily in Transport for 2005-2009)","Daylight","Severe Crosswinds","1","0"
"35","350079","2015","5","7","12","Rural","Not Collision with Motor Vehicle in Transport (Not Necessarily in Transport for 2005-2009)","Daylight","Other","1","0"
"35","350094","2015","6","3","7","Rural","Not Collision with Motor Vehicle in Transport (Not Necessarily in Transport for 2005-2009)","Dawn","Other","1","0"
"56","560003","2015","1","1","8","Rural","Not Collision with Motor Vehicle in Transport (Not Necessarily in Transport for 2005-2009)","Daylight","Blowing Snow","1","0"
"46","460114","2015","12","5","9","Rural","Not Collision with Motor Vehicle in Transport (Not Necessarily in Transport for 2005-2009)","Daylight","Blowing Snow","1","0"
"5","50009","2015","1","1","5","Rural","Not Collision with Motor Vehicle in Transport (Not Necessarily in Transport for 2005-2009)","Dark - Not Lighted","Freezing Rain or Drizzle","1","0"
"38","380112","2015","12","2","6","Rural","Not Collision with Motor Vehicle in Transport (Not Necessarily in Transport for 2005-2009)","Dawn","Freezing Rain or Drizzle","1","0"
"24","240045","2015","3","1","18","Urban","Not Collision with Motor Vehicle in Transport (Not Necessarily in Transport for 2005-2009)","Dark - Not Lighted","Sleet, Hail","1","1"
"49","490050","2015","3","3","14","Urban","Not Collision with Motor Vehicle in Transport (Not Necessarily in Transport for 2005-2009)","Daylight","Sleet, Hail","1","0"
"51","510089","2015","3","5","13","Urban","Not Collision with Motor Vehicle in Transport (Not Necessarily in Transport for 2005-2009)","Daylight","Sleet, Hail","1","0"
"22","220017","2015","1","7","3","Urban","Not Collision with Motor Vehicle in Transport (Not Necessarily in Transport for 2005-2009)","Other","Other","1","1"
"46","460006","2015","1","7","15","Urban","Not Collision with Motor Vehicle in Transport (Not Necessarily in Transport for 2005-2009)","Daylight","Freezing Rain or Drizzle","1","0"
"12","122013","2015","9","2","5","Urban","Not Collision with Motor Vehicle in Transport (Not Necessarily in Transport for 2005-2009)","Dark - Not Lighted","Non documente","1","0"
"24","240140","2015","5","1","23","Urban","Not Collision with Motor Vehicle in Transport (Not Necessarily in Transport for 2005-2009)","Dark - Not Lighted","Non documente","1","0"
"25","250212","2015","11","5","6","Urban","Not Collision with Motor Vehicle in Transport (Not Necessarily in Transport for 2005-2009)","Dawn","Non documente","1","0"
"51","510014","2015","1","4","5","Urban","Not Collision with Motor Vehicle in Transport (Not Necessarily in Transport for 2005-2009)","Dawn","Sleet, Hail","1","0"
"51","510088","2015","3","1","15","Urban","Not Collision with Motor Vehicle in Transport (Not Necessarily in Transport for 2005-2009)","Daylight","Sleet, Hail","1","0"
"13","130800","2015","8","4","22","Urban","Not Collision with Motor Vehicle in Transport (Not Necessarily in Transport for 2005-2009)","Dark - Not Lighted","Other","1","0"
"17","170884","2015","12","2","6","Urban","Not Collision with Motor Vehicle in Transport (Not Necessarily in Transport for 2005-2009)","Daylight","Sleet, Hail","1","0"
"18","180039","2015","1","3","2","Rural","Not Collision with Motor Vehicle in Transport (Not Necessarily in Transport for 2005-2009)","Dark - Not Lighted","Sleet, Hail","1","0"