"state_number","consecutive_number","year_of_crash","month_of_crash","day_of_week","hour_of_crash","land_use_name","manner_of_collision_name","light_condition_name","atmospheric_conditions_name","number_of_fatalities","number_of_drunk_drivers"
"17","170862","2015","12","1","21","Urban","Not Collision with Motor Vehicle in Transport (Not Necessarily in Transport for 2005-2009)","Dark - Not Lighted","Rain","1","0"
"40","400516","2015","11","6","23","Urban","Not Collision with Motor Vehicle in Transport (Not Necessarily in Transport for 2005-2009)","Dark - Not Lighted","Rain","1","1"
"40","400272","2015","3","4","19","Urban","Not Collision with Motor Vehicle in Transport (Not Necessarily in Transport for 2005-2009)","Daylight","Rain","1","0"
"22","220016","2015","1","6","19","Urban","Not Collision with Motor Vehicle in Transport (Not Necessarily in Transport for 2005-2009)","Dark - Lighted","Rain","2","0"
"55","550099","2015","4","5","5","Urban","Not Collision with Motor Vehicle in Transport (Not Necessarily in Transport for 2005-2009)","Dark - Lighted","Rain","1","0"
"53","530363","2015","9","4","23","Urban","Not Collision with Motor Vehicle in Transport (Not Necessarily in Transport for 2005-2009)","Dark - Lighted","Rain","1","1"
"48","480388","2015","1","7","16","Urban","Not Collision with Motor Vehicle in Transport (Not Necessarily in Transport for 2005-2009)","Daylight","Rain","1","0"
"55","550187","2015","5","1","20","Urban","Not Collision with Motor Vehicle in Transport (Not Necessarily in Transport for 2005-2009)","Dark - Lighted","Rain","1","0"
"32","320072","2015","4","7","0","Urban","Not Collision with Motor Vehicle in Transport (Not Necessarily in Transport for 2005-2009)","Dark - Lighted","Rain","1","1"
"5","50395","2015","10","2","11","Urban","Not Collision with Motor Vehicle in Transport (Not Necessarily in Transport for 2005-2009)","Daylight","Rain","1","0"
"34","340496","2015","12","5","8","Urban","Not Collision with Motor Vehicle in Transport (Not Necessarily in Transport for 2005-2009)","Daylight","Rain","1","0"
"34","340388","2015","11","6","5","Urban","Not Collision with Motor Vehicle in Transport (Not Necessarily in Transport for 2005-2009)","Dark - Lighted","Rain","1","1"
"34","340082","2015","4","3","13","Urban","Not Collision with Motor Vehicle in Transport (Not Necessarily in Transport for 2005-2009)","Daylight","Rain","1","0"
"25","250184","2015","4","2","18","Urban","Not Collision with Motor Vehicle in Transport (Not Necessarily in Transport for 2005-2009)","Daylight","Rain","1","1"
"27","270177","2015","7","2","11","Urban","Not Collision with Motor Vehicle in Transport (Not Necessarily in Transport for 2005-2009)","Daylight","Rain","1","0"
"10","100107","2015","10","6","0","Urban","Not Collision with Motor Vehicle in Transport (Not Necessarily in Transport for 2005-2009)","Dark - Lighted","Rain","1","1"
"48","483182","2015","5","6","3","Urban","Not Collision with Motor Vehicle in Transport (Not Necessarily in Transport for 2005-2009)","Dark - Not Lighted","Rain","1","0"
"34","340446","2015","11","2","22","Rural","Not Collision with Motor Vehicle in Transport (Not Necessarily in Transport for 2005-2009)","Dark - Lighted","Rain","1","0"
"51","510666","2015","12","3","7","Rural","Not Collision with Motor Vehicle in Transport (Not Necessarily in Transport for 2005-2009)","Dawn","Rain","1","0"
"48","481081","2015","4","5","20","Rural","Not Collision with Motor Vehicle in Transport (Not Necessarily in Transport for 2005-2009)","Dark - Lighted","Rain","1","0"
"1","10728","2015","10","7","1","Rural","Not Collision with Motor Vehicle in Transport (Not Necessarily in Transport for 2005-2009)","Dark - Not Lighted","Rain","1","0"
"4","40050","2015","1","1","20","Rural","Not Collision with Motor Vehicle in Transport (Not Necessarily in Transport for 2005-2009)","Dark - Not Lighted","Rain","1","0"
"4","40001","2015","1","5","5","Rural","Not Collision with Motor Vehicle in Transport (Not Necessarily in Transport for 2005-2009)","Dark - Not Lighted","Rain","1","0"
"13","130178","2015","2","4","20","Rural","Not Collision with Motor Vehicle in Transport (Not Necessarily in Transport for 2005-2009)","Dark - Not Lighted","Rain","1","0"
"13","131127","2015","11","2","19","Rural","Not Collision with Motor Vehicle in Transport (Not Necessarily in Transport for 2005-2009)","Dark - Not Lighted","Rain","1","0"
"47","470844","2015","12","4","22","Rural","Not Collision with Motor Vehicle in Transport (Not Necessarily in Transport for 2005-2009)","Dark - Lighted","Rain","1","0"
"28","280071","2015","2","7","19","Rural","Not Collision with Motor Vehicle in Transport (Not Necessarily in Transport for 2005-2009)","Dark - Lighted","Rain","1","0"
"28","280484","2015","11","1","5","Rural","Not Collision with Motor Vehicle in Transport (Not Necessarily in Transport for 2005-2009)","Dark - Not Lighted","Rain","1","0"
"42","420888","2015","11","2","17","Rural","Not Collision with Motor Vehicle in Transport (Not Necessarily in Transport for 2005-2009)","Dark - Lighted","Rain","1","0"
"45","450618","2015","9","5","6","Rural","Not Collision with Motor Vehicle in Transport (Not Necessarily in Transport for 2005-2009)","Dark - Unknown Lighting","Rain","1","0"
"26","260166","2015","4","2","1","Rural","Not Collision with Motor Vehicle in Transport (Not Necessarily in Transport for 2005-2009)","Dark - Lighted","Rain","1","0"
"26","260719","2015","10","4","7","Rural","Not Collision with Motor Vehicle in Transport (Not Necessarily in Transport for 2005-2009)","Dark - Not Lighted","Rain","1","0"
"1","10565","2015","10","6","22","Rural","Not Collision with Motor Vehicle in Transport (Not Necessarily in Transport for 2005-2009)","Dark - Lighted","Rain","1","0"
"10","100094","2015","10","7","2","Rural","Not Collision with Motor Vehicle in Transport (Not Necessarily in Transport for 2005-2009)","Dark - Not Lighted","Rain","1","1"
"53","530509","2015","12","5","18","Rural","Not Collision with Motor Vehicle in Transport (Not Necessarily in Transport for 2005-2009)","Dark - Not Lighted","Rain","1","0"
"31","310180","2015","11","5","2","Rural","Not Collision with Motor Vehicle in Transport (Not Necessarily in Transport for 2005-2009)","Dark - Not Lighted","Rain","1","1"
"5","50500","2015","10","5","20","Urban","Not Collision with Motor Vehicle in Transport (Not Necessarily in Transport for 2005-2009)","Dark - Not Lighted","Rain","1","0"
"13","131304","2015","12","5","19","Urban","Not Collision with Motor Vehicle in Transport (Not Necessarily in Transport for 2005-2009)","Dark - Lighted","Rain","1","0"
"42","421017","2015","11","7","17","Urban","Not Collision with Motor Vehicle in Transport (Not Necessarily in Transport for 2005-2009)","Dark - Lighted","Rain","1","0"
"42","420985","2015","10","5","22","Urban","Not Collision with Motor Vehicle in Transport (Not Necessarily in Transport for 2005-2009)","Dark - Lighted","Rain","1","1"
"45","450890","2015","12","4","19","Urban","Not Collision with Motor Vehicle in Transport (Not Necessarily in Transport for 2005-2009)","Dark - Lighted","Rain","1","0"
"45","450455","2015","1","6","7","Urban","Not Collision with Motor Vehicle in Transport (Not Necessarily in Transport for 2005-2009)","Dawn","Rain","1","0"
"34","340378","2015","10","6","19","Urban","Not Collision with Motor Vehicle in Transport (Not Necessarily in Transport for 2005-2009)","Dark - Lighted","Rain","1","0"
"1","10585","2015","10","2","5","Urban","Not Collision with Motor Vehicle in Transport (Not Necessarily in Transport for 2005-2009)","Dark - Lighted","Rain","1","0"
"4","40342","2015","5","6","22","Urban","Not Collision with Motor Vehicle in Transport (Not Necessarily in Transport for 2005-2009)","Dark - Lighted","Rain","1","0"
"4","40689","2015","11","1","6","Urban","Not Collision with Motor Vehicle in Transport (Not Necessarily in Transport for 2005-2009)","Dark - Lighted","Rain","1","0"
"22","220114","2015","3","5","3","Urban","Not Collision with Motor Vehicle in Transport (Not Necessarily in Transport for 2005-2009)","Dark - Lighted","Rain","1","0"
"34","340324","2015","9","3","22","Urban","Not Collision with Motor Vehicle in Transport (Not Necessarily in Transport for 2005-2009)","Dark - Lighted","Rain","1","0"
"53","530458","2015","11","2","19","Urban","Not Collision with Motor Vehicle in Transport (Not Necessarily in Transport for 2005-2009)","Dark - Lighted","Rain","1","0"
"53","530483","2015","12","5","15","Urban","Not Collision with Motor Vehicle in Transport (Not Necessarily in Transport for 2005-2009)","Daylight","Rain","1","0"
"25","250270","2015","10","6","19","Urban","Not Collision with Motor Vehicle in Transport (Not Necessarily in Transport for 2005-2009)","Dark - Not Lighted","Rain","1","0"
"51","510115","2015","3","4","6","Urban","Not Collision with Motor Vehicle in Transport (Not Necessarily in Transport for 2005-2009)","Dark - Lighted","Rain","1","0"
"28","280530","2015","12","3","20","Urban","Not Collision with Motor Vehicle in Transport (Not Necessarily in Transport for 2005-2009)","Dark - Not Lighted","Rain","1","0"
"33","330091","2015","12","5","6","Urban","Not Collision with Motor Vehicle in Transport (Not Necessarily in Transport for 2005-2009)","Dark - Not Lighted","Rain","1","0"
"45","450297","2015","4","7","22","Urban","Not Collision with Motor Vehicle in Transport (Not Necessarily in Transport for 2005-2009)","Dark - Lighted","Rain","1","0"
"13","130322","2015","4","7","1","Urban","Not Collision with Motor Vehicle in Transport (Not Necessarily in Transport for 2005-2009)","Dark - Not Lighted","Rain","1","0"
"13","130272","2015","3","1","2","Urban","Not Collision with Motor Vehicle in Transport (Not Necessarily in Transport for 2005-2009)","Dark - Lighted","Rain","1","0"
"13","131093","2015","10","3","1","Urban","Not Collision with Motor Vehicle in Transport (Not Necessarily in Transport for 2005-2009)","Dark - Not Lighted","Rain","1","0"
"13","130386","2015","4","4","21","Urban","Not Collision with Motor Vehicle in Transport (Not Necessarily in Transport for 2005-2009)","Dark - Not Lighted","Rain","1","0"
"13","131064","2015","10","3","21","Urban","Not Collision with Motor Vehicle in Transport (Not Necessarily in Transport for 2005-2009)","Dark - Lighted","Rain","1","0"
"13","130038","2015","1","3","18","Urban","Not Collision with Motor Vehicle in Transport (Not Necessarily in Transport for 2005-2009)","Dark - Lighted","Rain","1","0"
"17","170724","2015","6","4","10","Urban","Not Collision with Motor Vehicle in Transport (Not Necessarily in Transport for 2005-2009)","Daylight","Rain","1","0"
"17","170793","2015","11","3","20","Urban","Not Collision with Motor Vehicle in Transport (Not Necessarily in Transport for 2005-2009)","Dark - Lighted","Rain","1","0"
"21","210579","2015","11","2","18","Urban","Not Collision with Motor Vehicle in Transport (Not Necessarily in Transport for 2005-2009)","Dark - Lighted","Rain","1","0"
"24","240095","2015","4","1","23","Urban","Not Collision with Motor Vehicle in Transport (Not Necessarily in Transport for 2005-2009)","Dark - Not Lighted","Rain","1","0"
"36","360905","2015","11","7","18","Urban","Not Collision with Motor Vehicle in Transport (Not Necessarily in Transport for 2005-2009)","Dark - Lighted","Rain","1","0"
"22","220547","2015","11","2","5","Urban","Not Collision with Motor Vehicle in Transport (Not Necessarily in Transport for 2005-2009)","Dark - Not Lighted","Rain","1","0"
"27","270252","2015","9","4","3","Urban","Not Collision with Motor Vehicle in Transport (Not Necessarily in Transport for 2005-2009)","Dark - Unknown Lighting","Rain","1","0"
"42","420453","2015","6","1","3","Urban","Not Collision with Motor Vehicle in Transport (Not Necessarily in Transport for 2005-2009)","Dark - Lighted","Rain","1","1"
"42","421014","2015","11","5","20","Urban","Not Collision with Motor Vehicle in Transport (Not Necessarily in Transport for 2005-2009)","Dark - Lighted","Rain","1","0"
"37","371077","2015","11","2","17","Urban","Not Collision with Motor Vehicle in Transport (Not Necessarily in Transport for 2005-2009)","Dark - Lighted","Rain","1","0"
"45","450851","2015","11","1","17","Urban","Not Collision with Motor Vehicle in Transport (Not Necessarily in Transport for 2005-2009)","Dark - Not Lighted","Rain","1","0"
"45","450287","2015","3","6","8","Urban","Not Collision with Motor Vehicle in Transport (Not Necessarily in Transport for 2005-2009)","Daylight","Rain","1","0"
"45","450512","2015","8","5","22","Urban","Not Collision with Motor Vehicle in Transport (Not Necessarily in Transport for 2005-2009)","Dark - Not Lighted","Rain","1","0"
"39","390441","2015","6","7","0","Urban","Not Collision with Motor Vehicle in Transport (Not Necessarily in Transport for 2005-2009)","Dark - Not Lighted","Rain","1","0"
"48","480464","2015","3","2","6","Urban","Not Collision with Motor Vehicle in Transport (Not Necessarily in Transport for 2005-2009)","Dark - Not Lighted","Rain","1","0"
"24","240122","2015","4","3","14","Urban","Not Collision with Motor Vehicle in Transport (Not Necessarily in Transport for 2005-2009)","Daylight","Rain","1","0"
"26","260390","2015","7","6","5","Urban","Not Collision with Motor Vehicle in Transport (Not Necessarily in Transport for 2005-2009)","Dark - Not Lighted","Rain","1","0"
"27","270312","2015","10","3","21","Urban","Not Collision with Motor Vehicle in Transport (Not Necessarily in Transport for 2005-2009)","Dark - Lighted","Rain","1","0"
"27","270313","2015","10","4","7","Urban","Not Collision with Motor Vehicle in Transport (Not Necessarily in Transport for 2005-2009)","Dawn","Rain","1","0"
"37","370574","2015","6","1","1","Urban","Not Collision with Motor Vehicle in Transport (Not Necessarily in Transport for 2005-2009)","Dark - Not Lighted","Rain","1","0"
"18","180632","2015","10","2","21","Urban","Not Collision with Motor Vehicle in Transport (Not Necessarily in Transport for 2005-2009)","Dark - Not Lighted","Rain","1","0"
"19","190187","2015","9","3","6","Urban","Not Collision with Motor Vehicle in Transport (Not Necessarily in Transport for 2005-2009)","Dark - Lighted","Rain","1","0"
"48","483123","2015","12","7","23","Urban","Not Collision with Motor Vehicle in Transport (Not Necessarily in Transport for 2005-2009)","Dark - Lighted","Rain","1","0"
"41","410024","2015","2","5","18","Urban","Not Collision with Motor Vehicle in Transport (Not Necessarily in Transport for 2005-2009)","Dark - Not Lighted","Rain","1","0"
"13","130039","2015","1","3","21","Urban","Not Collision with Motor Vehicle in Transport (Not Necessarily in Transport for 2005-2009)","Dark - Not Lighted","Rain","1","0"
"26","260864","2015","12","7","16","Urban","Not Collision with Motor Vehicle in Transport (Not Necessarily in Transport for 2005-2009)","Dark - Lighted","Rain","1","0"
"26","260147","2015","4","5","21","Urban","Not Collision with Motor Vehicle in Transport (Not Necessarily in Transport for 2005-2009)","Dark - Lighted","Rain","1","0"
"26","260872","2015","12","4","18","Urban","Not Collision with Motor Vehicle in Transport (Not Necessarily in Transport for 2005-2009)","Dark - Lighted","Rain","1","0"
"26","260769","2015","11","4","18","Urban","Not Collision with Motor Vehicle in Transport (Not Necessarily in Transport for 2005-2009)","Dark - Lighted","Rain","1","0"
"29","290517","2015","8","1","2","Urban","Not Collision with Motor Vehicle in Transport (Not Necessarily in Transport for 2005-2009)","Dark - Lighted","Rain","1","1"
"40","400198","2015","5","4","23","Urban","Not Collision with Motor Vehicle in Transport (Not Necessarily in Transport for 2005-2009)","Dark - Lighted","Rain","1","0"
"22","220543","2015","11","1","22","Urban","Not Collision with Motor Vehicle in Transport (Not Necessarily in Transport for 2005-2009)","Dark - Lighted","Rain","1","1"
"47","470858","2015","12","3","","Urban","Not Collision with Motor Vehicle in Transport (Not Necessarily in Transport for 2005-2009)","Dark - Lighted","Rain","1","0"
"47","470023","2015","1","7","17","Urban","Not Collision with Motor Vehicle in Transport (Not Necessarily in Transport for 2005-2009)","Dark - Lighted","Rain","1","0"
"47","470060","2015","1","6","20","Urban","Not Collision with Motor Vehicle in Transport (Not Necessarily in Transport for 2005-2009)","Dark - Lighted","Rain","1","0"
"47","470125","2015","3","2","20","Urban","Not Collision with Motor Vehicle in Transport (Not Necessarily in Transport for 2005-2009)","Dark - Lighted","Rain","1","0"
"55","550081","2015","3","4","5","Urban","Not Collision with Motor Vehicle in Transport (Not Necessarily in Transport for 2005-2009)","Dark - Lighted","Rain","1","0"
"55","550152","2015","5","6","20","Urban","Not Collision with Motor Vehicle in Transport (Not Necessarily in Transport for 2005-2009)","Dark - Lighted","Rain","1","1"
"48","483089","2015","12","7","23","Urban","Not Collision with Motor Vehicle in Transport (Not Necessarily in Transport for 2005-2009)","Dark - Not Lighted","Rain","1","0"
"26","260885","2015","12","2","8","Urban","Not Collision with Motor Vehicle in Transport (Not Necessarily in Transport for 2005-2009)","Dawn","Rain","1","0"
"36","360213","2015","4","5","22","Urban","Not Collision with Motor Vehicle in Transport (Not Necessarily in Transport for 2005-2009)","Dark - Lighted","Rain","1","0"
"39","390976","2015","12","3","15","Urban","Not Collision with Motor Vehicle in Transport (Not Necessarily in Transport for 2005-2009)","Daylight","Rain","1","0"
"12","120182","2015","2","4","20","Urban","Not Collision with Motor Vehicle in Transport (Not Necessarily in Transport for 2005-2009)","Dark - Lighted","Rain","1","1"
"13","131117","2015","11","7","18","Urban","Not Collision with Motor Vehicle in Transport (Not Necessarily in Transport for 2005-2009)","Dark - Lighted","Rain","1","1"
"22","220451","2015","5","3","3","Urban","Not Collision with Motor Vehicle in Transport (Not Necessarily in Transport for 2005-2009)","Dark - Not Lighted","Rain","1","0"
"9","90189","2015","6","7","21","Urban","Not Collision with Motor Vehicle in Transport (Not Necessarily in Transport for 2005-2009)","Dark - Lighted","Rain","1","0"
"15","150078","2015","11","5","6","Urban","Not Collision with Motor Vehicle in Transport (Not Necessarily in Transport for 2005-2009)","Dawn","Rain","1","0"
"51","510654","2015","11","1","22","Urban","Not Collision with Motor Vehicle in Transport (Not Necessarily in Transport for 2005-2009)","Dark - Lighted","Rain","1","0"
"34","340418","2015","11","5","19","Urban","Not Collision with Motor Vehicle in Transport (Not Necessarily in Transport for 2005-2009)","Dark - Not Lighted","Rain","1","0"
"34","340065","2015","3","7","19","Urban","Not Collision with Motor Vehicle in Transport (Not Necessarily in Transport for 2005-2009)","Dark - Lighted","Rain","1","0"
"32","320025","2015","1","7","2","Urban","Not Collision with Motor Vehicle in Transport (Not Necessarily in Transport for 2005-2009)","Dark - Lighted","Rain","1","0"
"32","320232","2015","10","2","21","Urban","Not Collision with Motor Vehicle in Transport (Not Necessarily in Transport for 2005-2009)","Dark - Lighted","Rain","1","0"
"41","410029","2015","2","2","10","Urban","Not Collision with Motor Vehicle in Transport (Not Necessarily in Transport for 2005-2009)","Daylight","Rain","1","0"
"41","410054","2015","3","4","10","Urban","Not Collision with Motor Vehicle in Transport (Not Necessarily in Transport for 2005-2009)","Daylight","Rain","1","0"
"10","100081","2015","12","4","20","Urban","Not Collision with Motor Vehicle in Transport (Not Necessarily in Transport for 2005-2009)","Dark - Lighted","Rain","1","0"
"17","170186","2015","4","6","22","Urban","Not Collision with Motor Vehicle in Transport (Not Necessarily in Transport for 2005-2009)","Dark - Lighted","Rain","1","0"
"17","170791","2015","11","2","20","Urban","Not Collision with Motor Vehicle in Transport (Not Necessarily in Transport for 2005-2009)","Dark - Not Lighted","Rain","1","0"
"26","260736","2015","11","1","1","Urban","Not Collision with Motor Vehicle in Transport (Not Necessarily in Transport for 2005-2009)","Dark - Lighted","Rain","1","0"
"36","360897","2015","12","4","5","Urban","Not Collision with Motor Vehicle in Transport (Not Necessarily in Transport for 2005-2009)","Dawn","Rain","1","0"
"34","340008","2015","1","7","22","Urban","Not Collision with Motor Vehicle in Transport (Not Necessarily in Transport for 2005-2009)","Dark - Lighted","Rain","1","0"
"34","340531","2015","12","5","15","Urban","Not Collision with Motor Vehicle in Transport (Not Necessarily in Transport for 2005-2009)","Daylight","Rain","1","0"
"53","530365","2015","9","4","21","Urban","Not Collision with Motor Vehicle in Transport (Not Necessarily in Transport for 2005-2009)","Dark - Lighted","Rain","1","0"
"24","240090","2015","3","7","12","Urban","Not Collision with Motor Vehicle in Transport (Not Necessarily in Transport for 2005-2009)","Daylight","Rain","1","0"
"47","470112","2015","3","3","","Urban","Not Collision with Motor Vehicle in Transport (Not Necessarily in Transport for 2005-2009)","Dark - Not Lighted","Rain","1","0"
"44","440041","2015","12","2","21","Urban","Not Collision with Motor Vehicle in Transport (Not Necessarily in Transport for 2005-2009)","Dark - Lighted","Rain","2","0"
"48","482493","2015","10","7","20","Urban","Not Collision with Motor Vehicle in Transport (Not Necessarily in Transport for 2005-2009)","Dark - Lighted","Rain","1","0"
"26","260883","2015","12","2","17","Rural","Not Collision with Motor Vehicle in Transport (Not Necessarily in Transport for 2005-2009)","Dark - Not Lighted","Rain","1","0"
"24","240114","2015","4","6","2","Rural","Not Collision with Motor Vehicle in Transport (Not Necessarily in Transport for 2005-2009)","Dark - Not Lighted","Rain","1","1"
"21","210212","2015","5","5","1","Rural","Not Collision with Motor Vehicle in Transport (Not Necessarily in Transport for 2005-2009)","Dark - Not Lighted","Rain","1","0"
"21","210205","2015","5","7","10","Rural","Not Collision with Motor Vehicle in Transport (Not Necessarily in Transport for 2005-2009)","Daylight","Rain","1","0"
"21","210492","2015","10","6","12","Rural","Not Collision with Motor Vehicle in Transport (Not Necessarily in Transport for 2005-2009)","Daylight","Rain","2","0"
"40","400005","2015","1","1","16","Rural","Not Collision with Motor Vehicle in Transport (Not Necessarily in Transport for 2005-2009)","Daylight","Rain","1","1"
"47","470670","2015","9","2","21","Rural","Not Collision with Motor Vehicle in Transport (Not Necessarily in Transport for 2005-2009)","Dark - Not Lighted","Rain","1","0"
"39","390187","2015","4","5","11","Rural","Not Collision with Motor Vehicle in Transport (Not Necessarily in Transport for 2005-2009)","Daylight","Rain","1","1"
"39","390529","2015","8","2","5","Rural","Not Collision with Motor Vehicle in Transport (Not Necessarily in Transport for 2005-2009)","Dark - Not Lighted","Rain","1","1"
"39","390308","2015","5","5","0","Rural","Not Collision with Motor Vehicle in Transport (Not Necessarily in Transport for 2005-2009)","Dark - Not Lighted","Rain","1","1"
"39","390758","2015","9","4","3","Rural","Not Collision with Motor Vehicle in Transport (Not Necessarily in Transport for 2005-2009)","Dark - Not Lighted","Rain","1","0"
"39","390378","2015","6","6","23","Rural","Not Collision with Motor Vehicle in Transport (Not Necessarily in Transport for 2005-2009)","Dark - Not Lighted","Rain","1","1"
"39","390838","2015","9","7","22","Rural","Not Collision with Motor Vehicle in Transport (Not Necessarily in Transport for 2005-2009)","Dark - Not Lighted","Rain","1","0"
"49","490080","2015","5","2","17","Rural","Not Collision with Motor Vehicle in Transport (Not Necessarily in Transport for 2005-2009)","Daylight","Rain","1","0"
"16","160007","2015","2","1","21","Rural","Not Collision with Motor Vehicle in Transport (Not Necessarily in Transport for 2005-2009)","Dark - Not Lighted","Rain","1","1"
"48","480085","2015","1","6","7","Rural","Not Collision with Motor Vehicle in Transport (Not Necessarily in Transport for 2005-2009)","Dark - Not Lighted","Rain","1","0"
"48","481124","2015","5","7","23","Rural","Not Collision with Motor Vehicle in Transport (Not Necessarily in Transport for 2005-2009)","Dark - Not Lighted","Rain","1","1"
"20","200104","2015","5","7","14","Rural","Not Collision with Motor Vehicle in Transport (Not Necessarily in Transport for 2005-2009)","Daylight","Rain","1","0"
"13","130973","2015","10","6","23","Rural","Not Collision with Motor Vehicle in Transport (Not Necessarily in Transport for 2005-2009)","Dark - Not Lighted","Rain","1","0"
"13","131201","2015","12","4","12","Rural","Not Collision with Motor Vehicle in Transport (Not Necessarily in Transport for 2005-2009)","Daylight","Rain","1","0"
"13","130791","2015","8","2","18","Rural","Not Collision with Motor Vehicle in Transport (Not Necessarily in Transport for 2005-2009)","Daylight","Rain","1","1"
"18","180673","2015","10","3","1","Rural","Not Collision with Motor Vehicle in Transport (Not Necessarily in Transport for 2005-2009)","Dark - Not Lighted","Rain","1","1"
"18","180365","2015","7","3","19","Rural","Not Collision with Motor Vehicle in Transport (Not Necessarily in Transport for 2005-2009)","Daylight","Rain","2","0"
"18","180579","2015","10","6","20","Rural","Not Collision with Motor Vehicle in Transport (Not Necessarily in Transport for 2005-2009)","Dark - Not Lighted","Rain","1","0"
"18","180339","2015","6","6","15","Rural","Not Collision with Motor Vehicle in Transport (Not Necessarily in Transport for 2005-2009)","Daylight","Rain","1","0"
"5","50102","2015","3","4","17","Rural","Not Collision with Motor Vehicle in Transport (Not Necessarily in Transport for 2005-2009)","Daylight","Rain","1","0"
"17","170804","2015","12","7","7","Rural","Not Collision with Motor Vehicle in Transport (Not Necessarily in Transport for 2005-2009)","Daylight","Rain","1","1"
"21","210589","2015","11","2","19","Rural","Not Collision with Motor Vehicle in Transport (Not Necessarily in Transport for 2005-2009)","Dark - Not Lighted","Rain","1","0"
"21","210065","2015","2","1","18","Rural","Not Collision with Motor Vehicle in Transport (Not Necessarily in Transport for 2005-2009)","Dark - Not Lighted","Rain","1","1"
"21","210219","2015","5","7","3","Rural","Not Collision with Motor Vehicle in Transport (Not Necessarily in Transport for 2005-2009)","Dark - Not Lighted","Rain","1","0"
"21","210315","2015","7","4","1","Rural","Not Collision with Motor Vehicle in Transport (Not Necessarily in Transport for 2005-2009)","Dark - Not Lighted","Rain","1","0"
"21","210006","2015","1","7","6","Rural","Not Collision with Motor Vehicle in Transport (Not Necessarily in Transport for 2005-2009)","Dawn","Rain","2","1"
"21","210655","2015","12","3","20","Rural","Not Collision with Motor Vehicle in Transport (Not Necessarily in Transport for 2005-2009)","Dark - Not Lighted","Rain","1","1"
"21","210152","2015","1","5","20","Rural","Not Collision with Motor Vehicle in Transport (Not Necessarily in Transport for 2005-2009)","Dark - Not Lighted","Rain","1","0"
"21","210305","2015","7","6","7","Rural","Not Collision with Motor Vehicle in Transport (Not Necessarily in Transport for 2005-2009)","Dawn","Rain","1","0"
"24","240143","2015","5","2","20","Rural","Not Collision with Motor Vehicle in Transport (Not Necessarily in Transport for 2005-2009)","Dark - Not Lighted","Rain","3","1"
"29","290003","2015","1","5","23","Rural","Not Collision with Motor Vehicle in Transport (Not Necessarily in Transport for 2005-2009)","Dark - Not Lighted","Rain","2","1"
"29","290046","2015","1","7","22","Rural","Not Collision with Motor Vehicle in Transport (Not Necessarily in Transport for 2005-2009)","Dark - Not Lighted","Rain","1","1"
"40","400501","2015","10","7","3","Rural","Not Collision with Motor Vehicle in Transport (Not Necessarily in Transport for 2005-2009)","Dark - Not Lighted","Rain","1","1"
"40","400049","2015","2","1","22","Rural","Not Collision with Motor Vehicle in Transport (Not Necessarily in Transport for 2005-2009)","Dark - Not Lighted","Rain","1","0"
"40","400479","2015","11","2","15","Rural","Not Collision with Motor Vehicle in Transport (Not Necessarily in Transport for 2005-2009)","Daylight","Rain","1","0"
"51","510013","2015","1","2","0","Rural","Not Collision with Motor Vehicle in Transport (Not Necessarily in Transport for 2005-2009)","Dark - Not Lighted","Rain","1","0"
"22","220345","2015","3","4","2","Rural","Not Collision with Motor Vehicle in Transport (Not Necessarily in Transport for 2005-2009)","Dark - Not Lighted","Rain","1","1"
"22","220530","2015","10","1","11","Rural","Not Collision with Motor Vehicle in Transport (Not Necessarily in Transport for 2005-2009)","Daylight","Rain","1","0"
"22","220628","2015","12","5","23","Rural","Not Collision with Motor Vehicle in Transport (Not Necessarily in Transport for 2005-2009)","Dark - Lighted","Rain","1","0"
"22","220071","2015","2","2","0","Rural","Not Collision with Motor Vehicle in Transport (Not Necessarily in Transport for 2005-2009)","Dark - Not Lighted","Rain","1","1"
"47","470870","2015","12","3","20","Rural","Not Collision with Motor Vehicle in Transport (Not Necessarily in Transport for 2005-2009)","Dark - Not Lighted","Rain","1","0"
"47","470699","2015","10","7","9","Rural","Not Collision with Motor Vehicle in Transport (Not Necessarily in Transport for 2005-2009)","Daylight","Rain","1","0"
"47","470642","2015","9","7","19","Rural","Not Collision with Motor Vehicle in Transport (Not Necessarily in Transport for 2005-2009)","Dusk","Rain","1","0"
"47","470509","2015","8","4","16","Rural","Not Collision with Motor Vehicle in Transport (Not Necessarily in Transport for 2005-2009)","Dusk","Rain","1","1"
"47","470043","2015","1","6","15","Rural","Not Collision with Motor Vehicle in Transport (Not Necessarily in Transport for 2005-2009)","Daylight","Rain","2","0"
"47","470070","2015","2","1","20","Rural","Not Collision with Motor Vehicle in Transport (Not Necessarily in Transport for 2005-2009)","Dark - Not Lighted","Rain","1","1"
"55","550352","2015","10","2","12","Rural","Not Collision with Motor Vehicle in Transport (Not Necessarily in Transport for 2005-2009)","Daylight","Rain","1","0"