"state_number","consecutive_number","year_of_crash","month_of_crash","day_of_week","hour_of_crash","land_use_name","manner_of_collision_name","light_condition_name","atmospheric_conditions_name","number_of_fatalities","number_of_drunk_drivers"
"4","40230","2015","4","7","21","Urban","Not Collision with Motor Vehicle in Transport (Not Necessarily in Transport for 2005-2009)","Dark - Lighted","Clear","2","1"
"4","40099","2015","2","3","10","Urban","Not Collision with Motor Vehicle in Transport (Not Necessarily in Transport for 2005-2009)","Daylight","Clear","1","0"
"4","40443","2015","7","6","23","Urban","Not Collision with Motor Vehicle in Transport (Not Necessarily in Transport for 2005-2009)","Dark - Lighted","Clear","1","1"
"4","40502","2015","8","2","22","Urban","Not Collision with Motor Vehicle in Transport (Not Necessarily in Transport for 2005-2009)","Dark - Lighted","Clear","1","0"
"4","40678","2015","11","7","19","Urban","Not Collision with Motor Vehicle in Transport (Not Necessarily in Transport for 2005-2009)","Dark - Not Lighted","Clear","1","0"
"4","40079","2015","2","1","20","Urban","Not Collision with Motor Vehicle in Transport (Not Necessarily in Transport for 2005-2009)","Dark - Not Lighted","Clear","1","0"
"4","40499","2015","8","7","23","Urban","Not Collision with Motor Vehicle in Transport (Not Necessarily in Transport for 2005-2009)","Dark - Lighted","Clear","2","0"
"12","121585","2015","8","7","16","Urban","Not Collision with Motor Vehicle in Transport (Not Necessarily in Transport for 2005-2009)","Daylight","Clear","1","0"
"12","120942","2015","5","5","19","Urban","Not Collision with Motor Vehicle in Transport (Not Necessarily in Transport for 2005-2009)","Dusk","Clear","1","0"
"12","120620","2015","3","2","14","Urban","Not Collision with Motor Vehicle in Transport (Not Necessarily in Transport for 2005-2009)","Daylight","Clear","1","0"
"12","120887","2015","5","1","3","Urban","Not Collision with Motor Vehicle in Transport (Not Necessarily in Transport for 2005-2009)","Dark - Not Lighted","Clear","1","1"
"12","121258","2015","7","7","15","Urban","Not Collision with Motor Vehicle in Transport (Not Necessarily in Transport for 2005-2009)","Non documente","Clear","1","0"
"12","120697","2015","4","2","2","Urban","Not Collision with Motor Vehicle in Transport (Not Necessarily in Transport for 2005-2009)","Dark - Not Lighted","Clear","1","0"
"12","121401","2015","7","6","3","Urban","Not Collision with Motor Vehicle in Transport (Not Necessarily in Transport for 2005-2009)","Dark - Not Lighted","Clear","1","1"
"12","120549","2015","4","4","23","Urban","Not Collision with Motor Vehicle in Transport (Not Necessarily in Transport for 2005-2009)","Dark - Not Lighted","Clear","1","1"
"12","121146","2015","6","7","1","Urban","Not Collision with Motor Vehicle in Transport (Not Necessarily in Transport for 2005-2009)","Dark - Lighted","Clear","1","0"
"12","121006","2015","5","1","22","Urban","Not Collision with Motor Vehicle in Transport (Not Necessarily in Transport for 2005-2009)","Dark - Lighted","Clear","1","0"
"12","121531","2015","7","3","10","Urban","Not Collision with Motor Vehicle in Transport (Not Necessarily in Transport for 2005-2009)","Daylight","Clear","1","0"
"12","120143","2015","1","4","23","Urban","Not Collision with Motor Vehicle in Transport (Not Necessarily in Transport for 2005-2009)","Dark - Lighted","Clear","1","1"
"12","122227","2015","11","5","19","Urban","Not Collision with Motor Vehicle in Transport (Not Necessarily in Transport for 2005-2009)","Dark - Lighted","Clear","1","0"
"12","121516","2015","7","5","22","Urban","Not Collision with Motor Vehicle in Transport (Not Necessarily in Transport for 2005-2009)","Dark - Not Lighted","Clear","1","0"
"12","120918","2015","1","1","4","Urban","Not Collision with Motor Vehicle in Transport (Not Necessarily in Transport for 2005-2009)","Dark - Lighted","Clear","1","1"
"12","122489","2015","10","1","6","Urban","Not Collision with Motor Vehicle in Transport (Not Necessarily in Transport for 2005-2009)","Dawn","Clear","1","0"
"12","122445","2015","11","1","1","Urban","Not Collision with Motor Vehicle in Transport (Not Necessarily in Transport for 2005-2009)","Dark - Lighted","Clear","1","1"
"12","121130","2015","6","2","23","Urban","Not Collision with Motor Vehicle in Transport (Not Necessarily in Transport for 2005-2009)","Dark - Lighted","Clear","2","0"
"12","121664","2015","6","4","21","Urban","Not Collision with Motor Vehicle in Transport (Not Necessarily in Transport for 2005-2009)","Dark - Lighted","Clear","1","0"
"12","121854","2015","9","3","6","Urban","Not Collision with Motor Vehicle in Transport (Not Necessarily in Transport for 2005-2009)","Dawn","Clear","1","0"
"12","121005","2015","6","1","17","Urban","Not Collision with Motor Vehicle in Transport (Not Necessarily in Transport for 2005-2009)","Daylight","Clear","1","1"
"12","120376","2015","3","7","0","Urban","Not Collision with Motor Vehicle in Transport (Not Necessarily in Transport for 2005-2009)","Dark - Lighted","Clear","1","1"
"12","122338","2015","11","7","19","Urban","Not Collision with Motor Vehicle in Transport (Not Necessarily in Transport for 2005-2009)","Dusk","Clear","2","1"
"12","122490","2015","11","7","2","Urban","Not Collision with Motor Vehicle in Transport (Not Necessarily in Transport for 2005-2009)","Dark - Lighted","Clear","2","1"
"12","120128","2015","1","1","14","Urban","Not Collision with Motor Vehicle in Transport (Not Necessarily in Transport for 2005-2009)","Daylight","Clear","2","0"
"12","120650","2015","4","6","6","Urban","Not Collision with Motor Vehicle in Transport (Not Necessarily in Transport for 2005-2009)","Dawn","Clear","1","1"
"12","120100","2015","1","4","3","Urban","Not Collision with Motor Vehicle in Transport (Not Necessarily in Transport for 2005-2009)","Dark - Lighted","Clear","1","1"
"12","121042","2015","6","2","5","Urban","Not Collision with Motor Vehicle in Transport (Not Necessarily in Transport for 2005-2009)","Dark - Lighted","Clear","2","0"
"12","120278","2015","3","7","0","Urban","Not Collision with Motor Vehicle in Transport (Not Necessarily in Transport for 2005-2009)","Dark - Lighted","Clear","1","0"
"12","122328","2015","12","4","2","Urban","Not Collision with Motor Vehicle in Transport (Not Necessarily in Transport for 2005-2009)","Dark - Lighted","Clear","1","1"
"12","121224","2015","4","5","12","Urban","Not Collision with Motor Vehicle in Transport (Not Necessarily in Transport for 2005-2009)","Daylight","Clear","1","1"
"12","122305","2015","11","2","6","Urban","Not Collision with Motor Vehicle in Transport (Not Necessarily in Transport for 2005-2009)","Dark - Unknown Lighting","Clear","2","0"
"12","121973","2015","10","5","10","Urban","Not Collision with Motor Vehicle in Transport (Not Necessarily in Transport for 2005-2009)","Daylight","Clear","1","0"
"12","121729","2015","9","6","2","Urban","Not Collision with Motor Vehicle in Transport (Not Necessarily in Transport for 2005-2009)","Dark - Lighted","Clear","1","0"
"12","122132","2015","11","1","0","Urban","Not Collision with Motor Vehicle in Transport (Not Necessarily in Transport for 2005-2009)","Dark - Not Lighted","Clear","1","1"
"12","121172","2015","6","7","4","Urban","Not Collision with Motor Vehicle in Transport (Not Necessarily in Transport for 2005-2009)","Dark - Lighted","Clear","1","0"
"12","120185","2015","2","6","18","Urban","Not Collision with Motor Vehicle in Transport (Not Necessarily in Transport for 2005-2009)","Dark - Lighted","Clear","1","1"
"12","121041","2015","5","7","2","Urban","Not Collision with Motor Vehicle in Transport (Not Necessarily in Transport for 2005-2009)","Dark - Lighted","Clear","1","1"
"12","120028","2015","1","2","7","Urban","Not Collision with Motor Vehicle in Transport (Not Necessarily in Transport for 2005-2009)","Daylight","Clear","1","0"
"12","120011","2015","1","6","3","Urban","Not Collision with Motor Vehicle in Transport (Not Necessarily in Transport for 2005-2009)","Dark - Lighted","Clear","1","0"
"12","121110","2015","6","7","21","Urban","Not Collision with Motor Vehicle in Transport (Not Necessarily in Transport for 2005-2009)","Dark - Lighted","Clear","1","0"
"12","120922","2015","4","7","7","Urban","Not Collision with Motor Vehicle in Transport (Not Necessarily in Transport for 2005-2009)","Daylight","Clear","1","1"
"12","120352","2015","2","5","22","Urban","Not Collision with Motor Vehicle in Transport (Not Necessarily in Transport for 2005-2009)","Dark - Lighted","Clear","1","0"
"12","121268","2015","7","7","2","Urban","Not Collision with Motor Vehicle in Transport (Not Necessarily in Transport for 2005-2009)","Dark - Not Lighted","Clear","1","0"
"12","120981","2015","1","5","5","Urban","Not Collision with Motor Vehicle in Transport (Not Necessarily in Transport for 2005-2009)","Dark - Lighted","Clear","1","1"
"12","120443","2015","1","7","19","Urban","Not Collision with Motor Vehicle in Transport (Not Necessarily in Transport for 2005-2009)","Dark - Lighted","Clear","1","0"
"12","122530","2015","12","6","21","Urban","Not Collision with Motor Vehicle in Transport (Not Necessarily in Transport for 2005-2009)","Dark - Not Lighted","Clear","1","0"
"12","122524","2015","12","6","21","Urban","Not Collision with Motor Vehicle in Transport (Not Necessarily in Transport for 2005-2009)","Dark - Not Lighted","Clear","2","1"
"12","120384","2015","3","4","0","Urban","Not Collision with Motor Vehicle in Transport (Not Necessarily in Transport for 2005-2009)","Dark - Not Lighted","Clear","1","1"
"12","120283","2015","3","7","23","Urban","Not Collision with Motor Vehicle in Transport (Not Necessarily in Transport for 2005-2009)","Dark - Lighted","Clear","1","0"
"12","121696","2015","8","6","7","Urban","Not Collision with Motor Vehicle in Transport (Not Necessarily in Transport for 2005-2009)","Daylight","Clear","1","0"
"12","120306","2015","3","2","15","Urban","Not Collision with Motor Vehicle in Transport (Not Necessarily in Transport for 2005-2009)","Daylight","Clear","1","0"
"12","120167","2015","2","1","1","Urban","Not Collision with Motor Vehicle in Transport (Not Necessarily in Transport for 2005-2009)","Dark - Not Lighted","Clear","1","1"
"12","122130","2015","11","1","3","Urban","Not Collision with Motor Vehicle in Transport (Not Necessarily in Transport for 2005-2009)","Dark - Not Lighted","Clear","1","1"
"12","121064","2015","6","3","10","Urban","Not Collision with Motor Vehicle in Transport (Not Necessarily in Transport for 2005-2009)","Daylight","Clear","1","0"
"12","120635","2015","4","5","2","Urban","Not Collision with Motor Vehicle in Transport (Not Necessarily in Transport for 2005-2009)","Dark - Not Lighted","Clear","1","1"
"12","121107","2015","6","6","0","Urban","Not Collision with Motor Vehicle in Transport (Not Necessarily in Transport for 2005-2009)","Dark - Not Lighted","Clear","1","1"
"12","120589","2015","4","6","21","Urban","Not Collision with Motor Vehicle in Transport (Not Necessarily in Transport for 2005-2009)","Dark - Lighted","Clear","1","1"
"12","120871","2015","5","4","23","Urban","Not Collision with Motor Vehicle in Transport (Not Necessarily in Transport for 2005-2009)","Dark - Not Lighted","Clear","1","1"
"12","121232","2015","6","6","22","Urban","Not Collision with Motor Vehicle in Transport (Not Necessarily in Transport for 2005-2009)","Dark - Lighted","Clear","1","1"
"12","121028","2015","4","1","23","Urban","Not Collision with Motor Vehicle in Transport (Not Necessarily in Transport for 2005-2009)","Dark - Not Lighted","Clear","1","1"
"12","120297","2015","1","1","12","Urban","Not Collision with Motor Vehicle in Transport (Not Necessarily in Transport for 2005-2009)","Daylight","Clear","1","0"
"12","120920","2015","2","1","9","Urban","Not Collision with Motor Vehicle in Transport (Not Necessarily in Transport for 2005-2009)","Daylight","Clear","1","0"
"12","122134","2015","10","5","20","Urban","Not Collision with Motor Vehicle in Transport (Not Necessarily in Transport for 2005-2009)","Dark - Lighted","Clear","1","0"
"12","121904","2015","9","6","4","Urban","Not Collision with Motor Vehicle in Transport (Not Necessarily in Transport for 2005-2009)","Dark - Not Lighted","Clear","1","0"
"12","121319","2015","7","5","4","Urban","Not Collision with Motor Vehicle in Transport (Not Necessarily in Transport for 2005-2009)","Dark - Lighted","Clear","1","0"
"12","121887","2015","9","5","1","Urban","Not Collision with Motor Vehicle in Transport (Not Necessarily in Transport for 2005-2009)","Dark - Lighted","Clear","1","0"
"12","121462","2015","7","1","22","Urban","Not Collision with Motor Vehicle in Transport (Not Necessarily in Transport for 2005-2009)","Dark - Lighted","Clear","1","0"
"12","122354","2015","11","5","7","Urban","Not Collision with Motor Vehicle in Transport (Not Necessarily in Transport for 2005-2009)","Daylight","Clear","1","0"
"12","121808","2015","9","1","2","Urban","Not Collision with Motor Vehicle in Transport (Not Necessarily in Transport for 2005-2009)","Dark - Lighted","Clear","1","1"
"12","122099","2015","11","1","19","Urban","Not Collision with Motor Vehicle in Transport (Not Necessarily in Transport for 2005-2009)","Dusk","Clear","2","0"
"12","120273","2015","3","1","11","Urban","Not Collision with Motor Vehicle in Transport (Not Necessarily in Transport for 2005-2009)","Daylight","Clear","1","0"
"12","120734","2015","5","1","12","Urban","Not Collision with Motor Vehicle in Transport (Not Necessarily in Transport for 2005-2009)","Daylight","Clear","1","0"
"12","120130","2015","1","1","8","Urban","Not Collision with Motor Vehicle in Transport (Not Necessarily in Transport for 2005-2009)","Non documente","Clear","1","1"
"12","121853","2015","9","7","3","Urban","Not Collision with Motor Vehicle in Transport (Not Necessarily in Transport for 2005-2009)","Dark - Not Lighted","Clear","1","0"
"12","122672","2015","11","4","23","Urban","Not Collision with Motor Vehicle in Transport (Not Necessarily in Transport for 2005-2009)","Dark - Lighted","Clear","2","0"
"12","120183","2015","2","5","18","Urban","Not Collision with Motor Vehicle in Transport (Not Necessarily in Transport for 2005-2009)","Dusk","Clear","1","1"
"12","121004","2015","6","1","17","Urban","Not Collision with Motor Vehicle in Transport (Not Necessarily in Transport for 2005-2009)","Daylight","Clear","1","0"
"12","122807","2015","5","7","19","Urban","Not Collision with Motor Vehicle in Transport (Not Necessarily in Transport for 2005-2009)","Daylight","Clear","1","0"
"12","120807","2015","5","2","7","Urban","Not Collision with Motor Vehicle in Transport (Not Necessarily in Transport for 2005-2009)","Daylight","Clear","1","0"
"12","121486","2015","6","1","14","Urban","Not Collision with Motor Vehicle in Transport (Not Necessarily in Transport for 2005-2009)","Daylight","Clear","1","0"
"12","120628","2015","3","5","0","Urban","Not Collision with Motor Vehicle in Transport (Not Necessarily in Transport for 2005-2009)","Dark - Lighted","Clear","1","0"
"12","120380","2015","3","2","1","Urban","Not Collision with Motor Vehicle in Transport (Not Necessarily in Transport for 2005-2009)","Dark - Not Lighted","Clear","1","1"
"12","121105","2015","6","5","3","Urban","Not Collision with Motor Vehicle in Transport (Not Necessarily in Transport for 2005-2009)","Dark - Not Lighted","Clear","1","1"
"12","120330","2015","1","1","1","Urban","Not Collision with Motor Vehicle in Transport (Not Necessarily in Transport for 2005-2009)","Dark - Lighted","Clear","1","1"
"12","122661","2015","12","1","17","Urban","Not Collision with Motor Vehicle in Transport (Not Necessarily in Transport for 2005-2009)","Dark - Lighted","Clear","1","0"
"12","120683","2015","4","6","11","Urban","Not Collision with Motor Vehicle in Transport (Not Necessarily in Transport for 2005-2009)","Daylight","Clear","1","0"
"12","120733","2015","1","5","20","Urban","Not Collision with Motor Vehicle in Transport (Not Necessarily in Transport for 2005-2009)","Dark - Not Lighted","Clear","1","0"
"12","122719","2015","10","2","15","Urban","Not Collision with Motor Vehicle in Transport (Not Necessarily in Transport for 2005-2009)","Daylight","Clear","1","0"
"12","120521","2015","4","6","1","Urban","Not Collision with Motor Vehicle in Transport (Not Necessarily in Transport for 2005-2009)","Dark - Lighted","Clear","1","1"
"12","121683","2015","9","1","18","Urban","Not Collision with Motor Vehicle in Transport (Not Necessarily in Transport for 2005-2009)","Daylight","Clear","1","1"
"12","122534","2015","12","4","11","Urban","Not Collision with Motor Vehicle in Transport (Not Necessarily in Transport for 2005-2009)","Daylight","Clear","1","0"
"13","131251","2015","12","1","1","Urban","Not Collision with Motor Vehicle in Transport (Not Necessarily in Transport for 2005-2009)","Dark - Not Lighted","Clear","1","1"
"13","131313","2015","12","7","20","Urban","Not Collision with Motor Vehicle in Transport (Not Necessarily in Transport for 2005-2009)","Dark - Lighted","Clear","1","0"
"13","130604","2015","6","1","15","Urban","Not Collision with Motor Vehicle in Transport (Not Necessarily in Transport for 2005-2009)","Daylight","Clear","1","0"
"13","130118","2015","2","7","3","Urban","Not Collision with Motor Vehicle in Transport (Not Necessarily in Transport for 2005-2009)","Dark - Lighted","Clear","1","1"
"13","130649","2015","7","7","15","Urban","Not Collision with Motor Vehicle in Transport (Not Necessarily in Transport for 2005-2009)","Daylight","Clear","1","0"
"13","131185","2015","11","6","22","Urban","Not Collision with Motor Vehicle in Transport (Not Necessarily in Transport for 2005-2009)","Dark - Lighted","Clear","1","1"
"13","130637","2015","6","1","2","Urban","Not Collision with Motor Vehicle in Transport (Not Necessarily in Transport for 2005-2009)","Dark - Not Lighted","Clear","1","1"
"13","130025","2015","1","7","6","Urban","Not Collision with Motor Vehicle in Transport (Not Necessarily in Transport for 2005-2009)","Dawn","Clear","1","0"
"13","130136","2015","2","4","13","Urban","Not Collision with Motor Vehicle in Transport (Not Necessarily in Transport for 2005-2009)","Daylight","Clear","1","0"
"13","130276","2015","3","2","23","Urban","Not Collision with Motor Vehicle in Transport (Not Necessarily in Transport for 2005-2009)","Dark - Not Lighted","Clear","1","0"
"13","130403","2015","4","1","19","Urban","Not Collision with Motor Vehicle in Transport (Not Necessarily in Transport for 2005-2009)","Daylight","Clear","1","0"
"13","130119","2015","2","7","13","Urban","Not Collision with Motor Vehicle in Transport (Not Necessarily in Transport for 2005-2009)","Daylight","Clear","1","0"
"13","130601","2015","6","1","6","Urban","Not Collision with Motor Vehicle in Transport (Not Necessarily in Transport for 2005-2009)","Dark - Not Lighted","Clear","1","1"
"13","130103","2015","2","2","12","Urban","Not Collision with Motor Vehicle in Transport (Not Necessarily in Transport for 2005-2009)","Daylight","Clear","1","0"
"13","130715","2015","7","7","7","Urban","Not Collision with Motor Vehicle in Transport (Not Necessarily in Transport for 2005-2009)","Dark - Not Lighted","Clear","2","1"
"13","130628","2015","6","6","21","Urban","Not Collision with Motor Vehicle in Transport (Not Necessarily in Transport for 2005-2009)","Dark - Not Lighted","Clear","1","0"
"13","130384","2015","4","3","15","Urban","Not Collision with Motor Vehicle in Transport (Not Necessarily in Transport for 2005-2009)","Daylight","Clear","1","0"
"13","130554","2015","6","1","23","Urban","Not Collision with Motor Vehicle in Transport (Not Necessarily in Transport for 2005-2009)","Dark - Lighted","Clear","1","0"
"13","131158","2015","11","4","22","Urban","Not Collision with Motor Vehicle in Transport (Not Necessarily in Transport for 2005-2009)","Daylight","Clear","1","0"
"13","130639","2015","6","3","9","Urban","Not Collision with Motor Vehicle in Transport (Not Necessarily in Transport for 2005-2009)","Daylight","Clear","1","0"
"13","130645","2015","7","5","17","Urban","Not Collision with Motor Vehicle in Transport (Not Necessarily in Transport for 2005-2009)","Daylight","Clear","1","0"
"13","130404","2015","4","1","4","Urban","Not Collision with Motor Vehicle in Transport (Not Necessarily in Transport for 2005-2009)","Dark - Lighted","Clear","1","1"
"13","130243","2015","3","1","23","Urban","Not Collision with Motor Vehicle in Transport (Not Necessarily in Transport for 2005-2009)","Dark - Lighted","Clear","1","1"
"13","130261","2015","3","4","18","Urban","Not Collision with Motor Vehicle in Transport (Not Necessarily in Transport for 2005-2009)","Daylight","Clear","1","0"
"13","130326","2015","4","1","2","Urban","Not Collision with Motor Vehicle in Transport (Not Necessarily in Transport for 2005-2009)","Dark - Not Lighted","Clear","1","1"
"13","130288","2015","3","2","1","Urban","Not Collision with Motor Vehicle in Transport (Not Necessarily in Transport for 2005-2009)","Dark - Lighted","Clear","1","1"
"13","130219","2015","3","1","22","Urban","Not Collision with Motor Vehicle in Transport (Not Necessarily in Transport for 2005-2009)","Dark - Lighted","Clear","1","1"
"30","300113","2015","8","2","0","Urban","Not Collision with Motor Vehicle in Transport (Not Necessarily in Transport for 2005-2009)","Dark - Lighted","Clear","2","1"
"30","300114","2015","8","4","5","Urban","Not Collision with Motor Vehicle in Transport (Not Necessarily in Transport for 2005-2009)","Dawn","Clear","1","1"
"56","560094","2015","8","7","2","Urban","Not Collision with Motor Vehicle in Transport (Not Necessarily in Transport for 2005-2009)","Dark - Not Lighted","Clear","1","1"
"56","560033","2015","4","6","19","Urban","Not Collision with Motor Vehicle in Transport (Not Necessarily in Transport for 2005-2009)","Daylight","Clear","1","0"
"56","560025","2015","4","3","23","Urban","Not Collision with Motor Vehicle in Transport (Not Necessarily in Transport for 2005-2009)","Dark - Lighted","Clear","1","0"
"56","560045","2015","5","7","5","Urban","Not Collision with Motor Vehicle in Transport (Not Necessarily in Transport for 2005-2009)","Dawn","Clear","1","0"
"56","560077","2015","7","5","20","Urban","Not Collision with Motor Vehicle in Transport (Not Necessarily in Transport for 2005-2009)","Dusk","Clear","1","1"
"5","50328","2015","9","1","4","Urban","Not Collision with Motor Vehicle in Transport (Not Necessarily in Transport for 2005-2009)","Dark - Unknown Lighting","Clear","2","1"
"5","50460","2015","12","2","4","Urban","Not Collision with Motor Vehicle in Transport (Not Necessarily in Transport for 2005-2009)","Dark - Lighted","Clear","1","0"
"5","50125","2015","4","7","22","Urban","Not Collision with Motor Vehicle in Transport (Not Necessarily in Transport for 2005-2009)","Dark - Not Lighted","Clear","1","1"
"5","50018","2015","1","2","18","Urban","Not Collision with Motor Vehicle in Transport (Not Necessarily in Transport for 2005-2009)","Dark - Not Lighted","Clear","1","0"
"5","50490","2015","6","2","18","Urban","Not Collision with Motor Vehicle in Transport (Not Necessarily in Transport for 2005-2009)","Daylight","Clear","1","0"
"5","50215","2015","6","5","4","Urban","Not Collision with Motor Vehicle in Transport (Not Necessarily in Transport for 2005-2009)","Dark - Lighted","Clear","1","0"
"5","50461","2015","12","3","23","Urban","Not Collision with Motor Vehicle in Transport (Not Necessarily in Transport for 2005-2009)","Dark - Not Lighted","Clear","1","0"
"5","50323","2015","9","4","7","Urban","Not Collision with Motor Vehicle in Transport (Not Necessarily in Transport for 2005-2009)","Daylight","Clear","1","0"
"5","50435","2015","11","6","21","Urban","Not Collision with Motor Vehicle in Transport (Not Necessarily in Transport for 2005-2009)","Dark - Unknown Lighting","Clear","2","0"
"5","50444","2015","11","4","1","Urban","Not Collision with Motor Vehicle in Transport (Not Necessarily in Transport for 2005-2009)","Dark - Lighted","Clear","1","1"
"5","50179","2015","5","1","0","Urban","Not Collision with Motor Vehicle in Transport (Not Necessarily in Transport for 2005-2009)","Dark - Not Lighted","Clear","1","1"
"5","50127","2015","4","3","11","Urban","Not Collision with Motor Vehicle in Transport (Not Necessarily in Transport for 2005-2009)","Daylight","Clear","1","0"
"5","50195","2015","6","5","22","Urban","Not Collision with Motor Vehicle in Transport (Not Necessarily in Transport for 2005-2009)","Dark - Lighted","Clear","1","1"
"8","80032","2015","1","6","19","Urban","Not Collision with Motor Vehicle in Transport (Not Necessarily in Transport for 2005-2009)","Dark - Lighted","Clear","1","1"
"8","80259","2015","7","3","17","Urban","Not Collision with Motor Vehicle in Transport (Not Necessarily in Transport for 2005-2009)","Daylight","Clear","1","0"
"8","80014","2015","1","3","7","Urban","Not Collision with Motor Vehicle in Transport (Not Necessarily in Transport for 2005-2009)","Daylight","Clear","1","0"
"8","80269","2015","7","5","1","Urban","Not Collision with Motor Vehicle in Transport (Not Necessarily in Transport for 2005-2009)","Dark - Lighted","Clear","1","1"
"8","80234","2015","5","7","3","Urban","Not Collision with Motor Vehicle in Transport (Not Necessarily in Transport for 2005-2009)","Dark - Lighted","Clear","1","1"
"8","80086","2015","3","1","4","Urban","Not Collision with Motor Vehicle in Transport (Not Necessarily in Transport for 2005-2009)","Dark - Lighted","Clear","1","1"
"17","170848","2015","9","5","17","Urban","Not Collision with Motor Vehicle in Transport (Not Necessarily in Transport for 2005-2009)","Daylight","Clear","1","0"
"17","170240","2015","4","7","20","Urban","Not Collision with Motor Vehicle in Transport (Not Necessarily in Transport for 2005-2009)","Dark - Not Lighted","Clear","1","1"
"17","170763","2015","11","3","16","Urban","Not Collision with Motor Vehicle in Transport (Not Necessarily in Transport for 2005-2009)","Daylight","Clear","1","1"
"17","170968","2015","9","6","16","Urban","Not Collision with Motor Vehicle in Transport (Not Necessarily in Transport for 2005-2009)","Dusk","Clear","1","0"
"17","170233","2015","5","6","14","Urban","Not Collision with Motor Vehicle in Transport (Not Necessarily in Transport for 2005-2009)","Daylight","Clear","1","0"
"17","170330","2015","6","4","0","Urban","Not Collision with Motor Vehicle in Transport (Not Necessarily in Transport for 2005-2009)","Dark - Lighted","Clear","2","1"
"17","170613","2015","7","6","15","Urban","Not Collision with Motor Vehicle in Transport (Not Necessarily in Transport for 2005-2009)","Daylight","Clear","1","0"
"17","170075","2015","3","7","23","Urban","Not Collision with Motor Vehicle in Transport (Not Necessarily in Transport for 2005-2009)","Dark - Lighted","Clear","1","1"
"17","170403","2015","5","6","0","Urban","Not Collision with Motor Vehicle in Transport (Not Necessarily in Transport for 2005-2009)","Dark - Not Lighted","Clear","1","1"
"17","170177","2015","4","4","12","Urban","Not Collision with Motor Vehicle in Transport (Not Necessarily in Transport for 2005-2009)","Daylight","Clear","1","0"
"17","170669","2015","9","1","15","Urban","Not Collision with Motor Vehicle in Transport (Not Necessarily in Transport for 2005-2009)","Daylight","Clear","1","0"
"17","170911","2015","10","5","1","Urban","Not Collision with Motor Vehicle in Transport (Not Necessarily in Transport for 2005-2009)","Dark - Lighted","Clear","1","1"
"17","170890","2015","9","2","2","Urban","Not Collision with Motor Vehicle in Transport (Not Necessarily in Transport for 2005-2009)","Dark - Lighted","Clear","1","0"
"17","170488","2015","8","4","13","Urban","Not Collision with Motor Vehicle in Transport (Not Necessarily in Transport for 2005-2009)","Daylight","Clear","1","0"
"17","170050","2015","2","7","0","Urban","Not Collision with Motor Vehicle in Transport (Not Necessarily in Transport for 2005-2009)","Dark - Not Lighted","Clear","2","1"
"17","170359","2015","6","1","22","Urban","Not Collision with Motor Vehicle in Transport (Not Necessarily in Transport for 2005-2009)","Dark - Not Lighted","Clear","1","0"
"17","170587","2015","8","6","4","Urban","Not Collision with Motor Vehicle in Transport (Not Necessarily in Transport for 2005-2009)","Dark - Lighted","Clear","1","0"
"17","170738","2015","10","3","17","Urban","Not Collision with Motor Vehicle in Transport (Not Necessarily in Transport for 2005-2009)","Daylight","Clear","1","0"
"17","170817","2015","11","3","4","Urban","Not Collision with Motor Vehicle in Transport (Not Necessarily in Transport for 2005-2009)","Dark - Not Lighted","Clear","1","1"
"21","210002","2015","1","5","3","Urban","Not Collision with Motor Vehicle in Transport (Not Necessarily in Transport for 2005-2009)","Dark - Lighted","Clear","1","1"
"24","240234","2015","5","7","22","Urban","Not Collision with Motor Vehicle in Transport (Not Necessarily in Transport for 2005-2009)","Non documente","Clear","1","0"
"24","240393","2015","11","1","13","Urban","Not Collision with Motor Vehicle in Transport (Not Necessarily in Transport for 2005-2009)","Daylight","Clear","1","0"
"24","240016","2015","1","6","6","Urban","Not Collision with Motor Vehicle in Transport (Not Necessarily in Transport for 2005-2009)","Dark - Lighted","Clear","1","0"
"24","240315","2015","8","1","14","Urban","Not Collision with Motor Vehicle in Transport (Not Necessarily in Transport for 2005-2009)","Daylight","Clear","1","1"
"26","260655","2015","10","5","18","Urban","Not Collision with Motor Vehicle in Transport (Not Necessarily in Transport for 2005-2009)","Daylight","Clear","1","1"
"26","260361","2015","7","5","13","Urban","Not Collision with Motor Vehicle in Transport (Not Necessarily in Transport for 2005-2009)","Daylight","Clear","1","0"
"26","260504","2015","8","3","17","Urban","Not Collision with Motor Vehicle in Transport (Not Necessarily in Transport for 2005-2009)","Daylight","Clear","1","1"
"26","260755","2015","11","1","0","Urban","Not Collision with Motor Vehicle in Transport (Not Necessarily in Transport for 2005-2009)","Dark - Lighted","Clear","4","0"