"state_number","consecutive_number","year_of_crash","month_of_crash","day_of_week","hour_of_crash","land_use_name","manner_of_collision_name","light_condition_name","atmospheric_conditions_name","number_of_fatalities","number_of_drunk_drivers"
"45","450002","2015","1","5","21","Rural","Not Collision with Motor Vehicle in Transport (Not Necessarily in Transport for 2005-2009)","Dark - Not Lighted","Clear","1","0"
"45","450320","2015","5","2","23","Rural","Not Collision with Motor Vehicle in Transport (Not Necessarily in Transport for 2005-2009)","Dark - Not Lighted","Clear","1","0"
"45","450374","2015","6","1","19","Rural","Not Collision with Motor Vehicle in Transport (Not Necessarily in Transport for 2005-2009)","Daylight","Clear","1","1"
"45","450299","2015","5","1","14","Rural","Not Collision with Motor Vehicle in Transport (Not Necessarily in Transport for 2005-2009)","Daylight","Clear","1","0"
"45","450235","2015","3","1","19","Rural","Not Collision with Motor Vehicle in Transport (Not Necessarily in Transport for 2005-2009)","Dark - Not Lighted","Clear","1","1"
"45","450228","2015","4","3","3","Rural","Not Collision with Motor Vehicle in Transport (Not Necessarily in Transport for 2005-2009)","Dark - Not Lighted","Clear","1","0"
"45","450535","2015","8","5","12","Rural","Not Collision with Motor Vehicle in Transport (Not Necessarily in Transport for 2005-2009)","Daylight","Clear","1","1"
"45","450316","2015","4","1","0","Rural","Not Collision with Motor Vehicle in Transport (Not Necessarily in Transport for 2005-2009)","Dark - Lighted","Clear","1","1"
"45","450488","2015","7","1","17","Rural","Not Collision with Motor Vehicle in Transport (Not Necessarily in Transport for 2005-2009)","Daylight","Clear","1","1"
"45","450481","2015","7","2","14","Rural","Not Collision with Motor Vehicle in Transport (Not Necessarily in Transport for 2005-2009)","Daylight","Clear","2","0"
"45","450098","2015","2","1","13","Rural","Not Collision with Motor Vehicle in Transport (Not Necessarily in Transport for 2005-2009)","Daylight","Clear","1","0"
"45","450056","2015","1","7","22","Rural","Not Collision with Motor Vehicle in Transport (Not Necessarily in Transport for 2005-2009)","Dark - Not Lighted","Clear","1","1"
"45","450568","2015","8","1","13","Rural","Not Collision with Motor Vehicle in Transport (Not Necessarily in Transport for 2005-2009)","Daylight","Clear","1","1"
"45","450397","2015","6","2","22","Rural","Not Collision with Motor Vehicle in Transport (Not Necessarily in Transport for 2005-2009)","Dark - Not Lighted","Clear","1","1"
"45","450698","2015","10","7","4","Rural","Not Collision with Motor Vehicle in Transport (Not Necessarily in Transport for 2005-2009)","Dark - Not Lighted","Clear","1","0"
"45","450870","2015","12","3","22","Rural","Not Collision with Motor Vehicle in Transport (Not Necessarily in Transport for 2005-2009)","Dark - Not Lighted","Clear","1","1"
"45","450436","2015","7","6","14","Rural","Not Collision with Motor Vehicle in Transport (Not Necessarily in Transport for 2005-2009)","Daylight","Clear","1","0"
"45","450516","2015","8","6","21","Rural","Not Collision with Motor Vehicle in Transport (Not Necessarily in Transport for 2005-2009)","Dark - Not Lighted","Clear","1","1"
"45","450606","2015","9","5","22","Rural","Not Collision with Motor Vehicle in Transport (Not Necessarily in Transport for 2005-2009)","Dark - Not Lighted","Clear","1","1"
"45","450119","2015","3","3","14","Rural","Not Collision with Motor Vehicle in Transport (Not Necessarily in Transport for 2005-2009)","Daylight","Clear","1","0"
"45","450711","2015","10","3","22","Rural","Not Collision with Motor Vehicle in Transport (Not Necessarily in Transport for 2005-2009)","Dark - Not Lighted","Clear","1","1"
"45","450598","2015","9","1","4","Rural","Not Collision with Motor Vehicle in Transport (Not Necessarily in Transport for 2005-2009)","Dark - Not Lighted","Clear","1","1"
"45","450350","2015","2","6","15","Rural","Not Collision with Motor Vehicle in Transport (Not Necessarily in Transport for 2005-2009)","Daylight","Clear","1","1"
"45","450863","2015","12","6","22","Rural","Not Collision with Motor Vehicle in Transport (Not Necessarily in Transport for 2005-2009)","Dark - Not Lighted","Clear","1","1"
"45","450492","2015","7","2","1","Rural","Not Collision with Motor Vehicle in Transport (Not Necessarily in Transport for 2005-2009)","Dark - Not Lighted","Clear","1","1"
"45","450074","2015","2","5","15","Rural","Not Collision with Motor Vehicle in Transport (Not Necessarily in Transport for 2005-2009)","Daylight","Clear","1","0"
"45","450521","2015","8","7","18","Rural","Not Collision with Motor Vehicle in Transport (Not Necessarily in Transport for 2005-2009)","Daylight","Clear","1","0"
"45","450800","2015","11","5","3","Rural","Not Collision with Motor Vehicle in Transport (Not Necessarily in Transport for 2005-2009)","Dark - Not Lighted","Clear","1","1"
"45","450679","2015","10","7","23","Rural","Not Collision with Motor Vehicle in Transport (Not Necessarily in Transport for 2005-2009)","Dark - Not Lighted","Clear","1","1"
"45","450379","2015","6","4","21","Rural","Not Collision with Motor Vehicle in Transport (Not Necessarily in Transport for 2005-2009)","Dark - Not Lighted","Clear","1","1"
"45","450386","2015","6","6","15","Rural","Not Collision with Motor Vehicle in Transport (Not Necessarily in Transport for 2005-2009)","Daylight","Clear","1","1"
"45","450283","2015","5","4","19","Rural","Not Collision with Motor Vehicle in Transport (Not Necessarily in Transport for 2005-2009)","Daylight","Clear","1","0"
"45","450450","2015","7","7","23","Rural","Not Collision with Motor Vehicle in Transport (Not Necessarily in Transport for 2005-2009)","Dark - Not Lighted","Clear","1","1"
"45","450285","2015","5","5","10","Rural","Not Collision with Motor Vehicle in Transport (Not Necessarily in Transport for 2005-2009)","Daylight","Clear","2","0"
"45","450897","2015","12","6","18","Rural","Not Collision with Motor Vehicle in Transport (Not Necessarily in Transport for 2005-2009)","Dark - Not Lighted","Clear","2","1"
"45","450561","2015","8","7","0","Rural","Not Collision with Motor Vehicle in Transport (Not Necessarily in Transport for 2005-2009)","Dark - Not Lighted","Clear","1","1"
"45","450103","2015","2","7","6","Rural","Not Collision with Motor Vehicle in Transport (Not Necessarily in Transport for 2005-2009)","Dawn","Clear","1","1"
"45","450650","2015","10","6","0","Rural","Not Collision with Motor Vehicle in Transport (Not Necessarily in Transport for 2005-2009)","Dark - Not Lighted","Clear","1","1"
"45","450050","2015","1","6","1","Rural","Not Collision with Motor Vehicle in Transport (Not Necessarily in Transport for 2005-2009)","Dark - Not Lighted","Clear","1","1"
"45","450862","2015","12","6","21","Rural","Not Collision with Motor Vehicle in Transport (Not Necessarily in Transport for 2005-2009)","Dark - Not Lighted","Clear","1","0"
"45","450654","2015","10","7","17","Rural","Not Collision with Motor Vehicle in Transport (Not Necessarily in Transport for 2005-2009)","Daylight","Clear","1","1"
"45","450269","2015","4","2","16","Rural","Not Collision with Motor Vehicle in Transport (Not Necessarily in Transport for 2005-2009)","Daylight","Clear","1","1"
"45","450718","2015","10","7","0","Rural","Not Collision with Motor Vehicle in Transport (Not Necessarily in Transport for 2005-2009)","Dark - Not Lighted","Clear","1","1"
"45","450048","2015","1","3","22","Rural","Not Collision with Motor Vehicle in Transport (Not Necessarily in Transport for 2005-2009)","Dark - Not Lighted","Clear","1","0"
"45","450401","2015","6","6","16","Rural","Not Collision with Motor Vehicle in Transport (Not Necessarily in Transport for 2005-2009)","Daylight","Clear","1","0"
"45","450038","2015","1","4","7","Rural","Not Collision with Motor Vehicle in Transport (Not Necessarily in Transport for 2005-2009)","Daylight","Clear","1","0"
"45","450197","2015","4","5","17","Rural","Not Collision with Motor Vehicle in Transport (Not Necessarily in Transport for 2005-2009)","Daylight","Clear","1","1"
"45","450682","2015","10","2","15","Rural","Not Collision with Motor Vehicle in Transport (Not Necessarily in Transport for 2005-2009)","Daylight","Clear","1","1"
"45","450022","2015","1","6","23","Rural","Not Collision with Motor Vehicle in Transport (Not Necessarily in Transport for 2005-2009)","Dark - Lighted","Clear","1","1"
"45","450558","2015","8","6","23","Rural","Not Collision with Motor Vehicle in Transport (Not Necessarily in Transport for 2005-2009)","Dark - Lighted","Clear","1","0"
"45","450572","2015","9","3","16","Rural","Not Collision with Motor Vehicle in Transport (Not Necessarily in Transport for 2005-2009)","Daylight","Clear","1","0"
"45","450861","2015","12","6","18","Rural","Not Collision with Motor Vehicle in Transport (Not Necessarily in Transport for 2005-2009)","Dark - Not Lighted","Clear","1","1"
"45","450676","2015","10","7","8","Rural","Not Collision with Motor Vehicle in Transport (Not Necessarily in Transport for 2005-2009)","Daylight","Clear","1","0"
"45","450213","2015","4","7","21","Rural","Not Collision with Motor Vehicle in Transport (Not Necessarily in Transport for 2005-2009)","Dark - Not Lighted","Clear","1","0"
"45","450548","2015","8","1","17","Rural","Not Collision with Motor Vehicle in Transport (Not Necessarily in Transport for 2005-2009)","Daylight","Clear","1","0"
"45","450252","2015","5","6","10","Rural","Not Collision with Motor Vehicle in Transport (Not Necessarily in Transport for 2005-2009)","Daylight","Clear","1","0"
"45","450554","2015","8","6","5","Rural","Not Collision with Motor Vehicle in Transport (Not Necessarily in Transport for 2005-2009)","Dark - Not Lighted","Clear","1","1"
"45","450669","2015","10","3","17","Rural","Not Collision with Motor Vehicle in Transport (Not Necessarily in Transport for 2005-2009)","Daylight","Clear","1","0"
"45","450627","2015","10","5","0","Rural","Not Collision with Motor Vehicle in Transport (Not Necessarily in Transport for 2005-2009)","Dark - Not Lighted","Clear","1","0"
"45","450736","2015","8","3","17","Rural","Not Collision with Motor Vehicle in Transport (Not Necessarily in Transport for 2005-2009)","Daylight","Clear","1","0"
"45","450539","2015","8","2","5","Rural","Not Collision with Motor Vehicle in Transport (Not Necessarily in Transport for 2005-2009)","Dawn","Clear","1","1"
"45","450579","2015","9","7","0","Rural","Not Collision with Motor Vehicle in Transport (Not Necessarily in Transport for 2005-2009)","Dark - Not Lighted","Clear","1","1"
"45","450047","2015","1","2","23","Rural","Not Collision with Motor Vehicle in Transport (Not Necessarily in Transport for 2005-2009)","Dark - Not Lighted","Clear","1","1"
"45","450156","2015","3","7","20","Rural","Not Collision with Motor Vehicle in Transport (Not Necessarily in Transport for 2005-2009)","Dark - Not Lighted","Clear","1","1"
"45","450075","2015","2","5","16","Rural","Not Collision with Motor Vehicle in Transport (Not Necessarily in Transport for 2005-2009)","Daylight","Clear","1","0"
"45","450859","2015","12","4","20","Rural","Not Collision with Motor Vehicle in Transport (Not Necessarily in Transport for 2005-2009)","Dark - Not Lighted","Clear","1","0"
"45","450086","2015","2","3","12","Rural","Not Collision with Motor Vehicle in Transport (Not Necessarily in Transport for 2005-2009)","Daylight","Clear","1","1"
"45","450609","2015","9","7","1","Rural","Not Collision with Motor Vehicle in Transport (Not Necessarily in Transport for 2005-2009)","Dark - Not Lighted","Clear","1","1"
"45","450282","2015","5","1","1","Rural","Not Collision with Motor Vehicle in Transport (Not Necessarily in Transport for 2005-2009)","Dark - Not Lighted","Clear","1","0"
"45","450608","2015","9","7","1","Rural","Not Collision with Motor Vehicle in Transport (Not Necessarily in Transport for 2005-2009)","Dark - Not Lighted","Clear","1","1"
"45","450275","2015","5","7","2","Rural","Not Collision with Motor Vehicle in Transport (Not Necessarily in Transport for 2005-2009)","Dark - Not Lighted","Clear","1","1"
"45","450404","2015","7","4","9","Rural","Not Collision with Motor Vehicle in Transport (Not Necessarily in Transport for 2005-2009)","Daylight","Clear","1","0"
"45","450084","2015","2","2","6","Rural","Not Collision with Motor Vehicle in Transport (Not Necessarily in Transport for 2005-2009)","Daylight","Clear","1","0"
"45","450017","2015","1","4","8","Rural","Not Collision with Motor Vehicle in Transport (Not Necessarily in Transport for 2005-2009)","Daylight","Clear","1","0"
"45","450293","2015","5","7","14","Rural","Not Collision with Motor Vehicle in Transport (Not Necessarily in Transport for 2005-2009)","Daylight","Clear","1","1"
"45","450108","2015","2","5","11","Rural","Not Collision with Motor Vehicle in Transport (Not Necessarily in Transport for 2005-2009)","Daylight","Clear","1","0"
"19","190258","2015","12","7","2","Rural","Not Collision with Motor Vehicle in Transport (Not Necessarily in Transport for 2005-2009)","Dark - Not Lighted","Clear","1","1"
"19","190080","2015","4","1","5","Rural","Not Collision with Motor Vehicle in Transport (Not Necessarily in Transport for 2005-2009)","Dark - Not Lighted","Clear","1","1"
"16","160082","2015","6","7","12","Rural","Not Collision with Motor Vehicle in Transport (Not Necessarily in Transport for 2005-2009)","Daylight","Clear","1","0"
"48","481914","2015","8","5","8","Rural","Not Collision with Motor Vehicle in Transport (Not Necessarily in Transport for 2005-2009)","Daylight","Clear","3","0"
"20","200139","2015","7","5","13","Rural","Not Collision with Motor Vehicle in Transport (Not Necessarily in Transport for 2005-2009)","Daylight","Clear","1","0"
"41","410043","2015","2","3","19","Rural","Not Collision with Motor Vehicle in Transport (Not Necessarily in Transport for 2005-2009)","Dark - Not Lighted","Clear","1","0"
"41","410115","2015","5","6","18","Rural","Not Collision with Motor Vehicle in Transport (Not Necessarily in Transport for 2005-2009)","Daylight","Clear","1","1"
"41","410023","2015","1","6","17","Rural","Not Collision with Motor Vehicle in Transport (Not Necessarily in Transport for 2005-2009)","Dark - Not Lighted","Clear","1","1"
"1","10719","2015","9","7","3","Rural","Not Collision with Motor Vehicle in Transport (Not Necessarily in Transport for 2005-2009)","Dark - Not Lighted","Clear","1","1"
"1","10080","2015","2","3","15","Rural","Not Collision with Motor Vehicle in Transport (Not Necessarily in Transport for 2005-2009)","Daylight","Clear","1","1"
"1","10574","2015","10","6","18","Rural","Not Collision with Motor Vehicle in Transport (Not Necessarily in Transport for 2005-2009)","Dusk","Clear","1","1"
"1","10361","2015","7","5","23","Rural","Not Collision with Motor Vehicle in Transport (Not Necessarily in Transport for 2005-2009)","Dark - Not Lighted","Clear","1","0"
"1","10508","2015","9","1","4","Rural","Not Collision with Motor Vehicle in Transport (Not Necessarily in Transport for 2005-2009)","Dark - Not Lighted","Clear","1","1"
"1","10326","2015","6","5","7","Rural","Not Collision with Motor Vehicle in Transport (Not Necessarily in Transport for 2005-2009)","Daylight","Clear","1","0"
"1","10294","2015","6","2","0","Rural","Not Collision with Motor Vehicle in Transport (Not Necessarily in Transport for 2005-2009)","Dark - Not Lighted","Clear","1","0"
"13","130562","2015","6","5","9","Rural","Not Collision with Motor Vehicle in Transport (Not Necessarily in Transport for 2005-2009)","Daylight","Clear","1","0"
"30","300064","2015","7","1","3","Rural","Not Collision with Motor Vehicle in Transport (Not Necessarily in Transport for 2005-2009)","Dark - Not Lighted","Clear","1","1"
"8","80383","2015","9","4","7","Rural","Not Collision with Motor Vehicle in Transport (Not Necessarily in Transport for 2005-2009)","Dawn","Clear","1","0"
"8","80184","2015","5","1","17","Rural","Not Collision with Motor Vehicle in Transport (Not Necessarily in Transport for 2005-2009)","Daylight","Clear","1","1"
"17","170674","2015","7","1","2","Rural","Not Collision with Motor Vehicle in Transport (Not Necessarily in Transport for 2005-2009)","Dark - Not Lighted","Clear","1","0"
"17","170205","2015","5","3","2","Rural","Not Collision with Motor Vehicle in Transport (Not Necessarily in Transport for 2005-2009)","Dark - Not Lighted","Clear","1","1"
"24","240290","2015","9","1","16","Rural","Not Collision with Motor Vehicle in Transport (Not Necessarily in Transport for 2005-2009)","Daylight","Clear","1","0"
"26","260340","2015","6","1","19","Rural","Not Collision with Motor Vehicle in Transport (Not Necessarily in Transport for 2005-2009)","Daylight","Clear","1","0"
"26","260517","2015","8","4","5","Rural","Not Collision with Motor Vehicle in Transport (Not Necessarily in Transport for 2005-2009)","Dawn","Clear","1","0"
"26","260470","2015","6","1","13","Rural","Not Collision with Motor Vehicle in Transport (Not Necessarily in Transport for 2005-2009)","Daylight","Clear","1","1"
"26","260688","2015","10","4","19","Rural","Not Collision with Motor Vehicle in Transport (Not Necessarily in Transport for 2005-2009)","Dark - Not Lighted","Clear","1","0"
"26","260626","2015","9","4","17","Rural","Not Collision with Motor Vehicle in Transport (Not Necessarily in Transport for 2005-2009)","Daylight","Clear","1","0"
"26","260269","2015","6","3","22","Rural","Not Collision with Motor Vehicle in Transport (Not Necessarily in Transport for 2005-2009)","Dark - Not Lighted","Clear","1","1"
"26","260105","2015","3","5","16","Rural","Not Collision with Motor Vehicle in Transport (Not Necessarily in Transport for 2005-2009)","Daylight","Clear","1","1"
"26","260339","2015","6","1","2","Rural","Not Collision with Motor Vehicle in Transport (Not Necessarily in Transport for 2005-2009)","Dark - Not Lighted","Clear","1","1"
"26","260671","2015","10","7","20","Rural","Not Collision with Motor Vehicle in Transport (Not Necessarily in Transport for 2005-2009)","Dark - Not Lighted","Clear","1","1"
"26","260424","2015","7","3","4","Rural","Not Collision with Motor Vehicle in Transport (Not Necessarily in Transport for 2005-2009)","Dark - Lighted","Clear","1","1"
"26","260299","2015","6","7","18","Rural","Not Collision with Motor Vehicle in Transport (Not Necessarily in Transport for 2005-2009)","Daylight","Clear","1","1"
"26","260401","2015","7","3","11","Rural","Not Collision with Motor Vehicle in Transport (Not Necessarily in Transport for 2005-2009)","Daylight","Clear","1","0"
"26","260288","2015","6","1","23","Rural","Not Collision with Motor Vehicle in Transport (Not Necessarily in Transport for 2005-2009)","Dark - Not Lighted","Clear","1","0"
"26","260730","2015","11","3","22","Rural","Not Collision with Motor Vehicle in Transport (Not Necessarily in Transport for 2005-2009)","Dark - Lighted","Clear","1","0"
"26","260438","2015","7","6","7","Rural","Not Collision with Motor Vehicle in Transport (Not Necessarily in Transport for 2005-2009)","Daylight","Clear","1","0"
"26","260554","2015","8","1","17","Rural","Not Collision with Motor Vehicle in Transport (Not Necessarily in Transport for 2005-2009)","Daylight","Clear","1","1"
"26","260240","2015","5","6","12","Rural","Not Collision with Motor Vehicle in Transport (Not Necessarily in Transport for 2005-2009)","Daylight","Clear","1","0"
"26","260139","2015","4","7","20","Rural","Not Collision with Motor Vehicle in Transport (Not Necessarily in Transport for 2005-2009)","Daylight","Clear","1","1"
"26","260170","2015","4","4","15","Rural","Not Collision with Motor Vehicle in Transport (Not Necessarily in Transport for 2005-2009)","Daylight","Clear","1","0"
"26","260673","2015","10","1","0","Rural","Not Collision with Motor Vehicle in Transport (Not Necessarily in Transport for 2005-2009)","Dark - Not Lighted","Clear","2","1"
"26","260254","2015","5","4","23","Rural","Not Collision with Motor Vehicle in Transport (Not Necessarily in Transport for 2005-2009)","Dark - Not Lighted","Clear","1","1"
"26","260658","2015","10","6","16","Rural","Not Collision with Motor Vehicle in Transport (Not Necessarily in Transport for 2005-2009)","Daylight","Clear","1","0"
"31","310032","2015","3","7","","Rural","Not Collision with Motor Vehicle in Transport (Not Necessarily in Transport for 2005-2009)","Dark - Not Lighted","Clear","1","1"
"31","310028","2015","3","1","3","Rural","Not Collision with Motor Vehicle in Transport (Not Necessarily in Transport for 2005-2009)","Dark - Not Lighted","Clear","1","1"
"31","310154","2015","9","7","","Rural","Not Collision with Motor Vehicle in Transport (Not Necessarily in Transport for 2005-2009)","Dark - Not Lighted","Clear","1","1"
"36","360281","2015","5","7","20","Rural","Not Collision with Motor Vehicle in Transport (Not Necessarily in Transport for 2005-2009)","Daylight","Clear","1","0"
"36","360932","2015","12","4","8","Rural","Not Collision with Motor Vehicle in Transport (Not Necessarily in Transport for 2005-2009)","Daylight","Clear","1","0"
"36","361022","2015","10","6","22","Rural","Not Collision with Motor Vehicle in Transport (Not Necessarily in Transport for 2005-2009)","Dark - Not Lighted","Clear","1","0"
"36","360711","2015","10","2","13","Rural","Not Collision with Motor Vehicle in Transport (Not Necessarily in Transport for 2005-2009)","Daylight","Clear","1","0"
"36","360695","2015","9","1","17","Rural","Not Collision with Motor Vehicle in Transport (Not Necessarily in Transport for 2005-2009)","Daylight","Clear","1","0"
"36","360901","2015","8","4","15","Rural","Not Collision with Motor Vehicle in Transport (Not Necessarily in Transport for 2005-2009)","Daylight","Clear","1","1"
"40","400037","2015","2","6","7","Rural","Not Collision with Motor Vehicle in Transport (Not Necessarily in Transport for 2005-2009)","Daylight","Clear","1","1"
"22","220376","2015","8","7","16","Rural","Not Collision with Motor Vehicle in Transport (Not Necessarily in Transport for 2005-2009)","Daylight","Clear","4","1"
"22","220377","2015","8","1","13","Rural","Not Collision with Motor Vehicle in Transport (Not Necessarily in Transport for 2005-2009)","Daylight","Clear","1","0"
"27","270245","2015","9","3","23","Rural","Not Collision with Motor Vehicle in Transport (Not Necessarily in Transport for 2005-2009)","Dark - Unknown Lighting","Clear","1","1"
"27","270301","2015","10","2","16","Rural","Not Collision with Motor Vehicle in Transport (Not Necessarily in Transport for 2005-2009)","Daylight","Clear","1","0"
"27","270175","2015","7","4","22","Rural","Not Collision with Motor Vehicle in Transport (Not Necessarily in Transport for 2005-2009)","Dark - Not Lighted","Clear","2","1"
"55","550441","2015","10","7","2","Rural","Not Collision with Motor Vehicle in Transport (Not Necessarily in Transport for 2005-2009)","Dark - Not Lighted","Clear","1","1"
"55","550264","2015","8","1","1","Rural","Not Collision with Motor Vehicle in Transport (Not Necessarily in Transport for 2005-2009)","Dark - Not Lighted","Clear","1","1"
"53","530515","2015","12","3","23","Rural","Not Collision with Motor Vehicle in Transport (Not Necessarily in Transport for 2005-2009)","Dark - Not Lighted","Clear","1","1"
"28","280109","2015","3","7","20","Rural","Not Collision with Motor Vehicle in Transport (Not Necessarily in Transport for 2005-2009)","Dark - Not Lighted","Clear","1","1"
"28","280409","2015","9","4","7","Rural","Not Collision with Motor Vehicle in Transport (Not Necessarily in Transport for 2005-2009)","Daylight","Clear","1","0"
"28","280592","2015","10","1","23","Rural","Not Collision with Motor Vehicle in Transport (Not Necessarily in Transport for 2005-2009)","Dark - Not Lighted","Clear","1","0"
"28","280095","2015","2","7","20","Rural","Not Collision with Motor Vehicle in Transport (Not Necessarily in Transport for 2005-2009)","Dark - Not Lighted","Clear","2","0"
"28","280234","2015","6","6","15","Rural","Not Collision with Motor Vehicle in Transport (Not Necessarily in Transport for 2005-2009)","Daylight","Clear","1","0"
"28","280065","2015","2","3","14","Rural","Not Collision with Motor Vehicle in Transport (Not Necessarily in Transport for 2005-2009)","Daylight","Clear","1","1"
"28","280209","2015","5","6","9","Rural","Not Collision with Motor Vehicle in Transport (Not Necessarily in Transport for 2005-2009)","Daylight","Clear","1","0"
"28","280026","2015","1","7","23","Rural","Not Collision with Motor Vehicle in Transport (Not Necessarily in Transport for 2005-2009)","Dark - Not Lighted","Clear","1","1"
"28","280399","2015","9","7","14","Rural","Not Collision with Motor Vehicle in Transport (Not Necessarily in Transport for 2005-2009)","Daylight","Clear","1","1"
"28","280436","2015","10","5","17","Rural","Not Collision with Motor Vehicle in Transport (Not Necessarily in Transport for 2005-2009)","Daylight","Clear","1","0"
"28","280440","2015","10","1","15","Rural","Not Collision with Motor Vehicle in Transport (Not Necessarily in Transport for 2005-2009)","Daylight","Clear","1","1"
"28","280400","2015","9","7","21","Rural","Not Collision with Motor Vehicle in Transport (Not Necessarily in Transport for 2005-2009)","Dark - Not Lighted","Clear","1","1"
"28","280354","2015","8","1","0","Rural","Not Collision with Motor Vehicle in Transport (Not Necessarily in Transport for 2005-2009)","Dark - Not Lighted","Clear","1","1"
"28","280463","2015","10","4","3","Rural","Not Collision with Motor Vehicle in Transport (Not Necessarily in Transport for 2005-2009)","Dark - Not Lighted","Clear","1","0"
"28","280229","2015","6","4","18","Rural","Not Collision with Motor Vehicle in Transport (Not Necessarily in Transport for 2005-2009)","Daylight","Clear","1","0"
"28","280297","2015","7","3","18","Rural","Not Collision with Motor Vehicle in Transport (Not Necessarily in Transport for 2005-2009)","Daylight","Clear","1","0"
"28","280445","2015","10","5","0","Rural","Not Collision with Motor Vehicle in Transport (Not Necessarily in Transport for 2005-2009)","Dark - Not Lighted","Clear","1","0"
"28","280024","2015","1","4","18","Rural","Not Collision with Motor Vehicle in Transport (Not Necessarily in Transport for 2005-2009)","Dark - Not Lighted","Clear","1","1"
"28","280213","2015","5","1","2","Rural","Not Collision with Motor Vehicle in Transport (Not Necessarily in Transport for 2005-2009)","Dark - Not Lighted","Clear","1","0"
"28","280042","2015","2","6","23","Rural","Not Collision with Motor Vehicle in Transport (Not Necessarily in Transport for 2005-2009)","Dark - Not Lighted","Clear","1","1"
"28","280235","2015","6","1","3","Rural","Not Collision with Motor Vehicle in Transport (Not Necessarily in Transport for 2005-2009)","Dark - Not Lighted","Clear","1","0"
"28","280132","2015","4","3","18","Rural","Not Collision with Motor Vehicle in Transport (Not Necessarily in Transport for 2005-2009)","Daylight","Clear","1","0"
"28","280334","2015","8","3","8","Rural","Not Collision with Motor Vehicle in Transport (Not Necessarily in Transport for 2005-2009)","Daylight","Clear","1","0"
"37","370109","2015","2","7","4","Rural","Not Collision with Motor Vehicle in Transport (Not Necessarily in Transport for 2005-2009)","Dark - Not Lighted","Clear","2","1"
"18","180788","2015","1","1","3","Rural","Not Collision with Motor Vehicle in Transport (Not Necessarily in Transport for 2005-2009)","Dark - Not Lighted","Clear","1","1"
"17","170268","2015","3","2","15","Rural","Not Collision with Motor Vehicle in Transport (Not Necessarily in Transport for 2005-2009)","Daylight","Clear","1","0"
"36","360509","2015","7","2","16","Rural","Not Collision with Motor Vehicle in Transport (Not Necessarily in Transport for 2005-2009)","Daylight","Clear","1","0"
"34","340255","2015","8","1","17","Rural","Not Collision with Motor Vehicle in Transport (Not Necessarily in Transport for 2005-2009)","Daylight","Clear","1","0"
"37","370584","2015","6","5","19","Rural","Not Collision with Motor Vehicle in Transport (Not Necessarily in Transport for 2005-2009)","Daylight","Clear","1","0"
"37","370985","2015","10","1","6","Rural","Not Collision with Motor Vehicle in Transport (Not Necessarily in Transport for 2005-2009)","Dark - Not Lighted","Clear","1","1"
"20","200122","2015","6","4","4","Rural","Not Collision with Motor Vehicle in Transport (Not Necessarily in Transport for 2005-2009)","Dark - Not Lighted","Clear","1","0"
"20","200074","2015","4","1","6","Rural","Not Collision with Motor Vehicle in Transport (Not Necessarily in Transport for 2005-2009)","Dark - Not Lighted","Clear","1","0"
"20","200126","2015","6","1","3","Rural","Not Collision with Motor Vehicle in Transport (Not Necessarily in Transport for 2005-2009)","Dark - Not Lighted","Clear","1","0"
"20","200086","2015","4","7","23","Rural","Not Collision with Motor Vehicle in Transport (Not Necessarily in Transport for 2005-2009)","Dark - Not Lighted","Clear","1","1"
"20","200182","2015","8","6","19","Rural","Not Collision with Motor Vehicle in Transport (Not Necessarily in Transport for 2005-2009)","Daylight","Clear","1","1"
"20","200085","2015","4","2","17","Rural","Not Collision with Motor Vehicle in Transport (Not Necessarily in Transport for 2005-2009)","Daylight","Clear","1","0"
"20","200018","2015","1","6","16","Rural","Not Collision with Motor Vehicle in Transport (Not Necessarily in Transport for 2005-2009)","Daylight","Clear","1","0"
"20","200173","2015","8","3","2","Rural","Not Collision with Motor Vehicle in Transport (Not Necessarily in Transport for 2005-2009)","Dark - Lighted","Clear","1","1"
"13","130517","2015","5","6","20","Rural","Not Collision with Motor Vehicle in Transport (Not Necessarily in Transport for 2005-2009)","Daylight","Clear","1","0"
"13","130478","2015","5","2","","Rural","Not Collision with Motor Vehicle in Transport (Not Necessarily in Transport for 2005-2009)","Non documente","Clear","1","0"
"17","170528","2015","8","6","13","Rural","Not Collision with Motor Vehicle in Transport (Not Necessarily in Transport for 2005-2009)","Daylight","Clear","1","1"
"28","280424","2015","9","4","14","Rural","Not Collision with Motor Vehicle in Transport (Not Necessarily in Transport for 2005-2009)","Daylight","Clear","2","0"