"state_number","consecutive_number","year_of_crash","month_of_crash","day_of_week","hour_of_crash","land_use_name","manner_of_collision_name","light_condition_name","atmospheric_conditions_name","number_of_fatalities","number_of_drunk_drivers"
"47","470438","2015","7","7","15","Urban","Not Collision with Motor Vehicle in Transport (Not Necessarily in Transport for 2005-2009)","Daylight","Clear","1","0"
"55","550254","2015","7","6","6","Urban","Not Collision with Motor Vehicle in Transport (Not Necessarily in Transport for 2005-2009)","Daylight","Clear","1","1"
"55","550052","2015","2","4","17","Urban","Not Collision with Motor Vehicle in Transport (Not Necessarily in Transport for 2005-2009)","Dark - Lighted","Clear","1","0"
"35","350163","2015","9","7","21","Urban","Not Collision with Motor Vehicle in Transport (Not Necessarily in Transport for 2005-2009)","Dark - Lighted","Clear","1","0"
"35","350222","2015","8","5","23","Urban","Not Collision with Motor Vehicle in Transport (Not Necessarily in Transport for 2005-2009)","Dark - Not Lighted","Clear","1","1"
"53","530499","2015","12","5","2","Urban","Not Collision with Motor Vehicle in Transport (Not Necessarily in Transport for 2005-2009)","Dark - Lighted","Clear","1","1"
"53","530463","2015","10","4","1","Urban","Not Collision with Motor Vehicle in Transport (Not Necessarily in Transport for 2005-2009)","Dark - Lighted","Clear","1","1"
"53","530366","2015","9","4","14","Urban","Not Collision with Motor Vehicle in Transport (Not Necessarily in Transport for 2005-2009)","Daylight","Clear","1","0"
"53","530079","2015","3","5","18","Urban","Not Collision with Motor Vehicle in Transport (Not Necessarily in Transport for 2005-2009)","Dark - Lighted","Clear","1","0"
"53","530042","2015","2","4","0","Urban","Not Collision with Motor Vehicle in Transport (Not Necessarily in Transport for 2005-2009)","Dark - Lighted","Clear","1","1"
"53","530183","2015","6","6","0","Urban","Not Collision with Motor Vehicle in Transport (Not Necessarily in Transport for 2005-2009)","Dark - Lighted","Clear","1","1"
"9","90026","2015","5","7","0","Urban","Not Collision with Motor Vehicle in Transport (Not Necessarily in Transport for 2005-2009)","Dark - Lighted","Clear","1","0"
"42","420718","2015","10","1","3","Urban","Not Collision with Motor Vehicle in Transport (Not Necessarily in Transport for 2005-2009)","Dark - Lighted","Clear","1","1"
"37","370148","2015","2","1","17","Urban","Not Collision with Motor Vehicle in Transport (Not Necessarily in Transport for 2005-2009)","Dark - Lighted","Clear","1","1"
"48","483253","2015","8","2","1","Urban","Not Collision with Motor Vehicle in Transport (Not Necessarily in Transport for 2005-2009)","Dark - Not Lighted","Clear","1","0"
"17","170308","2015","6","4","12","Urban","Not Collision with Motor Vehicle in Transport (Not Necessarily in Transport for 2005-2009)","Daylight","Clear","1","0"
"45","450530","2015","8","3","3","Urban","Not Collision with Motor Vehicle in Transport (Not Necessarily in Transport for 2005-2009)","Dark - Not Lighted","Clear","1","1"
"16","160088","2015","9","4","8","Urban","Not Collision with Motor Vehicle in Transport (Not Necessarily in Transport for 2005-2009)","Daylight","Clear","1","1"
"48","481893","2015","8","3","2","Urban","Not Collision with Motor Vehicle in Transport (Not Necessarily in Transport for 2005-2009)","Dark - Lighted","Clear","1","1"
"48","481715","2015","7","1","16","Urban","Not Collision with Motor Vehicle in Transport (Not Necessarily in Transport for 2005-2009)","Daylight","Clear","1","0"
"48","480669","2015","3","1","3","Urban","Not Collision with Motor Vehicle in Transport (Not Necessarily in Transport for 2005-2009)","Dark - Lighted","Clear","1","0"
"48","480532","2015","3","1","2","Urban","Not Collision with Motor Vehicle in Transport (Not Necessarily in Transport for 2005-2009)","Dark - Lighted","Clear","1","1"
"48","482331","2015","10","4","23","Urban","Not Collision with Motor Vehicle in Transport (Not Necessarily in Transport for 2005-2009)","Dark - Lighted","Clear","1","0"
"48","482893","2015","12","5","21","Urban","Not Collision with Motor Vehicle in Transport (Not Necessarily in Transport for 2005-2009)","Dark - Lighted","Clear","1","1"
"48","482854","2015","4","6","20","Urban","Not Collision with Motor Vehicle in Transport (Not Necessarily in Transport for 2005-2009)","Dark - Lighted","Clear","1","0"
"48","483251","2015","4","6","2","Urban","Not Collision with Motor Vehicle in Transport (Not Necessarily in Transport for 2005-2009)","Dark - Lighted","Clear","1","1"
"48","480877","2015","1","1","20","Urban","Not Collision with Motor Vehicle in Transport (Not Necessarily in Transport for 2005-2009)","Dark - Lighted","Clear","1","0"
"48","481828","2015","8","1","14","Urban","Not Collision with Motor Vehicle in Transport (Not Necessarily in Transport for 2005-2009)","Daylight","Clear","1","0"
"48","482313","2015","10","1","3","Urban","Not Collision with Motor Vehicle in Transport (Not Necessarily in Transport for 2005-2009)","Dark - Lighted","Clear","1","1"
"48","481170","2015","5","7","1","Urban","Not Collision with Motor Vehicle in Transport (Not Necessarily in Transport for 2005-2009)","Dark - Lighted","Clear","1","1"
"48","480931","2015","5","4","1","Urban","Not Collision with Motor Vehicle in Transport (Not Necessarily in Transport for 2005-2009)","Dark - Lighted","Clear","1","1"
"48","480220","2015","1","7","2","Urban","Not Collision with Motor Vehicle in Transport (Not Necessarily in Transport for 2005-2009)","Dark - Lighted","Clear","1","1"
"48","480275","2015","2","6","7","Urban","Not Collision with Motor Vehicle in Transport (Not Necessarily in Transport for 2005-2009)","Daylight","Clear","1","0"
"48","480264","2015","2","1","13","Urban","Not Collision with Motor Vehicle in Transport (Not Necessarily in Transport for 2005-2009)","Daylight","Clear","1","0"
"48","482322","2015","10","3","2","Urban","Not Collision with Motor Vehicle in Transport (Not Necessarily in Transport for 2005-2009)","Dark - Lighted","Clear","1","1"
"25","250076","2015","1","2","12","Urban","Not Collision with Motor Vehicle in Transport (Not Necessarily in Transport for 2005-2009)","Daylight","Clear","1","0"
"25","250295","2015","10","5","0","Urban","Not Collision with Motor Vehicle in Transport (Not Necessarily in Transport for 2005-2009)","Dark - Lighted","Clear","1","1"
"35","350251","2015","12","1","21","Urban","Not Collision with Motor Vehicle in Transport (Not Necessarily in Transport for 2005-2009)","Dark - Not Lighted","Clear","2","0"
"22","220443","2015","9","7","23","Urban","Not Collision with Motor Vehicle in Transport (Not Necessarily in Transport for 2005-2009)","Dark - Lighted","Clear","1","1"
"2","20049","2015","10","1","0","Urban","Not Collision with Motor Vehicle in Transport (Not Necessarily in Transport for 2005-2009)","Dark - Lighted","Clear","1","1"
"26","260382","2015","7","1","20","Urban","Not Collision with Motor Vehicle in Transport (Not Necessarily in Transport for 2005-2009)","Daylight","Clear","1","1"
"34","340453","2015","11","1","13","Urban","Not Collision with Motor Vehicle in Transport (Not Necessarily in Transport for 2005-2009)","Daylight","Clear","1","0"
"48","482078","2015","9","5","4","Urban","Not Collision with Motor Vehicle in Transport (Not Necessarily in Transport for 2005-2009)","Dark - Lighted","Clear","1","0"
"4","40126","2015","2","3","1","Urban","Not Collision with Motor Vehicle in Transport (Not Necessarily in Transport for 2005-2009)","Dark - Lighted","Clear","1","1"
"12","122633","2015","11","5","14","Urban","Not Collision with Motor Vehicle in Transport (Not Necessarily in Transport for 2005-2009)","Daylight","Clear","1","1"
"12","120439","2015","3","7","2","Urban","Not Collision with Motor Vehicle in Transport (Not Necessarily in Transport for 2005-2009)","Dark - Lighted","Clear","1","1"
"12","121461","2015","7","7","14","Urban","Not Collision with Motor Vehicle in Transport (Not Necessarily in Transport for 2005-2009)","Daylight","Clear","1","0"
"12","121838","2015","9","2","15","Urban","Not Collision with Motor Vehicle in Transport (Not Necessarily in Transport for 2005-2009)","Daylight","Clear","2","0"
"13","130994","2015","10","5","8","Urban","Not Collision with Motor Vehicle in Transport (Not Necessarily in Transport for 2005-2009)","Dark - Not Lighted","Clear","1","0"
"13","130291","2015","3","3","12","Urban","Not Collision with Motor Vehicle in Transport (Not Necessarily in Transport for 2005-2009)","Daylight","Clear","1","0"
"56","560127","2015","12","5","22","Urban","Not Collision with Motor Vehicle in Transport (Not Necessarily in Transport for 2005-2009)","Dark - Lighted","Clear","1","1"
"5","50320","2015","8","1","13","Urban","Not Collision with Motor Vehicle in Transport (Not Necessarily in Transport for 2005-2009)","Daylight","Clear","1","1"
"8","80155","2015","5","6","17","Urban","Not Collision with Motor Vehicle in Transport (Not Necessarily in Transport for 2005-2009)","Daylight","Clear","1","0"
"8","80296","2015","8","3","1","Urban","Not Collision with Motor Vehicle in Transport (Not Necessarily in Transport for 2005-2009)","Dark - Lighted","Clear","1","1"
"17","170365","2015","7","4","5","Urban","Not Collision with Motor Vehicle in Transport (Not Necessarily in Transport for 2005-2009)","Dark - Not Lighted","Clear","1","0"
"17","170129","2015","4","2","5","Urban","Not Collision with Motor Vehicle in Transport (Not Necessarily in Transport for 2005-2009)","Dark - Lighted","Clear","1","0"
"17","170645","2015","7","1","0","Urban","Not Collision with Motor Vehicle in Transport (Not Necessarily in Transport for 2005-2009)","Dark - Lighted","Clear","1","0"
"17","170974","2015","12","5","0","Urban","Not Collision with Motor Vehicle in Transport (Not Necessarily in Transport for 2005-2009)","Dark - Lighted","Clear","1","0"
"17","170889","2015","12","4","14","Urban","Not Collision with Motor Vehicle in Transport (Not Necessarily in Transport for 2005-2009)","Daylight","Clear","1","0"
"21","210404","2015","8","3","2","Urban","Not Collision with Motor Vehicle in Transport (Not Necessarily in Transport for 2005-2009)","Dark - Lighted","Clear","1","1"
"24","240242","2015","9","3","13","Urban","Not Collision with Motor Vehicle in Transport (Not Necessarily in Transport for 2005-2009)","Daylight","Clear","1","0"
"27","270234","2015","8","7","19","Urban","Not Collision with Motor Vehicle in Transport (Not Necessarily in Transport for 2005-2009)","Daylight","Clear","1","0"
"47","470053","2015","2","5","18","Urban","Not Collision with Motor Vehicle in Transport (Not Necessarily in Transport for 2005-2009)","Dark - Lighted","Clear","1","0"
"55","550231","2015","7","7","2","Urban","Not Collision with Motor Vehicle in Transport (Not Necessarily in Transport for 2005-2009)","Dark - Lighted","Clear","1","1"
"34","340020","2015","1","5","20","Urban","Not Collision with Motor Vehicle in Transport (Not Necessarily in Transport for 2005-2009)","Dark - Not Lighted","Clear","1","0"
"42","420061","2015","1","7","1","Urban","Not Collision with Motor Vehicle in Transport (Not Necessarily in Transport for 2005-2009)","Dark - Lighted","Clear","1","1"
"42","420249","2015","4","6","15","Urban","Not Collision with Motor Vehicle in Transport (Not Necessarily in Transport for 2005-2009)","Daylight","Clear","1","0"
"42","420532","2015","8","2","2","Urban","Not Collision with Motor Vehicle in Transport (Not Necessarily in Transport for 2005-2009)","Dark - Lighted","Clear","2","1"
"37","370454","2015","5","6","9","Urban","Not Collision with Motor Vehicle in Transport (Not Necessarily in Transport for 2005-2009)","Daylight","Clear","1","0"
"39","390039","2015","1","3","20","Urban","Not Collision with Motor Vehicle in Transport (Not Necessarily in Transport for 2005-2009)","Dark - Lighted","Clear","1","0"
"39","390699","2015","9","2","2","Urban","Not Collision with Motor Vehicle in Transport (Not Necessarily in Transport for 2005-2009)","Dark - Lighted","Clear","1","0"
"48","481478","2015","7","6","5","Urban","Not Collision with Motor Vehicle in Transport (Not Necessarily in Transport for 2005-2009)","Dawn","Clear","2","0"
"15","150070","2015","9","3","5","Urban","Not Collision with Motor Vehicle in Transport (Not Necessarily in Transport for 2005-2009)","Dawn","Clear","1","0"
"15","150007","2015","1","7","3","Urban","Not Collision with Motor Vehicle in Transport (Not Necessarily in Transport for 2005-2009)","Dark - Lighted","Clear","1","0"
"32","320131","2015","4","3","16","Urban","Not Collision with Motor Vehicle in Transport (Not Necessarily in Transport for 2005-2009)","Daylight","Clear","1","0"
"41","410164","2015","6","2","20","Urban","Not Collision with Motor Vehicle in Transport (Not Necessarily in Transport for 2005-2009)","Dusk","Clear","1","1"
"1","10168","2015","4","1","0","Urban","Not Collision with Motor Vehicle in Transport (Not Necessarily in Transport for 2005-2009)","Dark - Not Lighted","Clear","1","1"
"12","122716","2015","11","6","16","Urban","Not Collision with Motor Vehicle in Transport (Not Necessarily in Transport for 2005-2009)","Daylight","Clear","1","0"
"12","121520","2015","8","4","2","Urban","Not Collision with Motor Vehicle in Transport (Not Necessarily in Transport for 2005-2009)","Dark - Lighted","Clear","1","1"
"12","122394","2015","10","1","0","Urban","Not Collision with Motor Vehicle in Transport (Not Necessarily in Transport for 2005-2009)","Dark - Lighted","Clear","1","0"
"12","120788","2015","4","5","12","Urban","Not Collision with Motor Vehicle in Transport (Not Necessarily in Transport for 2005-2009)","Daylight","Clear","1","0"
"12","120923","2015","4","5","19","Urban","Not Collision with Motor Vehicle in Transport (Not Necessarily in Transport for 2005-2009)","Daylight","Clear","2","0"
"12","121677","2015","9","6","19","Urban","Not Collision with Motor Vehicle in Transport (Not Necessarily in Transport for 2005-2009)","Daylight","Clear","1","1"
"12","122774","2015","10","6","23","Urban","Not Collision with Motor Vehicle in Transport (Not Necessarily in Transport for 2005-2009)","Dark - Lighted","Clear","1","0"
"12","120243","2015","2","1","0","Urban","Not Collision with Motor Vehicle in Transport (Not Necessarily in Transport for 2005-2009)","Dark - Lighted","Clear","1","1"
"12","121018","2015","5","5","13","Urban","Not Collision with Motor Vehicle in Transport (Not Necessarily in Transport for 2005-2009)","Daylight","Clear","1","0"
"12","120695","2015","2","1","5","Urban","Not Collision with Motor Vehicle in Transport (Not Necessarily in Transport for 2005-2009)","Dark - Lighted","Clear","2","0"
"12","122454","2015","12","7","0","Urban","Not Collision with Motor Vehicle in Transport (Not Necessarily in Transport for 2005-2009)","Dark - Lighted","Clear","1","0"
"12","122385","2015","9","6","3","Urban","Not Collision with Motor Vehicle in Transport (Not Necessarily in Transport for 2005-2009)","Dark - Lighted","Clear","1","1"
"12","122759","2015","4","4","1","Urban","Not Collision with Motor Vehicle in Transport (Not Necessarily in Transport for 2005-2009)","Dark - Lighted","Clear","3","0"
"12","121567","2015","8","4","22","Urban","Not Collision with Motor Vehicle in Transport (Not Necessarily in Transport for 2005-2009)","Dark - Lighted","Clear","1","0"
"12","121033","2015","5","4","18","Urban","Not Collision with Motor Vehicle in Transport (Not Necessarily in Transport for 2005-2009)","Daylight","Clear","1","0"
"12","121127","2015","4","4","1","Urban","Not Collision with Motor Vehicle in Transport (Not Necessarily in Transport for 2005-2009)","Dark - Lighted","Clear","1","0"
"12","120748","2015","1","1","3","Urban","Not Collision with Motor Vehicle in Transport (Not Necessarily in Transport for 2005-2009)","Dark - Lighted","Clear","1","1"
"13","131220","2015","12","7","14","Urban","Not Collision with Motor Vehicle in Transport (Not Necessarily in Transport for 2005-2009)","Daylight","Clear","1","0"
"13","131118","2015","11","7","4","Urban","Not Collision with Motor Vehicle in Transport (Not Necessarily in Transport for 2005-2009)","Dark - Not Lighted","Clear","1","1"
"8","80455","2015","11","1","0","Urban","Not Collision with Motor Vehicle in Transport (Not Necessarily in Transport for 2005-2009)","Dark - Lighted","Clear","1","0"
"17","170564","2015","8","4","13","Urban","Not Collision with Motor Vehicle in Transport (Not Necessarily in Transport for 2005-2009)","Daylight","Clear","1","0"
"17","170173","2015","4","5","5","Urban","Not Collision with Motor Vehicle in Transport (Not Necessarily in Transport for 2005-2009)","Daylight","Clear","1","0"
"24","240150","2015","5","3","21","Urban","Not Collision with Motor Vehicle in Transport (Not Necessarily in Transport for 2005-2009)","Dark - Lighted","Clear","2","1"
"24","240167","2015","5","7","17","Urban","Not Collision with Motor Vehicle in Transport (Not Necessarily in Transport for 2005-2009)","Daylight","Clear","1","0"
"24","240358","2015","10","7","0","Urban","Not Collision with Motor Vehicle in Transport (Not Necessarily in Transport for 2005-2009)","Dark - Lighted","Clear","1","0"
"36","360950","2015","10","1","23","Urban","Not Collision with Motor Vehicle in Transport (Not Necessarily in Transport for 2005-2009)","Dark - Lighted","Clear","1","1"
"36","360217","2015","5","6","1","Urban","Not Collision with Motor Vehicle in Transport (Not Necessarily in Transport for 2005-2009)","Dark - Lighted","Clear","1","0"
"22","220352","2015","7","6","22","Urban","Not Collision with Motor Vehicle in Transport (Not Necessarily in Transport for 2005-2009)","Dark - Lighted","Clear","1","1"
"47","470617","2015","8","7","23","Urban","Not Collision with Motor Vehicle in Transport (Not Necessarily in Transport for 2005-2009)","Dark - Lighted","Clear","1","1"
"34","340123","2015","5","1","9","Urban","Not Collision with Motor Vehicle in Transport (Not Necessarily in Transport for 2005-2009)","Daylight","Clear","1","0"
"34","340203","2015","6","1","11","Urban","Not Collision with Motor Vehicle in Transport (Not Necessarily in Transport for 2005-2009)","Daylight","Clear","1","0"
"34","340031","2015","1","6","16","Urban","Not Collision with Motor Vehicle in Transport (Not Necessarily in Transport for 2005-2009)","Daylight","Clear","1","0"
"53","530189","2015","6","3","8","Urban","Not Collision with Motor Vehicle in Transport (Not Necessarily in Transport for 2005-2009)","Daylight","Clear","1","0"
"53","530367","2015","9","4","","Urban","Not Collision with Motor Vehicle in Transport (Not Necessarily in Transport for 2005-2009)","Non documente","Clear","2","1"
"53","530334","2015","9","2","22","Urban","Not Collision with Motor Vehicle in Transport (Not Necessarily in Transport for 2005-2009)","Dark - Lighted","Clear","1","0"
"42","420146","2015","3","5","8","Urban","Not Collision with Motor Vehicle in Transport (Not Necessarily in Transport for 2005-2009)","Daylight","Clear","1","0"
"42","420329","2015","5","7","17","Urban","Not Collision with Motor Vehicle in Transport (Not Necessarily in Transport for 2005-2009)","Daylight","Clear","1","1"
"42","420922","2015","9","4","17","Urban","Not Collision with Motor Vehicle in Transport (Not Necessarily in Transport for 2005-2009)","Daylight","Clear","1","0"
"46","460019","2015","4","1","2","Urban","Not Collision with Motor Vehicle in Transport (Not Necessarily in Transport for 2005-2009)","Dark - Lighted","Clear","1","0"
"25","250132","2015","8","7","7","Urban","Not Collision with Motor Vehicle in Transport (Not Necessarily in Transport for 2005-2009)","Daylight","Clear","1","0"
"25","250100","2015","7","6","1","Urban","Not Collision with Motor Vehicle in Transport (Not Necessarily in Transport for 2005-2009)","Dark - Not Lighted","Clear","1","1"
"25","250058","2015","6","4","11","Urban","Not Collision with Motor Vehicle in Transport (Not Necessarily in Transport for 2005-2009)","Daylight","Clear","1","0"
"39","391075","2015","4","1","1","Urban","Not Collision with Motor Vehicle in Transport (Not Necessarily in Transport for 2005-2009)","Dark - Lighted","Clear","1","1"
"8","80027","2015","1","2","12","Urban","Not Collision with Motor Vehicle in Transport (Not Necessarily in Transport for 2005-2009)","Daylight","Clear","1","1"
"27","270158","2015","6","5","22","Urban","Not Collision with Motor Vehicle in Transport (Not Necessarily in Transport for 2005-2009)","Dark - Lighted","Clear","1","1"
"53","530230","2015","7","5","20","Urban","Not Collision with Motor Vehicle in Transport (Not Necessarily in Transport for 2005-2009)","Daylight","Clear","1","1"
"45","450797","2015","11","3","14","Urban","Not Collision with Motor Vehicle in Transport (Not Necessarily in Transport for 2005-2009)","Daylight","Clear","1","0"
"23","230031","2015","5","5","1","Urban","Not Collision with Motor Vehicle in Transport (Not Necessarily in Transport for 2005-2009)","Dark - Lighted","Clear","1","1"
"48","482022","2015","8","6","23","Urban","Not Collision with Motor Vehicle in Transport (Not Necessarily in Transport for 2005-2009)","Dark - Lighted","Clear","2","0"
"48","480522","2015","3","6","12","Urban","Not Collision with Motor Vehicle in Transport (Not Necessarily in Transport for 2005-2009)","Daylight","Clear","1","0"
"2","20001","2015","2","5","0","Urban","Not Collision with Motor Vehicle in Transport (Not Necessarily in Transport for 2005-2009)","Dark - Lighted","Clear","1","1"
"20","200020","2015","1","6","18","Urban","Not Collision with Motor Vehicle in Transport (Not Necessarily in Transport for 2005-2009)","Dark - Lighted","Clear","1","1"
"4","40331","2015","5","4","8","Urban","Not Collision with Motor Vehicle in Transport (Not Necessarily in Transport for 2005-2009)","Daylight","Clear","1","0"
"30","300204","2015","7","2","22","Urban","Not Collision with Motor Vehicle in Transport (Not Necessarily in Transport for 2005-2009)","Dark - Lighted","Clear","1","1"
"8","80371","2015","9","4","0","Urban","Not Collision with Motor Vehicle in Transport (Not Necessarily in Transport for 2005-2009)","Dark - Lighted","Clear","2","1"
"8","80068","2015","3","6","12","Urban","Not Collision with Motor Vehicle in Transport (Not Necessarily in Transport for 2005-2009)","Daylight","Clear","2","1"
"29","290211","2015","4","4","10","Urban","Not Collision with Motor Vehicle in Transport (Not Necessarily in Transport for 2005-2009)","Daylight","Clear","1","0"
"29","290042","2015","1","3","8","Urban","Not Collision with Motor Vehicle in Transport (Not Necessarily in Transport for 2005-2009)","Daylight","Clear","1","1"
"36","360168","2015","2","6","19","Urban","Not Collision with Motor Vehicle in Transport (Not Necessarily in Transport for 2005-2009)","Dark - Lighted","Clear","1","0"
"53","530094","2015","3","3","9","Urban","Not Collision with Motor Vehicle in Transport (Not Necessarily in Transport for 2005-2009)","Daylight","Clear","1","0"
"48","481675","2015","7","1","2","Urban","Not Collision with Motor Vehicle in Transport (Not Necessarily in Transport for 2005-2009)","Dark - Lighted","Clear","2","0"
"29","290824","2015","10","5","12","Urban","Not Collision with Motor Vehicle in Transport (Not Necessarily in Transport for 2005-2009)","Daylight","Clear","1","0"
"36","360180","2015","3","2","0","Urban","Not Collision with Motor Vehicle in Transport (Not Necessarily in Transport for 2005-2009)","Dark - Lighted","Clear","1","1"
"48","480893","2015","4","3","17","Urban","Not Collision with Motor Vehicle in Transport (Not Necessarily in Transport for 2005-2009)","Daylight","Clear","1","0"
"48","480327","2015","2","1","3","Urban","Not Collision with Motor Vehicle in Transport (Not Necessarily in Transport for 2005-2009)","Dark - Lighted","Clear","1","1"
"48","481973","2015","8","6","23","Urban","Not Collision with Motor Vehicle in Transport (Not Necessarily in Transport for 2005-2009)","Dark - Not Lighted","Clear","1","0"
"48","481615","2015","6","6","9","Urban","Not Collision with Motor Vehicle in Transport (Not Necessarily in Transport for 2005-2009)","Daylight","Clear","1","0"
"48","483028","2015","12","6","4","Urban","Not Collision with Motor Vehicle in Transport (Not Necessarily in Transport for 2005-2009)","Dark - Lighted","Clear","1","1"
"48","481431","2015","6","1","7","Urban","Not Collision with Motor Vehicle in Transport (Not Necessarily in Transport for 2005-2009)","Daylight","Clear","1","1"
"1","10185","2015","4","4","14","Urban","Not Collision with Motor Vehicle in Transport (Not Necessarily in Transport for 2005-2009)","Daylight","Clear","1","0"
"48","482367","2015","10","3","16","Urban","Not Collision with Motor Vehicle in Transport (Not Necessarily in Transport for 2005-2009)","Daylight","Clear","1","0"
"5","50117","2015","4","7","17","Urban","Not Collision with Motor Vehicle in Transport (Not Necessarily in Transport for 2005-2009)","Daylight","Clear","1","0"
"34","340140","2015","6","1","17","Urban","Not Collision with Motor Vehicle in Transport (Not Necessarily in Transport for 2005-2009)","Daylight","Clear","1","0"
"48","481705","2015","7","7","11","Urban","Not Collision with Motor Vehicle in Transport (Not Necessarily in Transport for 2005-2009)","Daylight","Clear","1","0"
"39","390793","2015","10","6","12","Urban","Not Collision with Motor Vehicle in Transport (Not Necessarily in Transport for 2005-2009)","Daylight","Clear","1","0"
"16","160096","2015","8","4","19","Urban","Not Collision with Motor Vehicle in Transport (Not Necessarily in Transport for 2005-2009)","Daylight","Clear","1","1"
"12","120400","2015","3","4","9","Urban","Not Collision with Motor Vehicle in Transport (Not Necessarily in Transport for 2005-2009)","Daylight","Clear","2","0"
"45","450541","2015","8","3","4","Urban","Not Collision with Motor Vehicle in Transport (Not Necessarily in Transport for 2005-2009)","Dark - Not Lighted","Clear","1","0"
"49","490140","2015","6","7","18","Urban","Not Collision with Motor Vehicle in Transport (Not Necessarily in Transport for 2005-2009)","Daylight","Clear","1","0"
"12","122039","2015","10","3","3","Urban","Not Collision with Motor Vehicle in Transport (Not Necessarily in Transport for 2005-2009)","Dark - Lighted","Clear","1","1"
"8","80211","2015","6","6","21","Urban","Not Collision with Motor Vehicle in Transport (Not Necessarily in Transport for 2005-2009)","Dark - Lighted","Clear","1","1"
"22","220605","2015","11","4","22","Urban","Not Collision with Motor Vehicle in Transport (Not Necessarily in Transport for 2005-2009)","Dark - Lighted","Clear","1","0"
"55","550077","2015","3","7","19","Urban","Not Collision with Motor Vehicle in Transport (Not Necessarily in Transport for 2005-2009)","Dark - Lighted","Clear","1","0"
"34","340304","2015","5","1","17","Urban","Not Collision with Motor Vehicle in Transport (Not Necessarily in Transport for 2005-2009)","Daylight","Clear","1","1"
"45","450358","2015","6","6","22","Urban","Not Collision with Motor Vehicle in Transport (Not Necessarily in Transport for 2005-2009)","Dark - Lighted","Clear","1","0"
"39","390635","2015","8","7","23","Urban","Not Collision with Motor Vehicle in Transport (Not Necessarily in Transport for 2005-2009)","Dark - Lighted","Clear","1","1"
"48","481875","2015","7","1","6","Urban","Not Collision with Motor Vehicle in Transport (Not Necessarily in Transport for 2005-2009)","Dark - Not Lighted","Clear","1","0"
"12","120861","2015","5","1","11","Urban","Not Collision with Motor Vehicle in Transport (Not Necessarily in Transport for 2005-2009)","Daylight","Clear","1","0"
"12","120221","2015","2","3","3","Urban","Not Collision with Motor Vehicle in Transport (Not Necessarily in Transport for 2005-2009)","Dark - Lighted","Clear","1","1"
"40","400086","2015","1","5","18","Urban","Not Collision with Motor Vehicle in Transport (Not Necessarily in Transport for 2005-2009)","Dusk","Clear","1","1"
"40","400030","2015","1","7","1","Urban","Not Collision with Motor Vehicle in Transport (Not Necessarily in Transport for 2005-2009)","Dark - Lighted","Clear","1","1"
"35","350259","2015","12","5","9","Urban","Not Collision with Motor Vehicle in Transport (Not Necessarily in Transport for 2005-2009)","Daylight","Clear","1","0"
"42","420335","2015","5","6","17","Urban","Not Collision with Motor Vehicle in Transport (Not Necessarily in Transport for 2005-2009)","Daylight","Clear","1","0"
"42","420330","2015","5","2","19","Urban","Not Collision with Motor Vehicle in Transport (Not Necessarily in Transport for 2005-2009)","Dusk","Clear","1","1"
"44","440017","2015","6","7","1","Urban","Not Collision with Motor Vehicle in Transport (Not Necessarily in Transport for 2005-2009)","Dark - Lighted","Clear","1","1"
"25","250202","2015","11","1","7","Urban","Not Collision with Motor Vehicle in Transport (Not Necessarily in Transport for 2005-2009)","Dawn","Clear","1","1"
"25","250098","2015","7","6","20","Urban","Not Collision with Motor Vehicle in Transport (Not Necessarily in Transport for 2005-2009)","Dark - Not Lighted","Clear","1","1"
"33","330015","2015","4","2","10","Urban","Not Collision with Motor Vehicle in Transport (Not Necessarily in Transport for 2005-2009)","Daylight","Clear","1","0"
"49","490019","2015","2","7","2","Urban","Not Collision with Motor Vehicle in Transport (Not Necessarily in Transport for 2005-2009)","Dark - Not Lighted","Clear","1","1"
"33","330058","2015","8","5","13","Urban","Not Collision with Motor Vehicle in Transport (Not Necessarily in Transport for 2005-2009)","Daylight","Clear","1","1"
"48","483002","2015","12","4","16","Urban","Not Collision with Motor Vehicle in Transport (Not Necessarily in Transport for 2005-2009)","Daylight","Clear","1","0"
"55","550425","2015","11","2","2","Urban","Not Collision with Motor Vehicle in Transport (Not Necessarily in Transport for 2005-2009)","Dark - Lighted","Clear","1","1"
"48","481271","2015","6","1","2","Urban","Not Collision with Motor Vehicle in Transport (Not Necessarily in Transport for 2005-2009)","Dark - Lighted","Clear","1","1"
"4","40730","2015","9","5","4","Urban","Not Collision with Motor Vehicle in Transport (Not Necessarily in Transport for 2005-2009)","Dark - Lighted","Clear","1","0"
"20","200050","2015","2","6","6","Urban","Not Collision with Motor Vehicle in Transport (Not Necessarily in Transport for 2005-2009)","Dark - Lighted","Clear","1","0"