"state_number","consecutive_number","year_of_crash","month_of_crash","day_of_week","hour_of_crash","land_use_name","manner_of_collision_name","light_condition_name","atmospheric_conditions_name","number_of_fatalities","number_of_drunk_drivers"
"12","121901","2015","10","5","0","Urban","Not Collision with Motor Vehicle in Transport (Not Necessarily in Transport for 2005-2009)","Dark - Lighted","Clear","1","0"
"12","122525","2015","12","1","21","Urban","Not Collision with Motor Vehicle in Transport (Not Necessarily in Transport for 2005-2009)","Dark - Lighted","Clear","1","0"
"12","122208","2015","11","6","23","Urban","Not Collision with Motor Vehicle in Transport (Not Necessarily in Transport for 2005-2009)","Dark - Lighted","Clear","1","1"
"39","390309","2015","5","1","12","Urban","Not Collision with Motor Vehicle in Transport (Not Necessarily in Transport for 2005-2009)","Daylight","Clear","1","0"
"39","390459","2015","6","1","8","Urban","Not Collision with Motor Vehicle in Transport (Not Necessarily in Transport for 2005-2009)","Daylight","Clear","2","0"
"39","390801","2015","9","4","0","Urban","Not Collision with Motor Vehicle in Transport (Not Necessarily in Transport for 2005-2009)","Dark - Lighted","Clear","1","1"
"48","482900","2015","12","5","23","Urban","Not Collision with Motor Vehicle in Transport (Not Necessarily in Transport for 2005-2009)","Dark - Not Lighted","Clear","1","1"
"32","320160","2015","8","1","3","Urban","Not Collision with Motor Vehicle in Transport (Not Necessarily in Transport for 2005-2009)","Dark - Lighted","Clear","2","1"
"32","320220","2015","9","1","16","Urban","Not Collision with Motor Vehicle in Transport (Not Necessarily in Transport for 2005-2009)","Daylight","Clear","1","1"
"12","121395","2015","7","3","15","Urban","Not Collision with Motor Vehicle in Transport (Not Necessarily in Transport for 2005-2009)","Daylight","Clear","1","0"
"12","122784","2015","12","4","21","Urban","Not Collision with Motor Vehicle in Transport (Not Necessarily in Transport for 2005-2009)","Dark - Lighted","Clear","1","1"
"13","130783","2015","8","7","6","Urban","Not Collision with Motor Vehicle in Transport (Not Necessarily in Transport for 2005-2009)","Daylight","Clear","1","0"
"13","130957","2015","9","2","0","Urban","Not Collision with Motor Vehicle in Transport (Not Necessarily in Transport for 2005-2009)","Dark - Not Lighted","Clear","1","1"
"40","400588","2015","7","4","9","Urban","Not Collision with Motor Vehicle in Transport (Not Necessarily in Transport for 2005-2009)","Daylight","Clear","1","0"
"35","350030","2015","2","4","11","Urban","Not Collision with Motor Vehicle in Transport (Not Necessarily in Transport for 2005-2009)","Daylight","Clear","1","0"
"39","390498","2015","7","5","20","Urban","Not Collision with Motor Vehicle in Transport (Not Necessarily in Transport for 2005-2009)","Dusk","Clear","1","0"
"39","390579","2015","8","7","16","Urban","Not Collision with Motor Vehicle in Transport (Not Necessarily in Transport for 2005-2009)","Daylight","Clear","1","1"
"39","390655","2015","9","6","18","Urban","Not Collision with Motor Vehicle in Transport (Not Necessarily in Transport for 2005-2009)","Daylight","Clear","1","0"
"48","481712","2015","7","7","5","Urban","Not Collision with Motor Vehicle in Transport (Not Necessarily in Transport for 2005-2009)","Dark - Not Lighted","Clear","1","0"
"48","481569","2015","7","7","20","Urban","Not Collision with Motor Vehicle in Transport (Not Necessarily in Transport for 2005-2009)","Dark - Not Lighted","Clear","1","0"
"48","481305","2015","3","3","23","Urban","Not Collision with Motor Vehicle in Transport (Not Necessarily in Transport for 2005-2009)","Dark - Not Lighted","Clear","1","1"
"48","480666","2015","3","3","22","Urban","Not Collision with Motor Vehicle in Transport (Not Necessarily in Transport for 2005-2009)","Dark - Lighted","Clear","1","1"
"4","40283","2015","5","7","23","Urban","Not Collision with Motor Vehicle in Transport (Not Necessarily in Transport for 2005-2009)","Dark - Lighted","Clear","1","1"
"12","120850","2015","5","1","22","Urban","Not Collision with Motor Vehicle in Transport (Not Necessarily in Transport for 2005-2009)","Dark - Lighted","Clear","1","0"
"12","120526","2015","4","7","1","Urban","Not Collision with Motor Vehicle in Transport (Not Necessarily in Transport for 2005-2009)","Dark - Lighted","Clear","1","1"
"12","120057","2015","1","6","21","Urban","Not Collision with Motor Vehicle in Transport (Not Necessarily in Transport for 2005-2009)","Dark - Lighted","Clear","1","0"
"12","120606","2015","4","1","12","Urban","Not Collision with Motor Vehicle in Transport (Not Necessarily in Transport for 2005-2009)","Daylight","Clear","1","0"
"18","180276","2015","6","3","22","Urban","Not Collision with Motor Vehicle in Transport (Not Necessarily in Transport for 2005-2009)","Dark - Not Lighted","Clear","1","1"
"8","80467","2015","11","1","0","Urban","Not Collision with Motor Vehicle in Transport (Not Necessarily in Transport for 2005-2009)","Dark - Lighted","Clear","1","1"
"26","260238","2015","5","1","3","Urban","Not Collision with Motor Vehicle in Transport (Not Necessarily in Transport for 2005-2009)","Dark - Lighted","Clear","1","1"
"47","470489","2015","6","7","16","Urban","Not Collision with Motor Vehicle in Transport (Not Necessarily in Transport for 2005-2009)","Daylight","Clear","1","1"
"34","340139","2015","6","7","1","Urban","Not Collision with Motor Vehicle in Transport (Not Necessarily in Transport for 2005-2009)","Dark - Lighted","Clear","1","1"
"34","340363","2015","8","1","15","Urban","Not Collision with Motor Vehicle in Transport (Not Necessarily in Transport for 2005-2009)","Daylight","Clear","1","1"
"34","340243","2015","7","6","3","Urban","Not Collision with Motor Vehicle in Transport (Not Necessarily in Transport for 2005-2009)","Dark - Lighted","Clear","2","0"
"53","530259","2015","3","1","13","Urban","Not Collision with Motor Vehicle in Transport (Not Necessarily in Transport for 2005-2009)","Daylight","Clear","1","1"
"53","530413","2015","10","6","1","Urban","Not Collision with Motor Vehicle in Transport (Not Necessarily in Transport for 2005-2009)","Dark - Lighted","Clear","1","1"
"9","90243","2015","11","7","2","Urban","Not Collision with Motor Vehicle in Transport (Not Necessarily in Transport for 2005-2009)","Dark - Lighted","Clear","1","1"
"44","440035","2015","11","2","21","Urban","Not Collision with Motor Vehicle in Transport (Not Necessarily in Transport for 2005-2009)","Dark - Lighted","Clear","1","1"
"4","40245","2015","4","3","23","Urban","Not Collision with Motor Vehicle in Transport (Not Necessarily in Transport for 2005-2009)","Dark - Lighted","Clear","1","1"
"12","120528","2015","4","1","2","Urban","Not Collision with Motor Vehicle in Transport (Not Necessarily in Transport for 2005-2009)","Dark - Lighted","Clear","1","1"
"48","480162","2015","1","3","21","Urban","Not Collision with Motor Vehicle in Transport (Not Necessarily in Transport for 2005-2009)","Dark - Lighted","Clear","1","0"
"48","482903","2015","12","6","0","Urban","Not Collision with Motor Vehicle in Transport (Not Necessarily in Transport for 2005-2009)","Dark - Not Lighted","Clear","1","0"
"48","482404","2015","10","5","8","Urban","Not Collision with Motor Vehicle in Transport (Not Necessarily in Transport for 2005-2009)","Daylight","Clear","1","0"
"48","480273","2015","2","4","19","Urban","Not Collision with Motor Vehicle in Transport (Not Necessarily in Transport for 2005-2009)","Dark - Lighted","Clear","1","1"
"48","481567","2015","7","7","13","Urban","Not Collision with Motor Vehicle in Transport (Not Necessarily in Transport for 2005-2009)","Daylight","Clear","1","1"
"48","483230","2015","5","7","3","Urban","Not Collision with Motor Vehicle in Transport (Not Necessarily in Transport for 2005-2009)","Dark - Not Lighted","Clear","1","1"
"4","40695","2015","11","4","13","Urban","Not Collision with Motor Vehicle in Transport (Not Necessarily in Transport for 2005-2009)","Daylight","Clear","1","1"
"8","80310","2015","8","4","6","Urban","Not Collision with Motor Vehicle in Transport (Not Necessarily in Transport for 2005-2009)","Dark - Lighted","Clear","1","1"
"26","260509","2015","8","7","18","Urban","Not Collision with Motor Vehicle in Transport (Not Necessarily in Transport for 2005-2009)","Daylight","Clear","1","1"
"55","550418","2015","9","2","16","Urban","Not Collision with Motor Vehicle in Transport (Not Necessarily in Transport for 2005-2009)","Daylight","Clear","1","0"
"42","420659","2015","8","6","2","Urban","Not Collision with Motor Vehicle in Transport (Not Necessarily in Transport for 2005-2009)","Dark - Not Lighted","Clear","1","1"
"39","390837","2015","10","7","2","Urban","Not Collision with Motor Vehicle in Transport (Not Necessarily in Transport for 2005-2009)","Dark - Lighted","Clear","1","1"
"48","480816","2015","4","3","12","Urban","Not Collision with Motor Vehicle in Transport (Not Necessarily in Transport for 2005-2009)","Daylight","Clear","1","0"
"48","482318","2015","10","2","0","Urban","Not Collision with Motor Vehicle in Transport (Not Necessarily in Transport for 2005-2009)","Dark - Lighted","Clear","1","0"
"48","482527","2015","10","5","22","Urban","Not Collision with Motor Vehicle in Transport (Not Necessarily in Transport for 2005-2009)","Dark - Not Lighted","Clear","1","0"
"4","40645","2015","10","5","9","Urban","Not Collision with Motor Vehicle in Transport (Not Necessarily in Transport for 2005-2009)","Daylight","Clear","1","0"
"4","40628","2015","10","5","9","Urban","Not Collision with Motor Vehicle in Transport (Not Necessarily in Transport for 2005-2009)","Daylight","Clear","1","0"
"4","40567","2015","9","1","21","Urban","Not Collision with Motor Vehicle in Transport (Not Necessarily in Transport for 2005-2009)","Dark - Lighted","Clear","1","0"
"4","40087","2015","2","6","9","Urban","Not Collision with Motor Vehicle in Transport (Not Necessarily in Transport for 2005-2009)","Daylight","Clear","1","0"
"4","40304","2015","5","3","0","Urban","Not Collision with Motor Vehicle in Transport (Not Necessarily in Transport for 2005-2009)","Dark - Lighted","Clear","1","0"
"12","122051","2015","9","7","0","Urban","Not Collision with Motor Vehicle in Transport (Not Necessarily in Transport for 2005-2009)","Dark - Lighted","Clear","1","0"
"12","122626","2015","12","4","5","Urban","Not Collision with Motor Vehicle in Transport (Not Necessarily in Transport for 2005-2009)","Dark - Lighted","Clear","1","0"
"24","240429","2015","12","7","13","Urban","Not Collision with Motor Vehicle in Transport (Not Necessarily in Transport for 2005-2009)","Daylight","Clear","1","0"
"53","530378","2015","9","4","19","Urban","Not Collision with Motor Vehicle in Transport (Not Necessarily in Transport for 2005-2009)","Dark - Lighted","Clear","1","1"
"9","90085","2015","5","4","4","Urban","Not Collision with Motor Vehicle in Transport (Not Necessarily in Transport for 2005-2009)","Dark - Lighted","Clear","1","0"
"48","482086","2015","9","1","17","Urban","Not Collision with Motor Vehicle in Transport (Not Necessarily in Transport for 2005-2009)","Daylight","Clear","1","0"
"48","483138","2015","12","3","14","Urban","Not Collision with Motor Vehicle in Transport (Not Necessarily in Transport for 2005-2009)","Daylight","Clear","1","0"
"8","80481","2015","9","3","1","Urban","Not Collision with Motor Vehicle in Transport (Not Necessarily in Transport for 2005-2009)","Dark - Lighted","Clear","1","1"
"48","480874","2015","4","4","8","Urban","Not Collision with Motor Vehicle in Transport (Not Necessarily in Transport for 2005-2009)","Daylight","Clear","1","0"
"48","481988","2015","8","1","0","Urban","Not Collision with Motor Vehicle in Transport (Not Necessarily in Transport for 2005-2009)","Dark - Lighted","Clear","1","0"
"34","340021","2015","1","7","2","Urban","Not Collision with Motor Vehicle in Transport (Not Necessarily in Transport for 2005-2009)","Dark - Not Lighted","Clear","1","1"
"5","50239","2015","7","7","22","Rural","Not Collision with Motor Vehicle in Transport (Not Necessarily in Transport for 2005-2009)","Dark - Not Lighted","Clear","1","0"
"21","210529","2015","10","2","4","Rural","Not Collision with Motor Vehicle in Transport (Not Necessarily in Transport for 2005-2009)","Dark - Not Lighted","Clear","1","0"
"29","290621","2015","10","4","23","Rural","Not Collision with Motor Vehicle in Transport (Not Necessarily in Transport for 2005-2009)","Dark - Not Lighted","Clear","1","0"
"28","280020","2015","1","6","17","Rural","Not Collision with Motor Vehicle in Transport (Not Necessarily in Transport for 2005-2009)","Dark - Not Lighted","Clear","1","0"
"20","200178","2015","8","3","13","Rural","Not Collision with Motor Vehicle in Transport (Not Necessarily in Transport for 2005-2009)","Daylight","Clear","1","0"
"21","210119","2015","3","2","21","Rural","Not Collision with Motor Vehicle in Transport (Not Necessarily in Transport for 2005-2009)","Dark - Not Lighted","Clear","1","0"
"35","350019","2015","2","4","20","Rural","Not Collision with Motor Vehicle in Transport (Not Necessarily in Transport for 2005-2009)","Dark - Not Lighted","Clear","1","0"
"9","90214","2015","10","6","8","Rural","Not Collision with Motor Vehicle in Transport (Not Necessarily in Transport for 2005-2009)","Daylight","Clear","1","0"
"9","90128","2015","9","4","21","Rural","Not Collision with Motor Vehicle in Transport (Not Necessarily in Transport for 2005-2009)","Dark - Not Lighted","Clear","1","0"
"22","220036","2015","1","6","20","Rural","Not Collision with Motor Vehicle in Transport (Not Necessarily in Transport for 2005-2009)","Dark - Not Lighted","Clear","1","0"
"37","370101","2015","2","1","19","Urban","Not Collision with Motor Vehicle in Transport (Not Necessarily in Transport for 2005-2009)","Dark - Not Lighted","Clear","1","0"
"32","320056","2015","6","6","23","Urban","Not Collision with Motor Vehicle in Transport (Not Necessarily in Transport for 2005-2009)","Dark - Lighted","Clear","1","1"
"24","240003","2015","1","2","17","Urban","Not Collision with Motor Vehicle in Transport (Not Necessarily in Transport for 2005-2009)","Dark - Not Lighted","Clear","1","0"
"48","480925","2015","5","2","0","Urban","Not Collision with Motor Vehicle in Transport (Not Necessarily in Transport for 2005-2009)","Dark - Lighted","Clear","1","0"
"12","121867","2015","10","2","15","Urban","Not Collision with Motor Vehicle in Transport (Not Necessarily in Transport for 2005-2009)","Daylight","Clear","1","0"
"48","482987","2015","12","1","18","Urban","Not Collision with Motor Vehicle in Transport (Not Necessarily in Transport for 2005-2009)","Dark - Lighted","Clear","1","0"
"48","482458","2015","9","4","20","Urban","Not Collision with Motor Vehicle in Transport (Not Necessarily in Transport for 2005-2009)","Dark - Lighted","Clear","1","0"
"48","480736","2015","4","7","22","Urban","Not Collision with Motor Vehicle in Transport (Not Necessarily in Transport for 2005-2009)","Dark - Not Lighted","Clear","1","0"
"48","481545","2015","7","5","2","Urban","Not Collision with Motor Vehicle in Transport (Not Necessarily in Transport for 2005-2009)","Dark - Lighted","Clear","1","0"
"48","480725","2015","4","4","14","Urban","Not Collision with Motor Vehicle in Transport (Not Necessarily in Transport for 2005-2009)","Daylight","Clear","1","0"
"48","480950","2015","4","1","1","Urban","Not Collision with Motor Vehicle in Transport (Not Necessarily in Transport for 2005-2009)","Dark - Not Lighted","Clear","1","0"
"48","482187","2015","9","6","6","Urban","Not Collision with Motor Vehicle in Transport (Not Necessarily in Transport for 2005-2009)","Dark - Not Lighted","Clear","1","0"
"48","483093","2015","12","7","0","Urban","Not Collision with Motor Vehicle in Transport (Not Necessarily in Transport for 2005-2009)","Dark - Not Lighted","Clear","1","0"
"12","120107","2015","1","4","18","Urban","Not Collision with Motor Vehicle in Transport (Not Necessarily in Transport for 2005-2009)","Dark - Lighted","Clear","1","0"
"5","50385","2015","10","3","6","Urban","Not Collision with Motor Vehicle in Transport (Not Necessarily in Transport for 2005-2009)","Dawn","Clear","1","0"
"24","240243","2015","9","4","23","Urban","Not Collision with Motor Vehicle in Transport (Not Necessarily in Transport for 2005-2009)","Dark - Not Lighted","Clear","1","0"
"29","290516","2015","8","7","23","Urban","Not Collision with Motor Vehicle in Transport (Not Necessarily in Transport for 2005-2009)","Dark - Not Lighted","Clear","1","0"
"29","290473","2015","8","5","21","Urban","Not Collision with Motor Vehicle in Transport (Not Necessarily in Transport for 2005-2009)","Dark - Not Lighted","Clear","1","0"
"29","290302","2015","5","7","20","Urban","Not Collision with Motor Vehicle in Transport (Not Necessarily in Transport for 2005-2009)","Dark - Lighted","Clear","1","0"
"29","290074","2015","1","2","19","Urban","Not Collision with Motor Vehicle in Transport (Not Necessarily in Transport for 2005-2009)","Dark - Lighted","Clear","1","0"
"29","290515","2015","8","4","21","Urban","Not Collision with Motor Vehicle in Transport (Not Necessarily in Transport for 2005-2009)","Dark - Not Lighted","Clear","1","0"
"29","290023","2015","1","6","19","Urban","Not Collision with Motor Vehicle in Transport (Not Necessarily in Transport for 2005-2009)","Dark - Lighted","Clear","1","0"
"40","400174","2015","5","1","0","Urban","Not Collision with Motor Vehicle in Transport (Not Necessarily in Transport for 2005-2009)","Dark - Not Lighted","Clear","1","0"
"22","220291","2015","6","1","23","Urban","Not Collision with Motor Vehicle in Transport (Not Necessarily in Transport for 2005-2009)","Dark - Not Lighted","Clear","1","0"
"35","350050","2015","2","3","17","Urban","Not Collision with Motor Vehicle in Transport (Not Necessarily in Transport for 2005-2009)","Daylight","Clear","1","0"
"53","530131","2015","5","5","23","Urban","Not Collision with Motor Vehicle in Transport (Not Necessarily in Transport for 2005-2009)","Dark - Not Lighted","Clear","1","1"
"28","280381","2015","9","6","12","Urban","Not Collision with Motor Vehicle in Transport (Not Necessarily in Transport for 2005-2009)","Daylight","Clear","1","0"
"42","421026","2015","11","5","19","Urban","Not Collision with Motor Vehicle in Transport (Not Necessarily in Transport for 2005-2009)","Dark - Not Lighted","Clear","1","0"
"37","370960","2015","10","3","3","Urban","Not Collision with Motor Vehicle in Transport (Not Necessarily in Transport for 2005-2009)","Dark - Not Lighted","Clear","1","0"
"45","450411","2015","7","2","23","Urban","Not Collision with Motor Vehicle in Transport (Not Necessarily in Transport for 2005-2009)","Dark - Not Lighted","Clear","1","0"
"45","450077","2015","2","6","20","Urban","Not Collision with Motor Vehicle in Transport (Not Necessarily in Transport for 2005-2009)","Dark - Not Lighted","Clear","1","0"
"45","450070","2015","2","4","19","Urban","Not Collision with Motor Vehicle in Transport (Not Necessarily in Transport for 2005-2009)","Dark - Not Lighted","Clear","1","0"
"45","450051","2015","1","6","5","Urban","Not Collision with Motor Vehicle in Transport (Not Necessarily in Transport for 2005-2009)","Dark - Not Lighted","Clear","1","0"
"45","450127","2015","3","6","19","Urban","Not Collision with Motor Vehicle in Transport (Not Necessarily in Transport for 2005-2009)","Dusk","Clear","1","0"
"45","450470","2015","6","4","2","Urban","Not Collision with Motor Vehicle in Transport (Not Necessarily in Transport for 2005-2009)","Dark - Not Lighted","Clear","1","0"
"49","490183","2015","9","7","21","Urban","Not Collision with Motor Vehicle in Transport (Not Necessarily in Transport for 2005-2009)","Dark - Lighted","Clear","1","0"
"49","490121","2015","7","5","21","Urban","Not Collision with Motor Vehicle in Transport (Not Necessarily in Transport for 2005-2009)","Daylight","Clear","1","0"
"48","480876","2015","4","5","22","Urban","Not Collision with Motor Vehicle in Transport (Not Necessarily in Transport for 2005-2009)","Dark - Not Lighted","Clear","1","0"
"48","483115","2015","12","4","20","Urban","Not Collision with Motor Vehicle in Transport (Not Necessarily in Transport for 2005-2009)","Dark - Unknown Lighting","Clear","1","0"
"48","481609","2015","7","3","22","Urban","Not Collision with Motor Vehicle in Transport (Not Necessarily in Transport for 2005-2009)","Dark - Not Lighted","Clear","1","0"
"48","481835","2015","8","3","22","Urban","Not Collision with Motor Vehicle in Transport (Not Necessarily in Transport for 2005-2009)","Dark - Lighted","Clear","1","0"
"32","320165","2015","6","3","20","Urban","Not Collision with Motor Vehicle in Transport (Not Necessarily in Transport for 2005-2009)","Dark - Lighted","Clear","1","0"
"12","122030","2015","10","6","20","Urban","Not Collision with Motor Vehicle in Transport (Not Necessarily in Transport for 2005-2009)","Dark - Lighted","Clear","1","0"
"12","121293","2015","5","1","22","Urban","Not Collision with Motor Vehicle in Transport (Not Necessarily in Transport for 2005-2009)","Dark - Lighted","Clear","1","0"
"12","122331","2015","12","1","19","Urban","Not Collision with Motor Vehicle in Transport (Not Necessarily in Transport for 2005-2009)","Dark - Lighted","Clear","1","0"
"12","122659","2015","12","7","20","Urban","Not Collision with Motor Vehicle in Transport (Not Necessarily in Transport for 2005-2009)","Dark - Lighted","Clear","1","0"
"12","121795","2015","9","3","12","Urban","Not Collision with Motor Vehicle in Transport (Not Necessarily in Transport for 2005-2009)","Daylight","Clear","1","0"
"13","131002","2015","10","1","20","Urban","Not Collision with Motor Vehicle in Transport (Not Necessarily in Transport for 2005-2009)","Dark - Not Lighted","Clear","1","0"
"13","130188","2015","2","7","5","Urban","Not Collision with Motor Vehicle in Transport (Not Necessarily in Transport for 2005-2009)","Dark - Lighted","Clear","1","0"
"8","80473","2015","11","5","18","Urban","Not Collision with Motor Vehicle in Transport (Not Necessarily in Transport for 2005-2009)","Dark - Not Lighted","Clear","1","0"
"8","80040","2015","2","2","0","Urban","Not Collision with Motor Vehicle in Transport (Not Necessarily in Transport for 2005-2009)","Dark - Lighted","Clear","1","0"
"17","170174","2015","4","1","22","Urban","Not Collision with Motor Vehicle in Transport (Not Necessarily in Transport for 2005-2009)","Dark - Lighted","Clear","1","0"
"24","240017","2015","1","6","21","Urban","Not Collision with Motor Vehicle in Transport (Not Necessarily in Transport for 2005-2009)","Dark - Not Lighted","Clear","1","0"
"29","290452","2015","8","5","3","Urban","Not Collision with Motor Vehicle in Transport (Not Necessarily in Transport for 2005-2009)","Dark - Not Lighted","Clear","1","0"
"22","220287","2015","6","3","14","Urban","Not Collision with Motor Vehicle in Transport (Not Necessarily in Transport for 2005-2009)","Daylight","Clear","1","0"
"34","340088","2015","4","7","5","Urban","Not Collision with Motor Vehicle in Transport (Not Necessarily in Transport for 2005-2009)","Dark - Not Lighted","Clear","1","0"
"34","340276","2015","8","3","9","Urban","Not Collision with Motor Vehicle in Transport (Not Necessarily in Transport for 2005-2009)","Daylight","Clear","1","0"
"34","340105","2015","4","7","20","Urban","Not Collision with Motor Vehicle in Transport (Not Necessarily in Transport for 2005-2009)","Dark - Lighted","Clear","1","0"
"53","530170","2015","6","7","23","Urban","Not Collision with Motor Vehicle in Transport (Not Necessarily in Transport for 2005-2009)","Dark - Lighted","Clear","1","0"
"9","90207","2015","5","6","23","Urban","Not Collision with Motor Vehicle in Transport (Not Necessarily in Transport for 2005-2009)","Dark - Lighted","Clear","1","0"
"25","250140","2015","1","1","3","Urban","Not Collision with Motor Vehicle in Transport (Not Necessarily in Transport for 2005-2009)","Dark - Not Lighted","Clear","1","1"
"45","450140","2015","3","1","1","Urban","Not Collision with Motor Vehicle in Transport (Not Necessarily in Transport for 2005-2009)","Dark - Unknown Lighting","Clear","1","0"
"45","450065","2015","1","3","20","Urban","Not Collision with Motor Vehicle in Transport (Not Necessarily in Transport for 2005-2009)","Dark - Not Lighted","Clear","1","0"
"45","450003","2015","1","5","1","Urban","Not Collision with Motor Vehicle in Transport (Not Necessarily in Transport for 2005-2009)","Dark - Lighted","Clear","1","0"
"48","480912","2015","5","1","21","Urban","Not Collision with Motor Vehicle in Transport (Not Necessarily in Transport for 2005-2009)","Dark - Lighted","Clear","1","0"
"29","290026","2015","1","7","0","Urban","Not Collision with Motor Vehicle in Transport (Not Necessarily in Transport for 2005-2009)","Dark - Lighted","Clear","1","0"
"37","370956","2015","10","5","1","Urban","Not Collision with Motor Vehicle in Transport (Not Necessarily in Transport for 2005-2009)","Dark - Not Lighted","Clear","1","0"
"48","481225","2015","6","7","23","Urban","Not Collision with Motor Vehicle in Transport (Not Necessarily in Transport for 2005-2009)","Dark - Lighted","Clear","1","0"
"48","481234","2015","6","1","5","Urban","Not Collision with Motor Vehicle in Transport (Not Necessarily in Transport for 2005-2009)","Dark - Not Lighted","Clear","1","0"
"48","481796","2015","8","1","4","Urban","Not Collision with Motor Vehicle in Transport (Not Necessarily in Transport for 2005-2009)","Dark - Not Lighted","Clear","1","0"
"48","482401","2015","10","5","23","Urban","Not Collision with Motor Vehicle in Transport (Not Necessarily in Transport for 2005-2009)","Dark - Not Lighted","Clear","1","0"
"48","482611","2015","11","1","19","Urban","Not Collision with Motor Vehicle in Transport (Not Necessarily in Transport for 2005-2009)","Daylight","Clear","1","0"
"48","482665","2015","11","2","18","Urban","Not Collision with Motor Vehicle in Transport (Not Necessarily in Transport for 2005-2009)","Dark - Not Lighted","Clear","1","0"
"48","480485","2015","3","1","6","Urban","Not Collision with Motor Vehicle in Transport (Not Necessarily in Transport for 2005-2009)","Dark - Not Lighted","Clear","1","0"
"48","481201","2015","6","2","0","Urban","Not Collision with Motor Vehicle in Transport (Not Necessarily in Transport for 2005-2009)","Dark - Not Lighted","Clear","1","0"
"8","80457","2015","11","2","20","Urban","Not Collision with Motor Vehicle in Transport (Not Necessarily in Transport for 2005-2009)","Dark - Not Lighted","Clear","1","0"
"48","481632","2015","7","7","0","Urban","Not Collision with Motor Vehicle in Transport (Not Necessarily in Transport for 2005-2009)","Dark - Not Lighted","Clear","1","1"
"48","480659","2015","3","3","19","Urban","Not Collision with Motor Vehicle in Transport (Not Necessarily in Transport for 2005-2009)","Dark - Lighted","Clear","1","0"
"48","480866","2015","4","1","16","Urban","Not Collision with Motor Vehicle in Transport (Not Necessarily in Transport for 2005-2009)","Daylight","Clear","1","0"
"21","210499","2015","10","2","14","Urban","Not Collision with Motor Vehicle in Transport (Not Necessarily in Transport for 2005-2009)","Daylight","Clear","1","0"
"4","40080","2015","2","1","21","Urban","Not Collision with Motor Vehicle in Transport (Not Necessarily in Transport for 2005-2009)","Dark - Lighted","Clear","1","0"
"17","170025","2015","1","4","18","Urban","Not Collision with Motor Vehicle in Transport (Not Necessarily in Transport for 2005-2009)","Dark - Lighted","Clear","1","0"
"8","80353","2015","9","7","11","Urban","Not Collision with Motor Vehicle in Transport (Not Necessarily in Transport for 2005-2009)","Daylight","Clear","1","0"
"48","482130","2015","9","6","15","Urban","Not Collision with Motor Vehicle in Transport (Not Necessarily in Transport for 2005-2009)","Dark - Not Lighted","Clear","1","0"
"25","250024","2015","3","4","12","Urban","Not Collision with Motor Vehicle in Transport (Not Necessarily in Transport for 2005-2009)","Daylight","Clear","1","0"
"4","40620","2015","7","7","21","Urban","Not Collision with Motor Vehicle in Transport (Not Necessarily in Transport for 2005-2009)","Dark - Lighted","Clear","1","0"
"39","390689","2015","9","4","21","Urban","Not Collision with Motor Vehicle in Transport (Not Necessarily in Transport for 2005-2009)","Dark - Not Lighted","Clear","1","0"
"42","420926","2015","11","2","5","Urban","Not Collision with Motor Vehicle in Transport (Not Necessarily in Transport for 2005-2009)","Dark - Not Lighted","Clear","1","0"
"5","50423","2015","11","6","6","Urban","Not Collision with Motor Vehicle in Transport (Not Necessarily in Transport for 2005-2009)","Daylight","Clear","1","0"
"32","320058","2015","1","7","17","Urban","Not Collision with Motor Vehicle in Transport (Not Necessarily in Transport for 2005-2009)","Dusk","Clear","1","0"
"32","320203","2015","9","7","23","Urban","Not Collision with Motor Vehicle in Transport (Not Necessarily in Transport for 2005-2009)","Dark - Lighted","Clear","1","0"
"48","480490","2015","3","1","3","Urban","Not Collision with Motor Vehicle in Transport (Not Necessarily in Transport for 2005-2009)","Dark - Not Lighted","Clear","1","0"
"48","482675","2015","11","6","19","Urban","Not Collision with Motor Vehicle in Transport (Not Necessarily in Transport for 2005-2009)","Dark - Lighted","Clear","1","0"
"48","481626","2015","7","2","23","Urban","Not Collision with Motor Vehicle in Transport (Not Necessarily in Transport for 2005-2009)","Dark - Lighted","Clear","1","0"
"47","470015","2015","1","2","22","Urban","Not Collision with Motor Vehicle in Transport (Not Necessarily in Transport for 2005-2009)","Dark - Not Lighted","Clear","1","0"
"39","391049","2015","10","2","15","Rural","Not Collision with Motor Vehicle in Transport (Not Necessarily in Transport for 2005-2009)","Daylight","Clear","1","1"
"48","482309","2015","10","1","22","Urban","Not Collision with Motor Vehicle in Transport (Not Necessarily in Transport for 2005-2009)","Dark - Lighted","Clear","2","0"
"48","480321","2015","2","7","1","Urban","Not Collision with Motor Vehicle in Transport (Not Necessarily in Transport for 2005-2009)","Dark - Not Lighted","Clear","1","0"