"state_number","consecutive_number","year_of_crash","month_of_crash","day_of_week","hour_of_crash","land_use_name","manner_of_collision_name","light_condition_name","atmospheric_conditions_name","number_of_fatalities","number_of_drunk_drivers"
"32","320235","2015","10","7","16","Rural","Not Collision with Motor Vehicle in Transport (Not Necessarily in Transport for 2005-2009)","Daylight","Cloudy","3","1"
"41","410038","2015","2","6","9","Rural","Not Collision with Motor Vehicle in Transport (Not Necessarily in Transport for 2005-2009)","Daylight","Cloudy","1","0"
"1","10771","2015","12","4","8","Rural","Not Collision with Motor Vehicle in Transport (Not Necessarily in Transport for 2005-2009)","Daylight","Cloudy","1","0"
"1","10495","2015","8","1","21","Rural","Not Collision with Motor Vehicle in Transport (Not Necessarily in Transport for 2005-2009)","Dark - Not Lighted","Cloudy","1","1"
"4","40564","2015","9","7","7","Rural","Not Collision with Motor Vehicle in Transport (Not Necessarily in Transport for 2005-2009)","Daylight","Cloudy","1","0"
"12","120905","2015","5","1","17","Rural","Not Collision with Motor Vehicle in Transport (Not Necessarily in Transport for 2005-2009)","Daylight","Cloudy","2","0"
"12","122265","2015","11","1","3","Rural","Not Collision with Motor Vehicle in Transport (Not Necessarily in Transport for 2005-2009)","Dark - Not Lighted","Cloudy","1","0"
"12","121020","2015","6","5","5","Rural","Not Collision with Motor Vehicle in Transport (Not Necessarily in Transport for 2005-2009)","Dark - Not Lighted","Cloudy","3","0"
"12","122153","2015","10","6","21","Rural","Not Collision with Motor Vehicle in Transport (Not Necessarily in Transport for 2005-2009)","Dark - Not Lighted","Cloudy","1","1"
"12","122010","2015","9","5","17","Rural","Not Collision with Motor Vehicle in Transport (Not Necessarily in Transport for 2005-2009)","Daylight","Cloudy","2","1"
"12","121052","2015","6","1","23","Rural","Not Collision with Motor Vehicle in Transport (Not Necessarily in Transport for 2005-2009)","Dark - Not Lighted","Cloudy","1","0"
"12","122086","2015","10","7","23","Rural","Not Collision with Motor Vehicle in Transport (Not Necessarily in Transport for 2005-2009)","Dark - Not Lighted","Cloudy","1","1"
"12","120673","2015","3","7","8","Rural","Not Collision with Motor Vehicle in Transport (Not Necessarily in Transport for 2005-2009)","Daylight","Cloudy","2","0"
"13","130230","2015","3","3","18","Rural","Not Collision with Motor Vehicle in Transport (Not Necessarily in Transport for 2005-2009)","Daylight","Cloudy","1","0"
"13","130582","2015","6","4","3","Rural","Not Collision with Motor Vehicle in Transport (Not Necessarily in Transport for 2005-2009)","Dark - Not Lighted","Cloudy","1","1"
"13","130770","2015","8","2","11","Rural","Not Collision with Motor Vehicle in Transport (Not Necessarily in Transport for 2005-2009)","Daylight","Cloudy","1","0"
"18","180763","2015","12","1","19","Rural","Not Collision with Motor Vehicle in Transport (Not Necessarily in Transport for 2005-2009)","Dark - Not Lighted","Cloudy","1","0"
"30","300031","2015","4","1","14","Rural","Not Collision with Motor Vehicle in Transport (Not Necessarily in Transport for 2005-2009)","Daylight","Cloudy","1","0"
"30","300026","2015","4","6","22","Rural","Not Collision with Motor Vehicle in Transport (Not Necessarily in Transport for 2005-2009)","Dark - Not Lighted","Cloudy","1","1"
"30","300020","2015","3","2","1","Rural","Not Collision with Motor Vehicle in Transport (Not Necessarily in Transport for 2005-2009)","Dark - Not Lighted","Cloudy","1","1"
"30","300067","2015","7","1","0","Rural","Not Collision with Motor Vehicle in Transport (Not Necessarily in Transport for 2005-2009)","Dark - Not Lighted","Cloudy","1","0"
"30","300002","2015","1","2","22","Rural","Not Collision with Motor Vehicle in Transport (Not Necessarily in Transport for 2005-2009)","Dark - Not Lighted","Cloudy","1","1"
"56","560029","2015","4","5","14","Rural","Not Collision with Motor Vehicle in Transport (Not Necessarily in Transport for 2005-2009)","Daylight","Cloudy","1","0"
"56","560038","2015","5","6","14","Rural","Not Collision with Motor Vehicle in Transport (Not Necessarily in Transport for 2005-2009)","Daylight","Cloudy","2","0"
"5","50390","2015","10","6","9","Rural","Not Collision with Motor Vehicle in Transport (Not Necessarily in Transport for 2005-2009)","Daylight","Cloudy","1","0"
"21","210570","2015","11","4","14","Rural","Not Collision with Motor Vehicle in Transport (Not Necessarily in Transport for 2005-2009)","Daylight","Cloudy","1","0"
"21","210063","2015","1","4","19","Rural","Not Collision with Motor Vehicle in Transport (Not Necessarily in Transport for 2005-2009)","Dark - Not Lighted","Cloudy","1","0"
"24","240145","2015","5","7","18","Rural","Not Collision with Motor Vehicle in Transport (Not Necessarily in Transport for 2005-2009)","Daylight","Cloudy","1","1"
"26","260316","2015","6","5","2","Rural","Not Collision with Motor Vehicle in Transport (Not Necessarily in Transport for 2005-2009)","Dark - Not Lighted","Cloudy","1","0"
"29","290715","2015","11","5","17","Rural","Not Collision with Motor Vehicle in Transport (Not Necessarily in Transport for 2005-2009)","Dark - Not Lighted","Cloudy","1","0"
"29","290226","2015","5","3","19","Rural","Not Collision with Motor Vehicle in Transport (Not Necessarily in Transport for 2005-2009)","Daylight","Cloudy","1","0"
"29","290163","2015","4","5","8","Rural","Not Collision with Motor Vehicle in Transport (Not Necessarily in Transport for 2005-2009)","Daylight","Cloudy","1","0"
"29","290439","2015","7","2","12","Rural","Not Collision with Motor Vehicle in Transport (Not Necessarily in Transport for 2005-2009)","Daylight","Cloudy","1","0"
"31","310188","2015","11","4","12","Rural","Not Collision with Motor Vehicle in Transport (Not Necessarily in Transport for 2005-2009)","Daylight","Cloudy","1","0"
"36","360545","2015","8","1","5","Rural","Not Collision with Motor Vehicle in Transport (Not Necessarily in Transport for 2005-2009)","Dawn","Cloudy","1","1"
"36","360587","2015","7","7","4","Rural","Not Collision with Motor Vehicle in Transport (Not Necessarily in Transport for 2005-2009)","Dark - Not Lighted","Cloudy","1","0"
"40","400171","2015","4","1","20","Rural","Not Collision with Motor Vehicle in Transport (Not Necessarily in Transport for 2005-2009)","Dark - Not Lighted","Cloudy","1","0"
"40","400214","2015","6","5","6","Rural","Not Collision with Motor Vehicle in Transport (Not Necessarily in Transport for 2005-2009)","Daylight","Cloudy","1","0"
"40","400033","2015","1","4","21","Rural","Not Collision with Motor Vehicle in Transport (Not Necessarily in Transport for 2005-2009)","Dark - Not Lighted","Cloudy","1","0"
"40","400255","2015","7","6","6","Rural","Not Collision with Motor Vehicle in Transport (Not Necessarily in Transport for 2005-2009)","Dark - Not Lighted","Cloudy","1","0"
"40","400235","2015","6","2","17","Rural","Not Collision with Motor Vehicle in Transport (Not Necessarily in Transport for 2005-2009)","Daylight","Cloudy","1","0"
"40","400338","2015","8","2","21","Rural","Not Collision with Motor Vehicle in Transport (Not Necessarily in Transport for 2005-2009)","Dark - Not Lighted","Cloudy","1","0"
"22","220151","2015","4","5","1","Rural","Not Collision with Motor Vehicle in Transport (Not Necessarily in Transport for 2005-2009)","Dark - Not Lighted","Cloudy","1","0"
"22","220026","2015","1","7","3","Rural","Not Collision with Motor Vehicle in Transport (Not Necessarily in Transport for 2005-2009)","Dark - Not Lighted","Cloudy","1","1"
"27","270144","2015","6","2","5","Rural","Not Collision with Motor Vehicle in Transport (Not Necessarily in Transport for 2005-2009)","Dawn","Cloudy","1","1"
"47","470040","2015","1","5","7","Rural","Not Collision with Motor Vehicle in Transport (Not Necessarily in Transport for 2005-2009)","Daylight","Cloudy","1","0"
"47","470359","2015","6","2","16","Rural","Not Collision with Motor Vehicle in Transport (Not Necessarily in Transport for 2005-2009)","Daylight","Cloudy","1","0"
"47","470458","2015","7","5","13","Rural","Not Collision with Motor Vehicle in Transport (Not Necessarily in Transport for 2005-2009)","Daylight","Cloudy","1","0"
"55","550253","2015","7","5","21","Rural","Not Collision with Motor Vehicle in Transport (Not Necessarily in Transport for 2005-2009)","Dark - Not Lighted","Cloudy","1","1"
"55","550361","2015","9","5","15","Rural","Not Collision with Motor Vehicle in Transport (Not Necessarily in Transport for 2005-2009)","Daylight","Cloudy","1","0"
"55","550066","2015","3","6","21","Rural","Not Collision with Motor Vehicle in Transport (Not Necessarily in Transport for 2005-2009)","Dark - Not Lighted","Cloudy","1","1"
"55","550156","2015","5","5","14","Rural","Not Collision with Motor Vehicle in Transport (Not Necessarily in Transport for 2005-2009)","Daylight","Cloudy","1","0"
"55","550471","2015","9","3","23","Rural","Not Collision with Motor Vehicle in Transport (Not Necessarily in Transport for 2005-2009)","Dark - Not Lighted","Cloudy","1","1"
"53","530385","2015","9","7","0","Rural","Not Collision with Motor Vehicle in Transport (Not Necessarily in Transport for 2005-2009)","Dark - Not Lighted","Cloudy","1","1"
"53","530080","2015","3","3","12","Rural","Not Collision with Motor Vehicle in Transport (Not Necessarily in Transport for 2005-2009)","Daylight","Cloudy","1","0"
"28","280437","2015","10","7","2","Rural","Not Collision with Motor Vehicle in Transport (Not Necessarily in Transport for 2005-2009)","Dark - Not Lighted","Cloudy","1","0"
"28","280499","2015","11","5","0","Rural","Not Collision with Motor Vehicle in Transport (Not Necessarily in Transport for 2005-2009)","Dark - Not Lighted","Cloudy","1","0"
"28","280185","2015","5","4","21","Rural","Not Collision with Motor Vehicle in Transport (Not Necessarily in Transport for 2005-2009)","Dark - Not Lighted","Cloudy","1","0"
"28","280111","2015","3","2","18","Rural","Not Collision with Motor Vehicle in Transport (Not Necessarily in Transport for 2005-2009)","Daylight","Cloudy","1","0"
"28","280580","2015","6","7","1","Rural","Not Collision with Motor Vehicle in Transport (Not Necessarily in Transport for 2005-2009)","Dark - Not Lighted","Cloudy","1","0"
"38","380051","2015","6","6","23","Rural","Not Collision with Motor Vehicle in Transport (Not Necessarily in Transport for 2005-2009)","Dark - Not Lighted","Cloudy","1","1"
"46","460013","2015","3","1","7","Rural","Not Collision with Motor Vehicle in Transport (Not Necessarily in Transport for 2005-2009)","Dark - Not Lighted","Cloudy","1","1"
"46","460033","2015","6","5","10","Rural","Not Collision with Motor Vehicle in Transport (Not Necessarily in Transport for 2005-2009)","Daylight","Cloudy","1","0"
"37","370542","2015","6","4","12","Rural","Not Collision with Motor Vehicle in Transport (Not Necessarily in Transport for 2005-2009)","Daylight","Cloudy","1","0"
"37","371151","2015","11","6","14","Rural","Not Collision with Motor Vehicle in Transport (Not Necessarily in Transport for 2005-2009)","Daylight","Cloudy","1","0"
"37","371103","2015","11","4","14","Rural","Not Collision with Motor Vehicle in Transport (Not Necessarily in Transport for 2005-2009)","Daylight","Cloudy","1","0"
"37","371050","2015","11","4","6","Rural","Not Collision with Motor Vehicle in Transport (Not Necessarily in Transport for 2005-2009)","Dawn","Cloudy","1","1"
"45","450117","2015","3","2","22","Rural","Not Collision with Motor Vehicle in Transport (Not Necessarily in Transport for 2005-2009)","Dark - Not Lighted","Cloudy","1","1"
"39","390922","2015","11","7","1","Rural","Not Collision with Motor Vehicle in Transport (Not Necessarily in Transport for 2005-2009)","Dark - Not Lighted","Cloudy","1","1"
"16","160168","2015","11","1","17","Rural","Not Collision with Motor Vehicle in Transport (Not Necessarily in Transport for 2005-2009)","Dark - Not Lighted","Cloudy","1","1"
"16","160060","2015","6","7","23","Rural","Not Collision with Motor Vehicle in Transport (Not Necessarily in Transport for 2005-2009)","Dark - Not Lighted","Cloudy","1","1"
"23","230120","2015","9","3","11","Rural","Not Collision with Motor Vehicle in Transport (Not Necessarily in Transport for 2005-2009)","Daylight","Cloudy","1","1"
"48","483081","2015","12","6","11","Rural","Not Collision with Motor Vehicle in Transport (Not Necessarily in Transport for 2005-2009)","Daylight","Cloudy","1","0"
"48","480702","2015","4","1","22","Rural","Not Collision with Motor Vehicle in Transport (Not Necessarily in Transport for 2005-2009)","Dark - Not Lighted","Cloudy","1","0"
"48","480693","2015","4","7","18","Rural","Not Collision with Motor Vehicle in Transport (Not Necessarily in Transport for 2005-2009)","Daylight","Cloudy","1","0"
"48","482734","2015","11","3","6","Rural","Not Collision with Motor Vehicle in Transport (Not Necessarily in Transport for 2005-2009)","Dark - Lighted","Cloudy","1","0"
"48","480331","2015","2","2","9","Rural","Not Collision with Motor Vehicle in Transport (Not Necessarily in Transport for 2005-2009)","Daylight","Cloudy","1","0"
"48","481034","2015","5","1","7","Rural","Not Collision with Motor Vehicle in Transport (Not Necessarily in Transport for 2005-2009)","Daylight","Cloudy","1","0"
"48","480573","2015","3","7","5","Rural","Not Collision with Motor Vehicle in Transport (Not Necessarily in Transport for 2005-2009)","Dark - Not Lighted","Cloudy","3","0"
"48","480368","2015","2","3","17","Rural","Not Collision with Motor Vehicle in Transport (Not Necessarily in Transport for 2005-2009)","Daylight","Cloudy","1","0"
"15","150075","2015","11","7","10","Rural","Not Collision with Motor Vehicle in Transport (Not Necessarily in Transport for 2005-2009)","Daylight","Cloudy","1","1"
"12","120372","2015","3","6","1","Rural","Not Collision with Motor Vehicle in Transport (Not Necessarily in Transport for 2005-2009)","Dark - Not Lighted","Cloudy","1","1"
"12","122373","2015","12","2","15","Rural","Not Collision with Motor Vehicle in Transport (Not Necessarily in Transport for 2005-2009)","Daylight","Cloudy","1","1"
"13","130279","2015","3","2","12","Rural","Not Collision with Motor Vehicle in Transport (Not Necessarily in Transport for 2005-2009)","Daylight","Cloudy","2","0"
"13","130735","2015","7","6","14","Rural","Not Collision with Motor Vehicle in Transport (Not Necessarily in Transport for 2005-2009)","Daylight","Cloudy","1","0"
"18","180171","2015","4","1","7","Rural","Not Collision with Motor Vehicle in Transport (Not Necessarily in Transport for 2005-2009)","Dawn","Cloudy","1","0"
"18","180011","2015","1","3","9","Rural","Not Collision with Motor Vehicle in Transport (Not Necessarily in Transport for 2005-2009)","Daylight","Cloudy","1","0"
"30","300021","2015","3","6","18","Rural","Not Collision with Motor Vehicle in Transport (Not Necessarily in Transport for 2005-2009)","Daylight","Cloudy","1","0"
"30","300008","2015","2","5","21","Rural","Not Collision with Motor Vehicle in Transport (Not Necessarily in Transport for 2005-2009)","Dark - Not Lighted","Cloudy","1","1"
"30","300106","2015","6","2","20","Rural","Not Collision with Motor Vehicle in Transport (Not Necessarily in Transport for 2005-2009)","Daylight","Cloudy","1","0"
"30","300029","2015","4","7","2","Rural","Not Collision with Motor Vehicle in Transport (Not Necessarily in Transport for 2005-2009)","Dark - Not Lighted","Cloudy","1","1"
"26","260020","2015","1","1","5","Rural","Not Collision with Motor Vehicle in Transport (Not Necessarily in Transport for 2005-2009)","Dark - Not Lighted","Cloudy","1","0"
"26","260149","2015","4","7","6","Rural","Not Collision with Motor Vehicle in Transport (Not Necessarily in Transport for 2005-2009)","Daylight","Cloudy","1","0"
"29","290047","2015","2","2","16","Rural","Not Collision with Motor Vehicle in Transport (Not Necessarily in Transport for 2005-2009)","Daylight","Cloudy","1","0"
"29","290681","2015","11","2","11","Rural","Not Collision with Motor Vehicle in Transport (Not Necessarily in Transport for 2005-2009)","Daylight","Cloudy","1","0"
"29","290401","2015","7","7","21","Rural","Not Collision with Motor Vehicle in Transport (Not Necessarily in Transport for 2005-2009)","Dark - Not Lighted","Cloudy","1","0"
"36","360974","2015","12","6","1","Rural","Not Collision with Motor Vehicle in Transport (Not Necessarily in Transport for 2005-2009)","Dark - Not Lighted","Cloudy","1","1"
"36","360294","2015","5","5","2","Rural","Not Collision with Motor Vehicle in Transport (Not Necessarily in Transport for 2005-2009)","Dark - Not Lighted","Cloudy","1","1"
"36","360463","2015","7","5","2","Rural","Not Collision with Motor Vehicle in Transport (Not Necessarily in Transport for 2005-2009)","Dark - Not Lighted","Cloudy","1","0"
"36","360962","2015","11","6","11","Rural","Not Collision with Motor Vehicle in Transport (Not Necessarily in Transport for 2005-2009)","Daylight","Cloudy","1","0"
"36","360715","2015","10","5","8","Rural","Not Collision with Motor Vehicle in Transport (Not Necessarily in Transport for 2005-2009)","Daylight","Cloudy","1","0"
"36","360469","2015","7","6","14","Rural","Not Collision with Motor Vehicle in Transport (Not Necessarily in Transport for 2005-2009)","Daylight","Cloudy","1","0"
"36","360113","2015","3","3","13","Rural","Not Collision with Motor Vehicle in Transport (Not Necessarily in Transport for 2005-2009)","Daylight","Cloudy","1","0"
"36","361057","2015","10","5","1","Rural","Not Collision with Motor Vehicle in Transport (Not Necessarily in Transport for 2005-2009)","Dark - Lighted","Cloudy","1","0"
"36","360570","2015","8","4","16","Rural","Not Collision with Motor Vehicle in Transport (Not Necessarily in Transport for 2005-2009)","Daylight","Cloudy","1","0"
"22","220312","2015","7","7","21","Rural","Not Collision with Motor Vehicle in Transport (Not Necessarily in Transport for 2005-2009)","Dark - Not Lighted","Cloudy","1","1"
"55","550443","2015","10","2","11","Rural","Not Collision with Motor Vehicle in Transport (Not Necessarily in Transport for 2005-2009)","Daylight","Cloudy","1","0"
"55","550102","2015","4","7","5","Rural","Not Collision with Motor Vehicle in Transport (Not Necessarily in Transport for 2005-2009)","Dawn","Cloudy","1","0"
"34","340532","2015","12","6","1","Rural","Not Collision with Motor Vehicle in Transport (Not Necessarily in Transport for 2005-2009)","Dark - Lighted","Cloudy","1","1"
"53","530414","2015","10","7","14","Rural","Not Collision with Motor Vehicle in Transport (Not Necessarily in Transport for 2005-2009)","Daylight","Cloudy","1","0"
"53","530015","2015","1","7","1","Rural","Not Collision with Motor Vehicle in Transport (Not Necessarily in Transport for 2005-2009)","Dark - Not Lighted","Cloudy","1","1"
"28","280318","2015","8","3","11","Rural","Not Collision with Motor Vehicle in Transport (Not Necessarily in Transport for 2005-2009)","Daylight","Cloudy","1","0"
"37","370246","2015","4","6","21","Rural","Not Collision with Motor Vehicle in Transport (Not Necessarily in Transport for 2005-2009)","Dark - Not Lighted","Cloudy","1","1"
"37","370204","2015","3","5","9","Rural","Not Collision with Motor Vehicle in Transport (Not Necessarily in Transport for 2005-2009)","Daylight","Cloudy","1","0"
"37","370325","2015","4","6","20","Rural","Not Collision with Motor Vehicle in Transport (Not Necessarily in Transport for 2005-2009)","Dark - Not Lighted","Cloudy","2","1"
"37","370736","2015","8","7","17","Rural","Not Collision with Motor Vehicle in Transport (Not Necessarily in Transport for 2005-2009)","Daylight","Cloudy","1","0"
"37","370628","2015","7","1","9","Rural","Not Collision with Motor Vehicle in Transport (Not Necessarily in Transport for 2005-2009)","Non documente","Cloudy","1","0"
"37","370543","2015","6","5","14","Rural","Not Collision with Motor Vehicle in Transport (Not Necessarily in Transport for 2005-2009)","Daylight","Cloudy","1","0"
"37","370209","2015","3","4","21","Rural","Not Collision with Motor Vehicle in Transport (Not Necessarily in Transport for 2005-2009)","Dark - Not Lighted","Cloudy","1","1"
"37","370062","2015","1","3","13","Rural","Not Collision with Motor Vehicle in Transport (Not Necessarily in Transport for 2005-2009)","Daylight","Cloudy","1","0"
"37","371008","2015","8","3","8","Rural","Not Collision with Motor Vehicle in Transport (Not Necessarily in Transport for 2005-2009)","Daylight","Cloudy","1","0"
"37","371041","2015","11","3","13","Rural","Not Collision with Motor Vehicle in Transport (Not Necessarily in Transport for 2005-2009)","Daylight","Cloudy","1","0"
"37","370765","2015","8","5","0","Rural","Not Collision with Motor Vehicle in Transport (Not Necessarily in Transport for 2005-2009)","Dark - Not Lighted","Cloudy","1","0"
"37","370268","2015","4","2","18","Rural","Not Collision with Motor Vehicle in Transport (Not Necessarily in Transport for 2005-2009)","Daylight","Cloudy","1","1"
"37","370269","2015","4","7","23","Rural","Not Collision with Motor Vehicle in Transport (Not Necessarily in Transport for 2005-2009)","Dark - Not Lighted","Cloudy","1","1"
"37","371037","2015","11","1","1","Rural","Not Collision with Motor Vehicle in Transport (Not Necessarily in Transport for 2005-2009)","Dark - Not Lighted","Cloudy","1","1"
"37","370287","2015","4","6","13","Rural","Not Collision with Motor Vehicle in Transport (Not Necessarily in Transport for 2005-2009)","Daylight","Cloudy","1","0"
"1","10379","2015","7","5","15","Rural","Not Collision with Motor Vehicle in Transport (Not Necessarily in Transport for 2005-2009)","Daylight","Cloudy","1","0"
"1","10296","2015","6","3","19","Rural","Not Collision with Motor Vehicle in Transport (Not Necessarily in Transport for 2005-2009)","Daylight","Cloudy","1","1"
"18","180449","2015","8","2","14","Rural","Not Collision with Motor Vehicle in Transport (Not Necessarily in Transport for 2005-2009)","Daylight","Cloudy","1","0"
"31","310003","2015","1","4","","Rural","Not Collision with Motor Vehicle in Transport (Not Necessarily in Transport for 2005-2009)","Dark - Not Lighted","Cloudy","1","1"
"36","360907","2015","12","7","6","Rural","Not Collision with Motor Vehicle in Transport (Not Necessarily in Transport for 2005-2009)","Dark - Not Lighted","Cloudy","1","0"
"12","122372","2015","12","2","13","Rural","Not Collision with Motor Vehicle in Transport (Not Necessarily in Transport for 2005-2009)","Daylight","Cloudy","1","0"
"51","510292","2015","6","6","19","Rural","Not Collision with Motor Vehicle in Transport (Not Necessarily in Transport for 2005-2009)","Daylight","Cloudy","1","0"
"51","510307","2015","6","5","0","Rural","Not Collision with Motor Vehicle in Transport (Not Necessarily in Transport for 2005-2009)","Dark - Not Lighted","Cloudy","2","1"
"51","510167","2015","4","7","3","Rural","Not Collision with Motor Vehicle in Transport (Not Necessarily in Transport for 2005-2009)","Dark - Lighted","Cloudy","1","1"
"51","510176","2015","4","3","2","Rural","Not Collision with Motor Vehicle in Transport (Not Necessarily in Transport for 2005-2009)","Dark - Lighted","Cloudy","1","0"
"51","510275","2015","5","1","1","Rural","Not Collision with Motor Vehicle in Transport (Not Necessarily in Transport for 2005-2009)","Dark - Not Lighted","Cloudy","1","1"
"32","320252","2015","10","1","8","Rural","Not Collision with Motor Vehicle in Transport (Not Necessarily in Transport for 2005-2009)","Daylight","Cloudy","1","0"
"1","10589","2015","10","5","7","Rural","Not Collision with Motor Vehicle in Transport (Not Necessarily in Transport for 2005-2009)","Daylight","Cloudy","1","0"
"12","121924","2015","10","6","22","Rural","Not Collision with Motor Vehicle in Transport (Not Necessarily in Transport for 2005-2009)","Dark - Not Lighted","Cloudy","1","1"
"36","360288","2015","5","5","14","Rural","Not Collision with Motor Vehicle in Transport (Not Necessarily in Transport for 2005-2009)","Daylight","Cloudy","1","0"
"36","360944","2015","12","6","22","Rural","Not Collision with Motor Vehicle in Transport (Not Necessarily in Transport for 2005-2009)","Dark - Not Lighted","Cloudy","1","0"
"36","360084","2015","1","5","22","Rural","Not Collision with Motor Vehicle in Transport (Not Necessarily in Transport for 2005-2009)","Dark - Not Lighted","Cloudy","1","1"
"55","550491","2015","12","5","10","Rural","Not Collision with Motor Vehicle in Transport (Not Necessarily in Transport for 2005-2009)","Daylight","Cloudy","1","0"
"1","10598","2015","11","2","9","Rural","Not Collision with Motor Vehicle in Transport (Not Necessarily in Transport for 2005-2009)","Daylight","Cloudy","1","0"
"51","510374","2015","7","5","1","Rural","Not Collision with Motor Vehicle in Transport (Not Necessarily in Transport for 2005-2009)","Dark - Not Lighted","Cloudy","1","0"
"55","550464","2015","12","3","20","Rural","Not Collision with Motor Vehicle in Transport (Not Necessarily in Transport for 2005-2009)","Dark - Not Lighted","Cloudy","1","0"
"12","121031","2015","5","6","18","Urban","Not Collision with Motor Vehicle in Transport (Not Necessarily in Transport for 2005-2009)","Daylight","Cloudy","1","0"
"51","510196","2015","4","5","2","Urban","Not Collision with Motor Vehicle in Transport (Not Necessarily in Transport for 2005-2009)","Dark - Lighted","Cloudy","1","0"
"51","510386","2015","8","2","1","Urban","Not Collision with Motor Vehicle in Transport (Not Necessarily in Transport for 2005-2009)","Dark - Not Lighted","Cloudy","1","0"
"51","510687","2015","10","5","11","Urban","Not Collision with Motor Vehicle in Transport (Not Necessarily in Transport for 2005-2009)","Daylight","Cloudy","1","0"
"51","510392","2015","6","6","14","Urban","Not Collision with Motor Vehicle in Transport (Not Necessarily in Transport for 2005-2009)","Daylight","Cloudy","1","1"
"51","510245","2015","4","7","7","Urban","Not Collision with Motor Vehicle in Transport (Not Necessarily in Transport for 2005-2009)","Daylight","Cloudy","1","1"
"51","510543","2015","10","1","22","Urban","Not Collision with Motor Vehicle in Transport (Not Necessarily in Transport for 2005-2009)","Dark - Lighted","Cloudy","1","1"
"51","510557","2015","9","7","19","Urban","Not Collision with Motor Vehicle in Transport (Not Necessarily in Transport for 2005-2009)","Dusk","Cloudy","1","0"
"51","510367","2015","7","1","5","Urban","Not Collision with Motor Vehicle in Transport (Not Necessarily in Transport for 2005-2009)","Dark - Not Lighted","Cloudy","1","1"
"51","510121","2015","3","3","18","Urban","Not Collision with Motor Vehicle in Transport (Not Necessarily in Transport for 2005-2009)","Dusk","Cloudy","1","0"
"39","391074","2015","9","4","13","Urban","Not Collision with Motor Vehicle in Transport (Not Necessarily in Transport for 2005-2009)","Daylight","Cloudy","1","0"
"48","480376","2015","2","7","0","Urban","Not Collision with Motor Vehicle in Transport (Not Necessarily in Transport for 2005-2009)","Dark - Not Lighted","Cloudy","2","1"
"41","410217","2015","9","1","6","Urban","Not Collision with Motor Vehicle in Transport (Not Necessarily in Transport for 2005-2009)","Dawn","Cloudy","1","1"
"1","10078","2015","2","3","15","Urban","Not Collision with Motor Vehicle in Transport (Not Necessarily in Transport for 2005-2009)","Daylight","Cloudy","1","0"
"1","10009","2015","1","3","8","Urban","Not Collision with Motor Vehicle in Transport (Not Necessarily in Transport for 2005-2009)","Daylight","Cloudy","1","0"
"12","120627","2015","4","1","20","Urban","Not Collision with Motor Vehicle in Transport (Not Necessarily in Transport for 2005-2009)","Dark - Lighted","Cloudy","1","1"
"12","122222","2015","10","3","1","Urban","Not Collision with Motor Vehicle in Transport (Not Necessarily in Transport for 2005-2009)","Dark - Not Lighted","Cloudy","1","1"
"12","120664","2015","4","7","1","Urban","Not Collision with Motor Vehicle in Transport (Not Necessarily in Transport for 2005-2009)","Dark - Lighted","Cloudy","1","1"
"12","121920","2015","5","7","4","Urban","Not Collision with Motor Vehicle in Transport (Not Necessarily in Transport for 2005-2009)","Dark - Not Lighted","Cloudy","3","0"
"12","121360","2015","7","7","0","Urban","Not Collision with Motor Vehicle in Transport (Not Necessarily in Transport for 2005-2009)","Dark - Not Lighted","Cloudy","1","1"
"12","122258","2015","11","6","19","Urban","Not Collision with Motor Vehicle in Transport (Not Necessarily in Transport for 2005-2009)","Dark - Not Lighted","Cloudy","1","1"
"12","121205","2015","6","3","2","Urban","Not Collision with Motor Vehicle in Transport (Not Necessarily in Transport for 2005-2009)","Dark - Lighted","Cloudy","2","0"
"12","122395","2015","10","2","7","Urban","Not Collision with Motor Vehicle in Transport (Not Necessarily in Transport for 2005-2009)","Daylight","Cloudy","1","0"
"12","121835","2015","9","1","4","Urban","Not Collision with Motor Vehicle in Transport (Not Necessarily in Transport for 2005-2009)","Dark - Lighted","Cloudy","1","1"
"12","121116","2015","4","5","18","Urban","Not Collision with Motor Vehicle in Transport (Not Necessarily in Transport for 2005-2009)","Daylight","Cloudy","1","1"
"12","122607","2015","12","1","19","Urban","Not Collision with Motor Vehicle in Transport (Not Necessarily in Transport for 2005-2009)","Dark - Lighted","Cloudy","1","0"
"13","130238","2015","3","6","4","Urban","Not Collision with Motor Vehicle in Transport (Not Necessarily in Transport for 2005-2009)","Dark - Not Lighted","Cloudy","1","0"
"13","130034","2015","1","2","9","Urban","Not Collision with Motor Vehicle in Transport (Not Necessarily in Transport for 2005-2009)","Daylight","Cloudy","1","0"
"18","180696","2015","11","2","10","Urban","Not Collision with Motor Vehicle in Transport (Not Necessarily in Transport for 2005-2009)","Daylight","Cloudy","1","0"
"24","240306","2015","9","4","4","Urban","Not Collision with Motor Vehicle in Transport (Not Necessarily in Transport for 2005-2009)","Dark - Not Lighted","Cloudy","1","0"
"24","240142","2015","5","2","12","Urban","Not Collision with Motor Vehicle in Transport (Not Necessarily in Transport for 2005-2009)","Daylight","Cloudy","1","0"
"22","220438","2015","9","4","8","Urban","Not Collision with Motor Vehicle in Transport (Not Necessarily in Transport for 2005-2009)","Daylight","Cloudy","1","0"