"state_number","consecutive_number","year_of_crash","month_of_crash","day_of_week","hour_of_crash","land_use_name","manner_of_collision_name","light_condition_name","atmospheric_conditions_name","number_of_fatalities","number_of_drunk_drivers"
"17","170124","2015","4","1","7","Urban","Not Collision with Motor Vehicle in Transport (Not Necessarily in Transport for 2005-2009)","Dark - Not Lighted","Non documente","1","0"
"53","530368","2015","9","5","20","Urban","Not Collision with Motor Vehicle in Transport (Not Necessarily in Transport for 2005-2009)","Dark - Not Lighted","Non documente","1","0"
"4","40721","2015","10","3","2","Urban","Not Collision with Motor Vehicle in Transport (Not Necessarily in Transport for 2005-2009)","Dark - Unknown Lighting","Non documente","1","0"
"4","40722","2015","10","3","23","Urban","Not Collision with Motor Vehicle in Transport (Not Necessarily in Transport for 2005-2009)","Dark - Unknown Lighting","Non documente","1","0"
"4","40787","2015","11","5","17","Urban","Not Collision with Motor Vehicle in Transport (Not Necessarily in Transport for 2005-2009)","Daylight","Non documente","1","0"
"4","40609","2015","9","6","20","Urban","Not Collision with Motor Vehicle in Transport (Not Necessarily in Transport for 2005-2009)","Dark - Unknown Lighting","Non documente","1","0"
"4","40549","2015","8","5","0","Urban","Not Collision with Motor Vehicle in Transport (Not Necessarily in Transport for 2005-2009)","Dark - Unknown Lighting","Non documente","1","0"
"4","40726","2015","10","5","23","Urban","Not Collision with Motor Vehicle in Transport (Not Necessarily in Transport for 2005-2009)","Dark - Unknown Lighting","Non documente","1","0"
"13","130123","2015","2","1","20","Urban","Not Collision with Motor Vehicle in Transport (Not Necessarily in Transport for 2005-2009)","Dark - Unknown Lighting","Non documente","1","0"
"4","40715","2015","10","4","5","Urban","Not Collision with Motor Vehicle in Transport (Not Necessarily in Transport for 2005-2009)","Non documente","Non documente","1","0"
"4","40196","2015","3","6","13","Urban","Not Collision with Motor Vehicle in Transport (Not Necessarily in Transport for 2005-2009)","Daylight","Non documente","1","0"
"53","530439","2015","11","7","7","Urban","Not Collision with Motor Vehicle in Transport (Not Necessarily in Transport for 2005-2009)","Dark - Not Lighted","Non documente","1","1"
"1","10295","2015","6","2","5","Urban","Not Collision with Motor Vehicle in Transport (Not Necessarily in Transport for 2005-2009)","Dawn","Non documente","1","0"
"39","390267","2015","5","1","5","Rural","Not Collision with Motor Vehicle in Transport (Not Necessarily in Transport for 2005-2009)","Dark - Unknown Lighting","Non documente","1","0"
"25","250311","2015","7","6","11","Non documente","Not Collision with Motor Vehicle in Transport (Not Necessarily in Transport for 2005-2009)","Non documente","Non documente","1","0"
"23","230069","2015","7","3","14","Rural","Not Collision with Motor Vehicle in Transport (Not Necessarily in Transport for 2005-2009)","Other","Non documente","2","0"
"42","420819","2015","8","1","22","Rural","Not Collision with Motor Vehicle in Transport (Not Necessarily in Transport for 2005-2009)","Dark - Not Lighted","Fog, Smog, Smoke","1","1"
"45","450816","2015","12","3","23","Rural","Not Collision with Motor Vehicle in Transport (Not Necessarily in Transport for 2005-2009)","Dark - Not Lighted","Fog, Smog, Smoke","1","1"
"48","482945","2015","12","4","5","Rural","Not Collision with Motor Vehicle in Transport (Not Necessarily in Transport for 2005-2009)","Dark - Not Lighted","Fog, Smog, Smoke","1","0"
"1","10624","2015","11","1","17","Rural","Not Collision with Motor Vehicle in Transport (Not Necessarily in Transport for 2005-2009)","Dark - Not Lighted","Fog, Smog, Smoke","1","1"
"12","120332","2015","4","1","3","Rural","Not Collision with Motor Vehicle in Transport (Not Necessarily in Transport for 2005-2009)","Dark - Not Lighted","Fog, Smog, Smoke","1","0"
"12","120091","2015","1","2","7","Rural","Not Collision with Motor Vehicle in Transport (Not Necessarily in Transport for 2005-2009)","Dark - Not Lighted","Fog, Smog, Smoke","1","0"
"47","470196","2015","1","3","20","Rural","Not Collision with Motor Vehicle in Transport (Not Necessarily in Transport for 2005-2009)","Dark - Not Lighted","Fog, Smog, Smoke","1","0"
"47","470546","2015","8","1","1","Rural","Not Collision with Motor Vehicle in Transport (Not Necessarily in Transport for 2005-2009)","Dark - Not Lighted","Fog, Smog, Smoke","1","1"
"36","360193","2015","4","2","19","Rural","Not Collision with Motor Vehicle in Transport (Not Necessarily in Transport for 2005-2009)","Dark - Not Lighted","Fog, Smog, Smoke","1","0"
"42","420546","2015","7","4","5","Rural","Not Collision with Motor Vehicle in Transport (Not Necessarily in Transport for 2005-2009)","Dawn","Fog, Smog, Smoke","1","0"
"39","390918","2015","11","2","20","Rural","Not Collision with Motor Vehicle in Transport (Not Necessarily in Transport for 2005-2009)","Dark - Not Lighted","Fog, Smog, Smoke","1","1"
"23","230035","2015","5","7","3","Rural","Not Collision with Motor Vehicle in Transport (Not Necessarily in Transport for 2005-2009)","Dark - Not Lighted","Fog, Smog, Smoke","1","1"
"20","200170","2015","7","6","","Rural","Not Collision with Motor Vehicle in Transport (Not Necessarily in Transport for 2005-2009)","Dark - Lighted","Fog, Smog, Smoke","1","0"
"12","122293","2015","11","7","21","Rural","Not Collision with Motor Vehicle in Transport (Not Necessarily in Transport for 2005-2009)","Dark - Not Lighted","Fog, Smog, Smoke","1","1"
"8","80499","2015","12","4","1","Rural","Not Collision with Motor Vehicle in Transport (Not Necessarily in Transport for 2005-2009)","Dark - Not Lighted","Fog, Smog, Smoke","1","1"
"39","390823","2015","10","4","5","Urban","Not Collision with Motor Vehicle in Transport (Not Necessarily in Transport for 2005-2009)","Dark - Not Lighted","Fog, Smog, Smoke","1","0"
"12","120750","2015","1","2","21","Urban","Not Collision with Motor Vehicle in Transport (Not Necessarily in Transport for 2005-2009)","Dark - Not Lighted","Fog, Smog, Smoke","1","0"
"13","131245","2015","12","7","10","Urban","Not Collision with Motor Vehicle in Transport (Not Necessarily in Transport for 2005-2009)","Daylight","Fog, Smog, Smoke","1","1"
"8","80500","2015","12","4","8","Urban","Not Collision with Motor Vehicle in Transport (Not Necessarily in Transport for 2005-2009)","Daylight","Fog, Smog, Smoke","2","0"
"45","450006","2015","1","7","22","Urban","Not Collision with Motor Vehicle in Transport (Not Necessarily in Transport for 2005-2009)","Dark - Lighted","Fog, Smog, Smoke","1","0"
"37","370875","2015","9","4","6","Urban","Not Collision with Motor Vehicle in Transport (Not Necessarily in Transport for 2005-2009)","Dark - Lighted","Fog, Smog, Smoke","1","0"
"25","250271","2015","12","6","6","Urban","Not Collision with Motor Vehicle in Transport (Not Necessarily in Transport for 2005-2009)","Dark - Lighted","Fog, Smog, Smoke","1","0"
"18","180111","2015","3","6","21","Urban","Not Collision with Motor Vehicle in Transport (Not Necessarily in Transport for 2005-2009)","Dark - Not Lighted","Fog, Smog, Smoke","1","0"
"29","290306","2015","5","5","2","Urban","Not Collision with Motor Vehicle in Transport (Not Necessarily in Transport for 2005-2009)","Dark - Lighted","Fog, Smog, Smoke","1","0"
"48","482066","2015","9","1","7","Rural","Not Collision with Motor Vehicle in Transport (Not Necessarily in Transport for 2005-2009)","Dark - Not Lighted","Fog, Smog, Smoke","1","0"
"22","220512","2015","10","4","6","Rural","Not Collision with Motor Vehicle in Transport (Not Necessarily in Transport for 2005-2009)","Dark - Not Lighted","Fog, Smog, Smoke","1","0"
"17","170496","2015","8","2","4","Rural","Not Collision with Motor Vehicle in Transport (Not Necessarily in Transport for 2005-2009)","Dark - Not Lighted","Fog, Smog, Smoke","1","0"
"12","122473","2015","12","6","6","Rural","Not Collision with Motor Vehicle in Transport (Not Necessarily in Transport for 2005-2009)","Dark - Not Lighted","Fog, Smog, Smoke","1","0"
"12","120090","2015","1","2","4","Rural","Not Collision with Motor Vehicle in Transport (Not Necessarily in Transport for 2005-2009)","Dark - Not Lighted","Fog, Smog, Smoke","1","0"
"36","360233","2015","5","1","1","Urban","Not Collision with Motor Vehicle in Transport (Not Necessarily in Transport for 2005-2009)","Dark - Lighted","Fog, Smog, Smoke","1","0"
"12","122720","2015","12","2","22","Urban","Not Collision with Motor Vehicle in Transport (Not Necessarily in Transport for 2005-2009)","Dark - Lighted","Fog, Smog, Smoke","1","0"
"12","122264","2015","11","1","2","Urban","Not Collision with Motor Vehicle in Transport (Not Necessarily in Transport for 2005-2009)","Dark - Not Lighted","Fog, Smog, Smoke","1","0"
"12","121333","2015","5","7","22","Urban","Not Collision with Motor Vehicle in Transport (Not Necessarily in Transport for 2005-2009)","Dark - Lighted","Fog, Smog, Smoke","1","0"
"24","240443","2015","12","1","4","Non documente","Not Collision with Motor Vehicle in Transport (Not Necessarily in Transport for 2005-2009)","Dark - Not Lighted","Fog, Smog, Smoke","1","0"
"48","483018","2015","12","2","6","Rural","Not Collision with Motor Vehicle in Transport (Not Necessarily in Transport for 2005-2009)","Daylight","Fog, Smog, Smoke","1","0"
"41","410289","2015","11","2","16","Rural","Not Collision with Motor Vehicle in Transport (Not Necessarily in Transport for 2005-2009)","Dusk","Fog, Smog, Smoke","1","0"
"12","121658","2015","8","2","8","Rural","Not Collision with Motor Vehicle in Transport (Not Necessarily in Transport for 2005-2009)","Daylight","Fog, Smog, Smoke","1","0"
"30","300087","2015","8","1","15","Rural","Not Collision with Motor Vehicle in Transport (Not Necessarily in Transport for 2005-2009)","Daylight","Fog, Smog, Smoke","1","0"
"47","470733","2015","11","3","0","Rural","Not Collision with Motor Vehicle in Transport (Not Necessarily in Transport for 2005-2009)","Dark - Not Lighted","Fog, Smog, Smoke","1","0"
"53","530484","2015","12","6","6","Rural","Not Collision with Motor Vehicle in Transport (Not Necessarily in Transport for 2005-2009)","Dark - Not Lighted","Fog, Smog, Smoke","1","0"
"42","420887","2015","9","3","0","Rural","Not Collision with Motor Vehicle in Transport (Not Necessarily in Transport for 2005-2009)","Dark - Not Lighted","Fog, Smog, Smoke","1","0"
"42","420505","2015","12","4","9","Rural","Not Collision with Motor Vehicle in Transport (Not Necessarily in Transport for 2005-2009)","Daylight","Fog, Smog, Smoke","1","0"
"1","10376","2015","7","4","7","Urban","Not Collision with Motor Vehicle in Transport (Not Necessarily in Transport for 2005-2009)","Daylight","Fog, Smog, Smoke","1","0"
"29","290193","2015","4","1","2","Urban","Not Collision with Motor Vehicle in Transport (Not Necessarily in Transport for 2005-2009)","Dark - Lighted","Fog, Smog, Smoke","1","1"
"40","400011","2015","1","5","23","Urban","Not Collision with Motor Vehicle in Transport (Not Necessarily in Transport for 2005-2009)","Dark - Not Lighted","Fog, Smog, Smoke","1","0"
"38","380070","2015","8","6","5","Urban","Not Collision with Motor Vehicle in Transport (Not Necessarily in Transport for 2005-2009)","Dark - Lighted","Fog, Smog, Smoke","1","0"
"2","20037","2015","8","4","2","Urban","Not Collision with Motor Vehicle in Transport (Not Necessarily in Transport for 2005-2009)","Dark - Lighted","Fog, Smog, Smoke","1","0"
"24","240182","2015","6","1","0","Urban","Not Collision with Motor Vehicle in Transport (Not Necessarily in Transport for 2005-2009)","Dark - Lighted","Fog, Smog, Smoke","1","1"
"16","160004","2015","1","2","6","Rural","Not Collision with Motor Vehicle in Transport (Not Necessarily in Transport for 2005-2009)","Dark - Not Lighted","Fog, Smog, Smoke","1","0"
"5","50475","2015","12","2","23","Rural","Not Collision with Motor Vehicle in Transport (Not Necessarily in Transport for 2005-2009)","Dark - Not Lighted","Fog, Smog, Smoke","1","0"
"37","370315","2015","4","1","5","Urban","Not Collision with Motor Vehicle in Transport (Not Necessarily in Transport for 2005-2009)","Dark - Not Lighted","Fog, Smog, Smoke","1","0"
"53","530007","2015","1","5","6","Rural","Not Collision with Motor Vehicle in Transport (Not Necessarily in Transport for 2005-2009)","Dark - Not Lighted","Fog, Smog, Smoke","1","0"
"51","510710","2015","12","1","3","Rural","Not Collision with Motor Vehicle in Transport (Not Necessarily in Transport for 2005-2009)","Dark - Lighted","Fog, Smog, Smoke","1","1"
"41","410367","2015","12","7","7","Rural","Not Collision with Motor Vehicle in Transport (Not Necessarily in Transport for 2005-2009)","Dark - Not Lighted","Fog, Smog, Smoke","1","0"
"48","483131","2015","12","5","2","Rural","Not Collision with Motor Vehicle in Transport (Not Necessarily in Transport for 2005-2009)","Dark - Not Lighted","Fog, Smog, Smoke","1","1"
"48","481757","2015","7","6","8","Rural","Not Collision with Motor Vehicle in Transport (Not Necessarily in Transport for 2005-2009)","Daylight","Fog, Smog, Smoke","1","0"
"41","410183","2015","8","7","13","Rural","Not Collision with Motor Vehicle in Transport (Not Necessarily in Transport for 2005-2009)","Daylight","Fog, Smog, Smoke","1","0"
"1","10023","2015","1","2","21","Rural","Not Collision with Motor Vehicle in Transport (Not Necessarily in Transport for 2005-2009)","Dark - Not Lighted","Fog, Smog, Smoke","1","1"
"13","130661","2015","7","3","5","Rural","Not Collision with Motor Vehicle in Transport (Not Necessarily in Transport for 2005-2009)","Dark - Not Lighted","Fog, Smog, Smoke","1","0"
"18","180161","2015","4","6","7","Rural","Not Collision with Motor Vehicle in Transport (Not Necessarily in Transport for 2005-2009)","Dawn","Fog, Smog, Smoke","1","0"
"30","300088","2015","8","1","17","Rural","Not Collision with Motor Vehicle in Transport (Not Necessarily in Transport for 2005-2009)","Daylight","Fog, Smog, Smoke","1","1"
"5","50406","2015","11","3","6","Rural","Not Collision with Motor Vehicle in Transport (Not Necessarily in Transport for 2005-2009)","Dawn","Fog, Smog, Smoke","1","0"
"10","100126","2015","5","2","1","Rural","Not Collision with Motor Vehicle in Transport (Not Necessarily in Transport for 2005-2009)","Dark - Not Lighted","Fog, Smog, Smoke","1","0"
"29","290719","2015","11","7","6","Rural","Not Collision with Motor Vehicle in Transport (Not Necessarily in Transport for 2005-2009)","Dark - Not Lighted","Fog, Smog, Smoke","1","0"
"51","510467","2015","9","7","8","Rural","Not Collision with Motor Vehicle in Transport (Not Necessarily in Transport for 2005-2009)","Dawn","Fog, Smog, Smoke","1","0"
"27","270148","2015","6","7","8","Rural","Not Collision with Motor Vehicle in Transport (Not Necessarily in Transport for 2005-2009)","Daylight","Fog, Smog, Smoke","1","0"
"53","530298","2015","8","4","","Rural","Not Collision with Motor Vehicle in Transport (Not Necessarily in Transport for 2005-2009)","Non documente","Fog, Smog, Smoke","1","0"
"28","280198","2015","5","3","4","Rural","Not Collision with Motor Vehicle in Transport (Not Necessarily in Transport for 2005-2009)","Dark - Not Lighted","Fog, Smog, Smoke","1","0"
"42","420614","2015","8","5","22","Rural","Not Collision with Motor Vehicle in Transport (Not Necessarily in Transport for 2005-2009)","Dark - Not Lighted","Fog, Smog, Smoke","1","0"
"42","420435","2015","6","6","7","Rural","Not Collision with Motor Vehicle in Transport (Not Necessarily in Transport for 2005-2009)","Daylight","Fog, Smog, Smoke","1","0"
"42","420017","2015","1","1","3","Rural","Not Collision with Motor Vehicle in Transport (Not Necessarily in Transport for 2005-2009)","Dark - Not Lighted","Fog, Smog, Smoke","1","1"
"45","450882","2015","12","3","20","Rural","Not Collision with Motor Vehicle in Transport (Not Necessarily in Transport for 2005-2009)","Dark - Not Lighted","Fog, Smog, Smoke","1","0"
"45","450895","2015","12","6","0","Rural","Not Collision with Motor Vehicle in Transport (Not Necessarily in Transport for 2005-2009)","Dark - Not Lighted","Fog, Smog, Smoke","1","1"
"45","450668","2015","10","2","7","Rural","Not Collision with Motor Vehicle in Transport (Not Necessarily in Transport for 2005-2009)","Daylight","Fog, Smog, Smoke","1","0"
"45","450224","2015","4","1","5","Rural","Not Collision with Motor Vehicle in Transport (Not Necessarily in Transport for 2005-2009)","Dark - Not Lighted","Fog, Smog, Smoke","1","1"
"39","390947","2015","12","7","23","Urban","Not Collision with Motor Vehicle in Transport (Not Necessarily in Transport for 2005-2009)","Dark - Not Lighted","Fog, Smog, Smoke","1","0"
"24","240222","2015","7","1","5","Urban","Not Collision with Motor Vehicle in Transport (Not Necessarily in Transport for 2005-2009)","Dark - Not Lighted","Fog, Smog, Smoke","1","1"
"18","180723","2015","12","1","4","Urban","Not Collision with Motor Vehicle in Transport (Not Necessarily in Transport for 2005-2009)","Dark - Not Lighted","Fog, Smog, Smoke","2","0"
"48","482939","2015","12","3","1","Urban","Not Collision with Motor Vehicle in Transport (Not Necessarily in Transport for 2005-2009)","Dark - Lighted","Fog, Smog, Smoke","1","1"
"48","480172","2015","1","2","4","Urban","Not Collision with Motor Vehicle in Transport (Not Necessarily in Transport for 2005-2009)","Dark - Not Lighted","Fog, Smog, Smoke","1","0"
"17","170238","2015","5","4","5","Urban","Not Collision with Motor Vehicle in Transport (Not Necessarily in Transport for 2005-2009)","Dark - Not Lighted","Fog, Smog, Smoke","1","1"
"26","260855","2015","7","7","1","Rural","Not Collision with Motor Vehicle in Transport (Not Necessarily in Transport for 2005-2009)","Dark - Not Lighted","Fog, Smog, Smoke","1","0"
"42","420949","2015","10","2","6","Rural","Not Collision with Motor Vehicle in Transport (Not Necessarily in Transport for 2005-2009)","Dark - Not Lighted","Fog, Smog, Smoke","1","0"
"33","330100","2015","12","5","17","Rural","Not Collision with Motor Vehicle in Transport (Not Necessarily in Transport for 2005-2009)","Dark - Not Lighted","Fog, Smog, Smoke","1","0"
"26","260816","2015","12","1","3","Rural","Not Collision with Motor Vehicle in Transport (Not Necessarily in Transport for 2005-2009)","Dark - Lighted","Fog, Smog, Smoke","1","0"
"51","510646","2015","12","1","3","Rural","Not Collision with Motor Vehicle in Transport (Not Necessarily in Transport for 2005-2009)","Dark - Not Lighted","Fog, Smog, Smoke","1","0"
"51","510712","2015","12","4","4","Rural","Not Collision with Motor Vehicle in Transport (Not Necessarily in Transport for 2005-2009)","Dark - Not Lighted","Fog, Smog, Smoke","1","0"
"1","10550","2015","9","7","4","Urban","Not Collision with Motor Vehicle in Transport (Not Necessarily in Transport for 2005-2009)","Dark - Not Lighted","Fog, Smog, Smoke","1","0"
"17","170801","2015","12","4","5","Urban","Not Collision with Motor Vehicle in Transport (Not Necessarily in Transport for 2005-2009)","Dark - Lighted","Fog, Smog, Smoke","1","0"
"9","90013","2015","3","3","22","Urban","Not Collision with Motor Vehicle in Transport (Not Necessarily in Transport for 2005-2009)","Dark - Lighted","Fog, Smog, Smoke","1","0"
"45","450027","2015","1","2","19","Urban","Not Collision with Motor Vehicle in Transport (Not Necessarily in Transport for 2005-2009)","Dark - Not Lighted","Fog, Smog, Smoke","1","0"
"45","450909","2015","12","6","22","Urban","Not Collision with Motor Vehicle in Transport (Not Necessarily in Transport for 2005-2009)","Dark - Not Lighted","Fog, Smog, Smoke","1","0"
"13","130233","2015","3","4","7","Urban","Not Collision with Motor Vehicle in Transport (Not Necessarily in Transport for 2005-2009)","Dark - Not Lighted","Fog, Smog, Smoke","1","0"
"17","170080","2015","2","6","0","Urban","Not Collision with Motor Vehicle in Transport (Not Necessarily in Transport for 2005-2009)","Dark - Not Lighted","Fog, Smog, Smoke","1","0"
"48","480503","2015","3","3","8","Urban","Not Collision with Motor Vehicle in Transport (Not Necessarily in Transport for 2005-2009)","Daylight","Fog, Smog, Smoke","1","0"
"51","510515","2015","10","5","7","Urban","Not Collision with Motor Vehicle in Transport (Not Necessarily in Transport for 2005-2009)","Daylight","Fog, Smog, Smoke","1","0"
"21","210375","2015","8","7","3","Rural","Not Collision with Motor Vehicle in Transport (Not Necessarily in Transport for 2005-2009)","Dark - Not Lighted","Fog, Smog, Smoke","1","1"
"21","210449","2015","9","6","0","Rural","Not Collision with Motor Vehicle in Transport (Not Necessarily in Transport for 2005-2009)","Dark - Not Lighted","Fog, Smog, Smoke","1","0"
"51","510626","2015","12","3","1","Rural","Not Collision with Motor Vehicle in Transport (Not Necessarily in Transport for 2005-2009)","Dark - Not Lighted","Fog, Smog, Smoke","1","0"
"48","480463","2015","3","2","8","Rural","Not Collision with Motor Vehicle in Transport (Not Necessarily in Transport for 2005-2009)","Dawn","Fog, Smog, Smoke","1","0"
"48","480567","2015","3","6","2","Rural","Not Collision with Motor Vehicle in Transport (Not Necessarily in Transport for 2005-2009)","Dark - Not Lighted","Fog, Smog, Smoke","1","0"
"13","131317","2015","12","1","19","Rural","Not Collision with Motor Vehicle in Transport (Not Necessarily in Transport for 2005-2009)","Dark - Not Lighted","Fog, Smog, Smoke","1","1"
"18","180485","2015","8","5","3","Rural","Not Collision with Motor Vehicle in Transport (Not Necessarily in Transport for 2005-2009)","Dark - Not Lighted","Fog, Smog, Smoke","1","1"
"30","300160","2015","8","1","16","Rural","Not Collision with Motor Vehicle in Transport (Not Necessarily in Transport for 2005-2009)","Daylight","Fog, Smog, Smoke","1","1"
"5","50401","2015","10","5","6","Rural","Not Collision with Motor Vehicle in Transport (Not Necessarily in Transport for 2005-2009)","Dark - Not Lighted","Fog, Smog, Smoke","1","0"
"17","170877","2015","12","3","20","Rural","Not Collision with Motor Vehicle in Transport (Not Necessarily in Transport for 2005-2009)","Dark - Not Lighted","Fog, Smog, Smoke","1","1"
"21","210376","2015","8","1","0","Rural","Not Collision with Motor Vehicle in Transport (Not Necessarily in Transport for 2005-2009)","Dark - Not Lighted","Fog, Smog, Smoke","1","0"
"21","210464","2015","9","1","0","Rural","Not Collision with Motor Vehicle in Transport (Not Necessarily in Transport for 2005-2009)","Dark - Not Lighted","Fog, Smog, Smoke","1","1"
"22","220239","2015","5","3","6","Rural","Not Collision with Motor Vehicle in Transport (Not Necessarily in Transport for 2005-2009)","Dawn","Fog, Smog, Smoke","1","0"
"47","470520","2015","8","5","5","Rural","Not Collision with Motor Vehicle in Transport (Not Necessarily in Transport for 2005-2009)","Dark - Not Lighted","Fog, Smog, Smoke","1","0"
"53","530173","2015","2","1","1","Rural","Not Collision with Motor Vehicle in Transport (Not Necessarily in Transport for 2005-2009)","Dark - Not Lighted","Fog, Smog, Smoke","1","1"
"38","380028","2015","4","2","6","Rural","Not Collision with Motor Vehicle in Transport (Not Necessarily in Transport for 2005-2009)","Dawn","Fog, Smog, Smoke","1","1"
"42","420730","2015","12","2","8","Rural","Not Collision with Motor Vehicle in Transport (Not Necessarily in Transport for 2005-2009)","Daylight","Fog, Smog, Smoke","1","0"
"37","371241","2015","12","7","18","Rural","Not Collision with Motor Vehicle in Transport (Not Necessarily in Transport for 2005-2009)","Dark - Not Lighted","Fog, Smog, Smoke","1","0"
"41","410169","2015","2","4","19","Rural","Not Collision with Motor Vehicle in Transport (Not Necessarily in Transport for 2005-2009)","Dark - Not Lighted","Fog, Smog, Smoke","1","0"
"41","410015","2015","1","2","18","Rural","Not Collision with Motor Vehicle in Transport (Not Necessarily in Transport for 2005-2009)","Dark - Not Lighted","Fog, Smog, Smoke","1","0"
"1","10780","2015","12","6","23","Rural","Not Collision with Motor Vehicle in Transport (Not Necessarily in Transport for 2005-2009)","Dark - Not Lighted","Fog, Smog, Smoke","1","1"
"18","180108","2015","3","4","7","Rural","Not Collision with Motor Vehicle in Transport (Not Necessarily in Transport for 2005-2009)","Dawn","Fog, Smog, Smoke","1","0"
"26","260416","2015","7","1","2","Rural","Not Collision with Motor Vehicle in Transport (Not Necessarily in Transport for 2005-2009)","Dark - Not Lighted","Fog, Smog, Smoke","1","1"
"26","260341","2015","6","2","0","Rural","Not Collision with Motor Vehicle in Transport (Not Necessarily in Transport for 2005-2009)","Dark - Not Lighted","Fog, Smog, Smoke","1","0"
"26","260353","2015","7","7","3","Rural","Not Collision with Motor Vehicle in Transport (Not Necessarily in Transport for 2005-2009)","Dark - Not Lighted","Fog, Smog, Smoke","1","1"
"26","260591","2015","9","7","0","Rural","Not Collision with Motor Vehicle in Transport (Not Necessarily in Transport for 2005-2009)","Dark - Not Lighted","Fog, Smog, Smoke","1","1"
"40","400486","2015","11","4","14","Rural","Not Collision with Motor Vehicle in Transport (Not Necessarily in Transport for 2005-2009)","Daylight","Fog, Smog, Smoke","1","0"
"27","270266","2015","9","6","7","Rural","Not Collision with Motor Vehicle in Transport (Not Necessarily in Transport for 2005-2009)","Dawn","Fog, Smog, Smoke","1","0"
"34","340410","2015","11","6","5","Rural","Not Collision with Motor Vehicle in Transport (Not Necessarily in Transport for 2005-2009)","Dawn","Fog, Smog, Smoke","1","0"
"53","530008","2015","1","1","3","Rural","Not Collision with Motor Vehicle in Transport (Not Necessarily in Transport for 2005-2009)","Dark - Not Lighted","Fog, Smog, Smoke","3","0"
"54","540143","2015","8","1","2","Rural","Not Collision with Motor Vehicle in Transport (Not Necessarily in Transport for 2005-2009)","Dark - Not Lighted","Fog, Smog, Smoke","1","1"
"48","482972","2015","12","7","1","Rural","Not Collision with Motor Vehicle in Transport (Not Necessarily in Transport for 2005-2009)","Dark - Lighted","Fog, Smog, Smoke","1","1"
"48","480428","2015","3","2","18","Rural","Not Collision with Motor Vehicle in Transport (Not Necessarily in Transport for 2005-2009)","Dark - Not Lighted","Fog, Smog, Smoke","1","0"
"48","482155","2015","9","6","8","Rural","Not Collision with Motor Vehicle in Transport (Not Necessarily in Transport for 2005-2009)","Daylight","Fog, Smog, Smoke","1","0"
"48","483048","2015","12","2","5","Rural","Not Collision with Motor Vehicle in Transport (Not Necessarily in Transport for 2005-2009)","Dark - Not Lighted","Fog, Smog, Smoke","1","0"
"48","480061","2015","1","2","7","Rural","Not Collision with Motor Vehicle in Transport (Not Necessarily in Transport for 2005-2009)","Dark - Not Lighted","Fog, Smog, Smoke","1","1"
"29","290646","2015","11","1","5","Rural","Not Collision with Motor Vehicle in Transport (Not Necessarily in Transport for 2005-2009)","Dark - Not Lighted","Fog, Smog, Smoke","1","0"
"18","180503","2015","9","5","0","Rural","Not Collision with Motor Vehicle in Transport (Not Necessarily in Transport for 2005-2009)","Dark - Not Lighted","Fog, Smog, Smoke","1","0"
"29","290453","2015","8","7","8","Urban","Not Collision with Motor Vehicle in Transport (Not Necessarily in Transport for 2005-2009)","Daylight","Fog, Smog, Smoke","1","0"
"51","510575","2015","11","5","7","Urban","Not Collision with Motor Vehicle in Transport (Not Necessarily in Transport for 2005-2009)","Daylight","Fog, Smog, Smoke","2","0"
"17","170923","2015","12","7","4","Urban","Not Collision with Motor Vehicle in Transport (Not Necessarily in Transport for 2005-2009)","Dark - Lighted","Fog, Smog, Smoke","1","0"
"29","290106","2015","3","4","6","Rural","Not Collision with Motor Vehicle in Transport (Not Necessarily in Transport for 2005-2009)","Dark - Not Lighted","Fog, Smog, Smoke","1","0"
"40","400389","2015","9","5","22","Rural","Not Collision with Motor Vehicle in Transport (Not Necessarily in Transport for 2005-2009)","Dark - Not Lighted","Fog, Smog, Smoke","1","0"
"5","50335","2015","9","5","5","Rural","Not Collision with Motor Vehicle in Transport (Not Necessarily in Transport for 2005-2009)","Dark - Not Lighted","Fog, Smog, Smoke","1","0"
"53","530022","2015","1","1","6","Rural","Not Collision with Motor Vehicle in Transport (Not Necessarily in Transport for 2005-2009)","Dark - Not Lighted","Fog, Smog, Smoke","1","0"
"42","420810","2015","9","2","3","Rural","Not Collision with Motor Vehicle in Transport (Not Necessarily in Transport for 2005-2009)","Dark - Not Lighted","Fog, Smog, Smoke","1","0"
"41","410055","2015","1","3","19","Rural","Not Collision with Motor Vehicle in Transport (Not Necessarily in Transport for 2005-2009)","Dark - Lighted","Fog, Smog, Smoke","1","0"
"13","130316","2015","4","5","6","Rural","Not Collision with Motor Vehicle in Transport (Not Necessarily in Transport for 2005-2009)","Dark - Not Lighted","Fog, Smog, Smoke","1","0"
"55","550279","2015","8","6","23","Rural","Not Collision with Motor Vehicle in Transport (Not Necessarily in Transport for 2005-2009)","Dark - Not Lighted","Fog, Smog, Smoke","1","1"
"48","480811","2015","3","4","4","Rural","Not Collision with Motor Vehicle in Transport (Not Necessarily in Transport for 2005-2009)","Dark - Not Lighted","Fog, Smog, Smoke","1","0"
"39","390763","2015","9","3","6","Urban","Not Collision with Motor Vehicle in Transport (Not Necessarily in Transport for 2005-2009)","Dark - Lighted","Fog, Smog, Smoke","1","0"
"39","390984","2015","12","1","8","Urban","Not Collision with Motor Vehicle in Transport (Not Necessarily in Transport for 2005-2009)","Daylight","Fog, Smog, Smoke","1","0"
"41","410079","2015","4","7","0","Urban","Not Collision with Motor Vehicle in Transport (Not Necessarily in Transport for 2005-2009)","Dark - Not Lighted","Fog, Smog, Smoke","1","0"
"41","410007","2015","1","6","19","Rural","Not Collision with Motor Vehicle in Transport (Not Necessarily in Transport for 2005-2009)","Dark - Not Lighted","Fog, Smog, Smoke","1","1"
"21","210562","2015","10","3","3","Rural","Not Collision with Motor Vehicle in Transport (Not Necessarily in Transport for 2005-2009)","Dark - Not Lighted","Fog, Smog, Smoke","1","1"