"state_number","consecutive_number","year_of_crash","month_of_crash","day_of_week","hour_of_crash","land_use_name","manner_of_collision_name","light_condition_name","atmospheric_conditions_name","number_of_fatalities","number_of_drunk_drivers"
"29","290350","2015","7","7","23","Rural","Not Collision with Motor Vehicle in Transport (Not Necessarily in Transport for 2005-2009)","Dark - Not Lighted","Fog, Smog, Smoke","1","1"
"17","170854","2015","12","7","2","Rural","Not Collision with Motor Vehicle in Transport (Not Necessarily in Transport for 2005-2009)","Dark - Not Lighted","Fog, Smog, Smoke","1","1"
"28","280596","2015","11","1","4","Rural","Not Collision with Motor Vehicle in Transport (Not Necessarily in Transport for 2005-2009)","Dark - Not Lighted","Fog, Smog, Smoke","1","1"
"45","450030","2015","1","3","1","Rural","Not Collision with Motor Vehicle in Transport (Not Necessarily in Transport for 2005-2009)","Dark - Not Lighted","Fog, Smog, Smoke","1","1"
"45","450903","2015","12","2","4","Urban","Not Collision with Motor Vehicle in Transport (Not Necessarily in Transport for 2005-2009)","Dark - Not Lighted","Fog, Smog, Smoke","1","0"
"47","470312","2015","5","5","3","Urban","Not Collision with Motor Vehicle in Transport (Not Necessarily in Transport for 2005-2009)","Dark - Not Lighted","Fog, Smog, Smoke","1","1"
"16","160138","2015","8","1","12","Rural","Not Collision with Motor Vehicle in Transport (Not Necessarily in Transport for 2005-2009)","Daylight","Fog, Smog, Smoke","1","0"
"12","121864","2015","9","4","6","Rural","Not Collision with Motor Vehicle in Transport (Not Necessarily in Transport for 2005-2009)","Dark - Not Lighted","Fog, Smog, Smoke","1","0"
"13","130206","2015","3","4","8","Rural","Not Collision with Motor Vehicle in Transport (Not Necessarily in Transport for 2005-2009)","Daylight","Fog, Smog, Smoke","1","0"
"18","180574","2015","10","4","3","Rural","Not Collision with Motor Vehicle in Transport (Not Necessarily in Transport for 2005-2009)","Dark - Not Lighted","Fog, Smog, Smoke","1","0"
"17","170922","2015","12","7","1","Rural","Not Collision with Motor Vehicle in Transport (Not Necessarily in Transport for 2005-2009)","Dark - Not Lighted","Fog, Smog, Smoke","1","1"
"26","260596","2015","9","1","1","Rural","Not Collision with Motor Vehicle in Transport (Not Necessarily in Transport for 2005-2009)","Dark - Not Lighted","Fog, Smog, Smoke","1","1"
"40","400240","2015","6","7","4","Rural","Not Collision with Motor Vehicle in Transport (Not Necessarily in Transport for 2005-2009)","Dark - Not Lighted","Fog, Smog, Smoke","1","1"
"35","350084","2015","5","6","22","Rural","Not Collision with Motor Vehicle in Transport (Not Necessarily in Transport for 2005-2009)","Dark - Not Lighted","Fog, Smog, Smoke","1","0"
"28","280544","2015","12","5","0","Rural","Not Collision with Motor Vehicle in Transport (Not Necessarily in Transport for 2005-2009)","Dark - Not Lighted","Fog, Smog, Smoke","1","1"
"42","420045","2015","1","1","19","Rural","Not Collision with Motor Vehicle in Transport (Not Necessarily in Transport for 2005-2009)","Dark - Not Lighted","Fog, Smog, Smoke","1","0"
"37","371178","2015","12","6","6","Rural","Not Collision with Motor Vehicle in Transport (Not Necessarily in Transport for 2005-2009)","Dawn","Fog, Smog, Smoke","1","0"
"18","180724","2015","12","1","0","Rural","Not Collision with Motor Vehicle in Transport (Not Necessarily in Transport for 2005-2009)","Dark - Not Lighted","Fog, Smog, Smoke","1","0"
"38","380111","2015","12","2","9","Rural","Not Collision with Motor Vehicle in Transport (Not Necessarily in Transport for 2005-2009)","Daylight","Fog, Smog, Smoke","1","0"
"37","370708","2015","7","4","6","Rural","Not Collision with Motor Vehicle in Transport (Not Necessarily in Transport for 2005-2009)","Dawn","Fog, Smog, Smoke","1","0"
"37","370789","2015","8","1","2","Rural","Not Collision with Motor Vehicle in Transport (Not Necessarily in Transport for 2005-2009)","Dark - Not Lighted","Fog, Smog, Smoke","1","1"
"37","371164","2015","12","6","21","Rural","Not Collision with Motor Vehicle in Transport (Not Necessarily in Transport for 2005-2009)","Dark - Not Lighted","Fog, Smog, Smoke","1","1"
"37","371186","2015","12","4","0","Rural","Not Collision with Motor Vehicle in Transport (Not Necessarily in Transport for 2005-2009)","Dark - Lighted","Fog, Smog, Smoke","1","1"
"37","371191","2015","12","3","20","Rural","Not Collision with Motor Vehicle in Transport (Not Necessarily in Transport for 2005-2009)","Dark - Not Lighted","Fog, Smog, Smoke","1","0"
"37","370547","2015","6","6","2","Rural","Not Collision with Motor Vehicle in Transport (Not Necessarily in Transport for 2005-2009)","Dark - Not Lighted","Fog, Smog, Smoke","1","1"
"12","122509","2015","12","1","4","Rural","Not Collision with Motor Vehicle in Transport (Not Necessarily in Transport for 2005-2009)","Dark - Not Lighted","Fog, Smog, Smoke","1","1"
"24","240344","2015","12","4","3","Urban","Not Collision with Motor Vehicle in Transport (Not Necessarily in Transport for 2005-2009)","Dark - Lighted","Fog, Smog, Smoke","1","0"
"48","482954","2015","12","6","7","Urban","Not Collision with Motor Vehicle in Transport (Not Necessarily in Transport for 2005-2009)","Dawn","Fog, Smog, Smoke","1","1"
"17","170927","2015","12","7","3","Urban","Not Collision with Motor Vehicle in Transport (Not Necessarily in Transport for 2005-2009)","Dark - Lighted","Fog, Smog, Smoke","1","1"
"42","420993","2015","12","1","2","Urban","Not Collision with Motor Vehicle in Transport (Not Necessarily in Transport for 2005-2009)","Dark - Not Lighted","Fog, Smog, Smoke","1","1"
"31","310136","2015","8","4","4","Urban","Not Collision with Motor Vehicle in Transport (Not Necessarily in Transport for 2005-2009)","Dawn","Fog, Smog, Smoke","1","0"
"22","220172","2015","4","5","","Urban","Not Collision with Motor Vehicle in Transport (Not Necessarily in Transport for 2005-2009)","Non documente","Fog, Smog, Smoke","1","1"
"13","130472","2015","3","4","18","Rural","Not Collision with Motor Vehicle in Transport (Not Necessarily in Transport for 2005-2009)","Dark - Not Lighted","Fog, Smog, Smoke","1","0"
"30","300194","2015","12","6","20","Rural","Not Collision with Motor Vehicle in Transport (Not Necessarily in Transport for 2005-2009)","Dark - Not Lighted","Fog, Smog, Smoke","1","0"
"37","370458","2015","5","5","5","Rural","Not Collision with Motor Vehicle in Transport (Not Necessarily in Transport for 2005-2009)","Dark - Not Lighted","Fog, Smog, Smoke","1","0"
"34","340191","2015","6","7","21","Urban","Not Collision with Motor Vehicle in Transport (Not Necessarily in Transport for 2005-2009)","Dark - Lighted","Fog, Smog, Smoke","1","0"
"12","122307","2015","11","6","0","Urban","Not Collision with Motor Vehicle in Transport (Not Necessarily in Transport for 2005-2009)","Dark - Lighted","Fog, Smog, Smoke","1","0"
"54","540177","2015","9","4","4","Urban","Not Collision with Motor Vehicle in Transport (Not Necessarily in Transport for 2005-2009)","Dark - Not Lighted","Fog, Smog, Smoke","1","0"
"45","450807","2015","11","5","22","Urban","Not Collision with Motor Vehicle in Transport (Not Necessarily in Transport for 2005-2009)","Dark - Lighted","Fog, Smog, Smoke","1","0"
"15","150058","2015","9","4","18","Urban","Not Collision with Motor Vehicle in Transport (Not Necessarily in Transport for 2005-2009)","Dark - Not Lighted","Fog, Smog, Smoke","1","0"
"41","410067","2015","1","2","17","Urban","Not Collision with Motor Vehicle in Transport (Not Necessarily in Transport for 2005-2009)","Dark - Lighted","Fog, Smog, Smoke","1","0"
"12","120317","2015","3","4","20","Urban","Not Collision with Motor Vehicle in Transport (Not Necessarily in Transport for 2005-2009)","Dark - Not Lighted","Fog, Smog, Smoke","1","0"
"37","371223","2015","12","4","1","Urban","Not Collision with Motor Vehicle in Transport (Not Necessarily in Transport for 2005-2009)","Dark - Lighted","Fog, Smog, Smoke","1","0"
"25","250282","2015","12","6","20","Urban","Not Collision with Motor Vehicle in Transport (Not Necessarily in Transport for 2005-2009)","Dark - Not Lighted","Fog, Smog, Smoke","1","0"
"36","360928","2015","12","1","18","Urban","Not Collision with Motor Vehicle in Transport (Not Necessarily in Transport for 2005-2009)","Dark - Lighted","Fog, Smog, Smoke","1","0"
"34","340386","2015","11","5","20","Urban","Not Collision with Motor Vehicle in Transport (Not Necessarily in Transport for 2005-2009)","Dark - Lighted","Fog, Smog, Smoke","1","0"
"16","160149","2015","9","1","14","Rural","Not Collision with Motor Vehicle in Transport (Not Necessarily in Transport for 2005-2009)","Daylight","Fog, Smog, Smoke","1","0"
"28","280028","2015","2","1","21","Rural","Not Collision with Motor Vehicle in Transport (Not Necessarily in Transport for 2005-2009)","Dark - Not Lighted","Fog, Smog, Smoke","1","0"
"53","530053","2015","2","1","3","Urban","Not Collision with Motor Vehicle in Transport (Not Necessarily in Transport for 2005-2009)","Dark - Not Lighted","Fog, Smog, Smoke","1","0"
"5","50404","2015","10","7","22","Rural","Not Collision with Motor Vehicle in Transport (Not Necessarily in Transport for 2005-2009)","Dark - Not Lighted","Fog, Smog, Smoke","4","1"
"39","390883","2015","11","6","15","Rural","Angle","Daylight","Sleet, Hail","1","0"
"55","550037","2015","2","3","14","Rural","Angle","Daylight","Sleet, Hail","1","0"
"24","240010","2015","1","1","8","Rural","Not Collision with Motor Vehicle in Transport (Not Necessarily in Transport for 2005-2009)","Daylight","Sleet, Hail","1","0"
"36","360049","2015","1","7","16","Rural","Angle","Daylight","Sleet, Hail","2","0"
"36","360022","2015","1","2","13","Rural","Angle","Daylight","Sleet, Hail","1","0"
"17","170293","2015","1","1","22","Urban","Angle","Dark - Lighted","Other","1","1"
"29","290037","2015","1","7","0","Urban","Angle","Dark - Lighted","Other","1","1"
"25","250274","2015","2","4","17","Urban","Angle","Dark - Lighted","Blowing Snow","1","0"
"17","170806","2015","12","7","16","Urban","Front-to-Front","Dark - Lighted","Other","1","0"
"10","100004","2015","1","2","6","Urban","Not Collision with Motor Vehicle in Transport (Not Necessarily in Transport for 2005-2009)","Dark - Not Lighted","Sleet, Hail","1","0"
"18","180765","2015","12","2","12","Rural","Not Collision with Motor Vehicle in Transport (Not Necessarily in Transport for 2005-2009)","Daylight","Sleet, Hail","1","0"
"22","220102","2015","3","5","0","Rural","Not Collision with Motor Vehicle in Transport (Not Necessarily in Transport for 2005-2009)","Dark - Not Lighted","Sleet, Hail","1","0"
"48","480439","2015","3","4","8","Rural","Front-to-Rear","Daylight","Sleet, Hail","1","0"
"39","390094","2015","2","7","15","Rural","Front-to-Rear","Daylight","Severe Crosswinds","1","0"
"48","482791","2015","11","5","21","Rural","Angle","Dark - Not Lighted","Sleet, Hail","3","0"
"54","540247","2015","12","6","8","Rural","Angle","Dark - Not Lighted","Blowing Snow","1","0"
"48","480497","2015","2","2","10","Rural","Sideswipe - Same Direction","Daylight","Sleet, Hail","1","0"
"40","400062","2015","2","7","22","Rural","Sideswipe - Same Direction","Dark - Not Lighted","Sleet, Hail","1","0"
"37","370042","2015","1","6","6","Rural","Rear-to-Side","Dark - Not Lighted","Sleet, Hail","1","0"
"25","250010","2015","1","7","13","Urban","Not Collision with Motor Vehicle in Transport (Not Necessarily in Transport for 2005-2009)","Daylight","Sleet, Hail","1","0"
"36","360992","2015","12","3","1","Urban","Not Collision with Motor Vehicle in Transport (Not Necessarily in Transport for 2005-2009)","Dark - Not Lighted","Sleet, Hail","1","0"
"29","290085","2015","3","1","9","Urban","Not Collision with Motor Vehicle in Transport (Not Necessarily in Transport for 2005-2009)","Daylight","Other","1","0"
"29","290006","2015","1","2","23","Urban","Front-to-Rear","Dark - Not Lighted","Other","1","0"
"24","240436","2015","12","6","3","Urban","Front-to-Front","Dark - Lighted","Non documente","1","0"
"29","290069","2015","2","2","19","Urban","Front-to-Rear","Dark - Not Lighted","Other","1","0"
"26","260084","2015","1","7","10","Rural","Front-to-Front","Daylight","Sleet, Hail","1","0"
"42","420129","2015","2","6","8","Rural","Front-to-Front","Daylight","Other","1","0"
"56","560002","2015","1","7","7","Rural","Front-to-Front","Daylight","Blowing Snow","2","0"
"48","480093","2015","1","3","6","Rural","Angle","Dark - Not Lighted","Sleet, Hail","2","0"
"47","470095","2015","2","2","11","Rural","Angle","Daylight","Sleet, Hail","1","0"
"39","390016","2015","1","7","9","Rural","Angle","Daylight","Sleet, Hail","1","0"
"48","480017","2015","1","6","12","Rural","Angle","Daylight","Sleet, Hail","1","0"
"53","530482","2015","12","5","10","Rural","Angle","Daylight","Sleet, Hail","1","0"
"39","390024","2015","1","6","7","Rural","Angle","Dawn","Severe Crosswinds","1","0"
"5","50136","2015","4","7","6","Rural","Angle","Daylight","Other","1","0"
"55","550011","2015","1","6","7","Rural","Angle","Daylight","Blowing Snow","1","0"
"55","550018","2015","1","3","5","Rural","Angle","Dark - Not Lighted","Freezing Rain or Drizzle","1","0"
"5","50035","2015","2","1","17","Urban","Front-to-Front","Dark - Not Lighted","Other","1","0"
"21","210057","2015","1","5","11","Urban","Angle","Daylight","Blowing Sand, Soil, Dirt","1","0"
"5","50242","2015","7","3","18","Urban","Angle","Daylight","Other","1","0"
"27","270037","2015","3","3","15","Urban","Angle","Daylight","Blowing Snow","1","0"
"9","90024","2015","2","4","22","Urban","Angle","Dark - Lighted","Freezing Rain or Drizzle","1","0"
"41","410384","2015","8","1","2","Urban","Non documente","Dark - Not Lighted","Non documente","1","1"
"53","530521","2015","4","5","15","Urban","Non documente","Daylight","Non documente","1","0"
"4","40207","2015","3","1","20","Urban","Front-to-Rear","Dark - Not Lighted","Non documente","1","1"
"17","170938","2015","12","2","12","Urban","Front-to-Front","Daylight","Sleet, Hail","1","0"
"1","10071","2015","2","6","22","Urban","Front-to-Front","Dark - Unknown Lighting","Sleet, Hail","1","0"
"29","290171","2015","2","6","19","Urban","Front-to-Front","Dark - Not Lighted","Non documente","1","0"
"56","560019","2015","3","7","18","Rural","Angle","Daylight","Severe Crosswinds","1","0"
"27","270377","2015","12","4","19","Rural","Angle","Dark - Not Lighted","Other","1","0"
"53","530292","2015","8","1","17","Rural","Front-to-Front","Daylight","Blowing Sand, Soil, Dirt","1","2"
"41","410280","2015","10","6","14","Rural","Front-to-Front","Daylight","Non documente","2","0"
"21","210005","2015","1","6","7","Rural","Angle","Dawn","Sleet, Hail","1","0"
"36","360020","2015","1","2","15","Rural","Angle","Daylight","Sleet, Hail","1","0"
"37","370114","2015","2","2","19","Rural","Angle","Dark - Not Lighted","Sleet, Hail","1","0"
"39","390049","2015","1","5","11","Rural","Angle","Daylight","Sleet, Hail","2","1"
"42","420064","2015","1","6","15","Rural","Angle","Daylight","Blowing Snow","1","0"
"19","190269","2015","12","3","7","Rural","Angle","Dawn","Freezing Rain or Drizzle","1","0"
"41","410360","2015","5","3","9","Urban","Front-to-Front","Daylight","Non documente","1","0"
"41","410394","2015","9","1","16","Urban","Front-to-Front","Daylight","Non documente","1","1"
"24","240392","2015","11","5","13","Urban","Angle","Daylight","Non documente","2","0"
"41","410400","2015","11","2","0","Urban","Angle","Dark - Not Lighted","Non documente","1","0"
"29","290029","2015","1","6","6","Rural","Front-to-Rear","Dark - Not Lighted","Other","1","0"
"17","170044","2015","2","7","10","Rural","Angle","Daylight","Blowing Snow","1","0"
"5","50119","2015","4","2","13","Rural","Front-to-Rear","Daylight","Other","3","0"
"18","180137","2015","3","2","17","Rural","Front-to-Front","Daylight","Blowing Sand, Soil, Dirt","1","0"
"5","50135","2015","4","5","9","Rural","Front-to-Front","Daylight","Other","1","0"
"16","160180","2015","12","2","21","Rural","Front-to-Front","Dark - Not Lighted","Blowing Snow","1","0"
"18","180074","2015","2","5","5","Rural","Front-to-Front","Dark - Not Lighted","Blowing Snow","1","0"
"21","210082","2015","2","4","17","Rural","Front-to-Front","Dusk","Blowing Snow","1","1"
"38","380108","2015","12","1","3","Rural","Front-to-Front","Dark - Not Lighted","Non documente","1","1"
"42","420164","2015","3","3","15","Rural","Angle","Daylight","Sleet, Hail","1","0"
"27","270368","2015","12","2","6","Rural","Angle","Dawn","Freezing Rain or Drizzle","1","0"
"20","200319","2015","12","1","16","Rural","Angle","Dusk","Blowing Snow","1","0"
"38","380007","2015","1","4","20","Rural","Angle","Dark - Not Lighted","Sleet, Hail","2","1"
"31","310059","2015","4","3","9","Rural","Non documente","Daylight","Sleet, Hail","1","0"
"55","550294","2015","8","4","2","Rural","Angle","Dark - Not Lighted","Sleet, Hail","1","0"
"2","20044","2015","9","3","14","Urban","Angle","Daylight","Freezing Rain or Drizzle","1","0"
"4","40843","2015","12","2","8","Urban","Angle","Daylight","Sleet, Hail","1","0"
"51","510098","2015","1","7","10","Urban","Angle","Daylight","Sleet, Hail","1","0"
"20","200298","2015","11","6","9","Urban","Angle","Daylight","Freezing Rain or Drizzle","1","0"
"41","410380","2015","6","5","15","Urban","Angle","Daylight","Non documente","1","1"
"48","480405","2015","2","1","22","Urban","Not Collision with Motor Vehicle in Transport (Not Necessarily in Transport for 2005-2009)","Dark - Not Lighted","Sleet, Hail","2","0"
"25","250335","2015","7","6","19","Urban","Front-to-Rear","Non documente","Non documente","1","0"
"31","310196","2015","11","5","16","Urban","Angle","Dusk","Freezing Rain or Drizzle","1","0"
"33","330003","2015","1","2","5","Urban","Not Collision with Motor Vehicle in Transport (Not Necessarily in Transport for 2005-2009)","Dark - Lighted","Freezing Rain or Drizzle","1","0"
"20","200297","2015","11","5","16","Rural","Not Collision with Motor Vehicle in Transport (Not Necessarily in Transport for 2005-2009)","Daylight","Freezing Rain or Drizzle","1","0"
"53","530119","2015","4","2","13","Rural","Angle","Daylight","Sleet, Hail","1","0"
"18","180066","2015","2","5","7","Urban","Not Collision with Motor Vehicle in Transport (Not Necessarily in Transport for 2005-2009)","Daylight","Blowing Snow","1","0"
"53","530002","2015","1","6","12","Urban","Not Collision with Motor Vehicle in Transport (Not Necessarily in Transport for 2005-2009)","Daylight","Other","2","0"
"1","10777","2015","12","7","17","Rural","Sideswipe - Same Direction","Dark - Not Lighted","Rain","3","0"
"13","130075","2015","1","7","2","Rural","Front-to-Rear","Dark - Not Lighted","Rain","1","2"
"21","210413","2015","8","4","21","Rural","Angle","Dark - Not Lighted","Rain","1","1"
"42","420743","2015","8","4","23","Rural","Angle","Dark - Not Lighted","Rain","1","0"
"45","450772","2015","11","2","12","Rural","Angle","Daylight","Rain","1","0"
"28","280423","2015","9","3","19","Rural","Angle","Dark - Lighted","Rain","1","0"
"39","390242","2015","4","5","15","Rural","Angle","Daylight","Rain","1","0"
"12","121302","2015","6","5","17","Rural","Angle","Daylight","Rain","1","0"
"19","190200","2015","9","5","15","Rural","Angle","Daylight","Rain","1","0"
"12","122152","2015","10","6","6","Rural","Not Collision with Motor Vehicle in Transport (Not Necessarily in Transport for 2005-2009)","Dark - Not Lighted","Rain","1","0"
"37","370421","2015","5","2","5","Rural","Not Collision with Motor Vehicle in Transport (Not Necessarily in Transport for 2005-2009)","Dark - Not Lighted","Rain","1","0"
"37","370339","2015","4","6","5","Rural","Front-to-Rear","Dark - Not Lighted","Rain","1","0"
"12","122249","2015","11","5","17","Rural","Front-to-Front","Daylight","Rain","1","1"
"42","420770","2015","12","1","11","Rural","Front-to-Front","Daylight","Rain","1","0"
"36","360468","2015","7","5","13","Rural","Front-to-Front","Daylight","Rain","1","0"
"36","360200","2015","4","4","10","Rural","Front-to-Front","Daylight","Rain","1","0"
"51","510421","2015","8","2","18","Rural","Front-to-Front","Daylight","Rain","1","1"
"51","510155","2015","4","3","10","Rural","Front-to-Front","Daylight","Rain","1","0"
"28","280444","2015","9","5","18","Rural","Front-to-Front","Daylight","Rain","1","0"
"18","180338","2015","6","6","16","Rural","Front-to-Front","Daylight","Rain","1","1"
"36","360156","2015","4","4","14","Rural","Front-to-Front","Daylight","Rain","1","0"
"36","361065","2015","12","7","23","Rural","Front-to-Front","Dark - Not Lighted","Rain","1","0"
"12","121469","2015","8","6","20","Rural","Angle","Dark - Not Lighted","Rain","1","1"
"36","360846","2015","10","4","20","Rural","Angle","Dark - Lighted","Rain","1","1"
"18","180314","2015","6","4","22","Rural","Angle","Dark - Not Lighted","Rain","1","1"
"21","210263","2015","6","3","21","Rural","Front-to-Rear","Dark - Not Lighted","Rain","1","1"
"18","180290","2015","6","2","2","Urban","Front-to-Front","Dark - Not Lighted","Rain","1","2"
"37","370336","2015","4","5","17","Urban","Front-to-Front","Daylight","Rain","1","0"
"37","370124","2015","2","2","11","Urban","Angle","Daylight","Rain","1","0"
"12","120048","2015","1","1","21","Urban","Angle","Dark - Lighted","Rain","1","0"
"22","220537","2015","10","7","21","Urban","Angle","Dark - Not Lighted","Rain","2","0"
"12","121211","2015","6","6","15","Urban","Angle","Daylight","Rain","2","0"
"36","360963","2015","11","7","13","Urban","Angle","Daylight","Rain","1","0"
"4","40057","2015","1","7","13","Urban","Angle","Daylight","Rain","1","0"
"12","121965","2015","8","1","4","Urban","Angle","Dark - Lighted","Rain","1","0"
"12","121616","2015","7","6","16","Urban","Angle","Daylight","Rain","1","0"
"12","120007","2015","1","5","19","Urban","Angle","Dark - Lighted","Rain","1","0"
"13","131307","2015","12","6","0","Urban","Angle","Dark - Not Lighted","Rain","1","0"
"56","560051","2015","6","2","18","Urban","Angle","Daylight","Rain","1","0"
"24","240053","2015","3","7","10","Urban","Angle","Daylight","Rain","1","0"
"47","470530","2015","8","3","9","Urban","Angle","Daylight","Rain","1","0"
"55","550112","2015","4","4","0","Urban","Angle","Dark - Lighted","Rain","1","0"
"37","370926","2015","9","2","15","Urban","Angle","Daylight","Rain","1","0"
"37","371201","2015","12","3","4","Urban","Angle","Dark - Lighted","Rain","1","1"
"37","370961","2015","10","6","14","Urban","Not Collision with Motor Vehicle in Transport (Not Necessarily in Transport for 2005-2009)","Daylight","Rain","1","0"
"12","121056","2015","6","4","15","Urban","Front-to-Rear","Daylight","Rain","1","1"
"29","290139","2015","1","7","21","Urban","Front-to-Rear","Dark - Lighted","Rain","1","1"
"28","280605","2015","12","2","18","Urban","Front-to-Rear","Dark - Lighted","Rain","1","1"
"36","360633","2015","9","4","11","Urban","Front-to-Front","Daylight","Rain","1","0"
"13","131198","2015","12","3","23","Urban","Front-to-Front","Dark - Lighted","Rain","1","1"
"47","470840","2015","10","1","15","Urban","Front-to-Front","Daylight","Rain","2","1"
"9","90168","2015","11","1","9","Urban","Front-to-Front","Daylight","Rain","1","0"
"28","280470","2015","10","7","20","Urban","Front-to-Front","Dark - Lighted","Rain","1","1"
"48","482752","2015","11","2","16","Urban","Angle","Daylight","Rain","1","0"
"12","120046","2015","1","1","23","Urban","Angle","Dark - Not Lighted","Rain","1","1"
"36","360677","2015","7","3","17","Urban","Angle","Daylight","Rain","1","0"
"20","200257","2015","10","3","13","Urban","Angle","Daylight","Rain","1","0"
"12","120077","2015","1","1","10","Urban","Angle","Daylight","Rain","1","0"
"12","120265","2015","2","7","20","Urban","Angle","Dark - Lighted","Rain","1","0"
"12","120353","2015","2","7","19","Urban","Angle","Dark - Not Lighted","Rain","1","0"
"12","121758","2015","9","3","15","Urban","Angle","Daylight","Rain","1","0"
"40","400155","2015","5","7","19","Urban","Angle","Daylight","Rain","1","0"
"40","400129","2015","3","6","19","Urban","Angle","Dark - Lighted","Rain","1","1"
"42","420934","2015","10","3","17","Urban","Angle","Daylight","Rain","1","0"
"37","371036","2015","11","2","7","Urban","Angle","Daylight","Rain","2","0"
"12","120757","2015","1","6","4","Urban","Front-to-Rear","Dark - Lighted","Rain","1","1"
"13","130705","2015","7","4","22","Urban","Front-to-Rear","Dark - Lighted","Rain","1","0"
"12","121593","2015","8","2","9","Urban","Angle","Daylight","Rain","1","1"
"18","180214","2015","5","6","20","Urban","Angle","Dark - Not Lighted","Rain","1","0"
"37","370271","2015","4","4","11","Urban","Angle","Daylight","Rain","1","0"
"22","220306","2015","4","7","17","Urban","Not Collision with Motor Vehicle in Transport (Not Necessarily in Transport for 2005-2009)","Daylight","Rain","1","0"
"12","121331","2015","7","4","22","Urban","Not Collision with Motor Vehicle in Transport (Not Necessarily in Transport for 2005-2009)","Dark - Lighted","Rain","1","0"
"42","421045","2015","12","4","4","Urban","Not Collision with Motor Vehicle in Transport (Not Necessarily in Transport for 2005-2009)","Dark - Lighted","Rain","1","0"
"17","170858","2015","12","2","17","Urban","Front-to-Rear","Dark - Not Lighted","Rain","1","0"
"42","420895","2015","12","6","20","Urban","Front-to-Front","Dark - Not Lighted","Rain","1","0"
"48","480553","2015","3","4","10","Rural","Not Collision with Motor Vehicle in Transport (Not Necessarily in Transport for 2005-2009)","Daylight","Rain","1","0"
"48","481695","2015","6","3","4","Rural","Not Collision with Motor Vehicle in Transport (Not Necessarily in Transport for 2005-2009)","Dark - Not Lighted","Rain","4","0"
"1","10317","2015","7","4","14","Rural","Not Collision with Motor Vehicle in Transport (Not Necessarily in Transport for 2005-2009)","Daylight","Rain","1","0"
"29","290764","2015","12","1","17","Rural","Not Collision with Motor Vehicle in Transport (Not Necessarily in Transport for 2005-2009)","Dark - Not Lighted","Rain","3","0"
"36","360562","2015","8","4","22","Rural","Not Collision with Motor Vehicle in Transport (Not Necessarily in Transport for 2005-2009)","Dark - Not Lighted","Rain","2","0"
"47","470580","2015","9","5","18","Rural","Not Collision with Motor Vehicle in Transport (Not Necessarily in Transport for 2005-2009)","Daylight","Rain","1","0"
"37","370954","2015","10","5","13","Rural","Not Collision with Motor Vehicle in Transport (Not Necessarily in Transport for 2005-2009)","Daylight","Rain","1","0"
"45","450620","2015","9","5","10","Rural","Not Collision with Motor Vehicle in Transport (Not Necessarily in Transport for 2005-2009)","Daylight","Rain","1","0"
"29","290086","2015","3","4","2","Rural","Not Collision with Motor Vehicle in Transport (Not Necessarily in Transport for 2005-2009)","Dark - Not Lighted","Rain","1","0"
"48","481299","2015","6","6","5","Rural","Front-to-Rear","Dark - Lighted","Rain","1","0"
"48","480245","2015","2","4","5","Rural","Front-to-Rear","Dark - Not Lighted","Rain","1","0"
"48","480977","2015","5","4","15","Rural","Front-to-Rear","Daylight","Rain","1","0"
"1","10279","2015","6","5","13","Rural","Front-to-Rear","Daylight","Rain","1","0"
"1","10021","2015","1","6","13","Rural","Front-to-Rear","Daylight","Rain","1","0"
"13","130175","2015","2","3","3","Rural","Front-to-Rear","Dark - Not Lighted","Rain","1","0"
"18","180317","2015","6","1","2","Rural","Front-to-Rear","Dark - Not Lighted","Rain","1","1"
"5","50227","2015","7","6","9","Rural","Front-to-Rear","Daylight","Rain","1","0"
"55","550275","2015","8","5","23","Rural","Front-to-Rear","Dark - Not Lighted","Rain","1","0"
"38","380019","2015","3","1","3","Rural","Front-to-Rear","Dark - Not Lighted","Rain","1","0"
"37","370247","2015","4","3","15","Rural","Front-to-Rear","Daylight","Rain","1","0"
"13","131335","2015","12","5","21","Rural","Front-to-Rear","Dark - Not Lighted","Rain","1","0"
"46","460040","2015","6","6","1","Rural","Front-to-Rear","Dark - Not Lighted","Rain","1","0"
"48","481709","2015","7","3","17","Rural","Front-to-Front","Daylight","Rain","1","0"
"32","320099","2015","5","7","3","Rural","Front-to-Front","Dark - Not Lighted","Rain","2","2"
"30","300142","2015","10","7","1","Rural","Front-to-Front","Dark - Not Lighted","Rain","1","1"
"40","400478","2015","11","1","2","Rural","Front-to-Front","Dark - Not Lighted","Rain","1","1"
"39","390826","2015","10","4","7","Rural","Angle","Dawn","Rain","1","0"
"21","210275","2015","6","6","5","Rural","Angle","Dark - Not Lighted","Rain","1","0"
"51","510308","2015","7","6","7","Rural","Angle","Daylight","Rain","1","0"
"34","340528","2015","12","5","14","Rural","Angle","Daylight","Rain","1","0"
"42","420698","2015","5","2","17","Rural","Angle","Daylight","Rain","1","0"
"54","540227","2015","11","4","20","Rural","Angle","Dark - Not Lighted","Rain","1","0"
"37","371125","2015","11","2","6","Rural","Angle","Dark - Not Lighted","Rain","1","0"
"48","480757","2015","4","3","17","Rural","Angle","Daylight","Rain","1","0"
"12","121428","2015","7","4","17","Rural","Sideswipe - Same Direction","Daylight","Rain","1","0"
"18","180069","2015","2","1","18","Rural","Sideswipe - Same Direction","Dark - Not Lighted","Rain","1","0"
"37","370827","2015","9","1","20","Rural","Sideswipe - Same Direction","Dark - Not Lighted","Rain","3","0"
"55","550459","2015","10","3","21","Rural","Front-to-Rear","Dark - Not Lighted","Rain","1","1"
"55","550277","2015","8","6","13","Rural","Front-to-Rear","Daylight","Rain","1","0"
"28","280101","2015","3","2","13","Urban","Angle","Daylight","Rain","1","0"
"48","480443","2015","3","5","1","Urban","Angle","Dark - Lighted","Rain","2","0"
"48","481330","2015","6","3","18","Urban","Angle","Daylight","Rain","1","0"
"48","480755","2015","4","2","16","Urban","Not Collision with Motor Vehicle in Transport (Not Necessarily in Transport for 2005-2009)","Daylight","Rain","1","0"
"12","121088","2015","6","5","4","Urban","Not Collision with Motor Vehicle in Transport (Not Necessarily in Transport for 2005-2009)","Dark - Not Lighted","Rain","1","2"
"13","130130","2015","2","2","13","Urban","Not Collision with Motor Vehicle in Transport (Not Necessarily in Transport for 2005-2009)","Daylight","Rain","1","0"
"51","510285","2015","6","5","1","Urban","Not Collision with Motor Vehicle in Transport (Not Necessarily in Transport for 2005-2009)","Dark - Not Lighted","Rain","1","0"