"state_number","consecutive_number","year_of_crash","month_of_crash","day_of_week","hour_of_crash","land_use_name","manner_of_collision_name","light_condition_name","atmospheric_conditions_name","number_of_fatalities","number_of_drunk_drivers"
"51","510140","2015","4","3","5","Urban","Not Collision with Motor Vehicle in Transport (Not Necessarily in Transport for 2005-2009)","Dark - Not Lighted","Rain","1","0"
"42","420454","2015","6","2","0","Urban","Not Collision with Motor Vehicle in Transport (Not Necessarily in Transport for 2005-2009)","Dark - Not Lighted","Rain","2","2"
"54","540215","2015","10","3","20","Urban","Not Collision with Motor Vehicle in Transport (Not Necessarily in Transport for 2005-2009)","Dark - Not Lighted","Rain","2","0"
"25","250089","2015","6","1","22","Urban","Not Collision with Motor Vehicle in Transport (Not Necessarily in Transport for 2005-2009)","Dark - Not Lighted","Rain","1","0"
"37","370466","2015","5","1","22","Urban","Not Collision with Motor Vehicle in Transport (Not Necessarily in Transport for 2005-2009)","Dark - Not Lighted","Rain","1","1"
"12","121905","2015","9","6","21","Urban","Front-to-Rear","Dark - Not Lighted","Rain","1","0"
"12","120809","2015","5","3","0","Urban","Front-to-Rear","Dark - Not Lighted","Rain","1","1"
"12","122071","2015","10","3","21","Urban","Front-to-Rear","Dark - Lighted","Rain","1","0"
"13","130369","2015","4","4","4","Urban","Front-to-Rear","Dark - Lighted","Rain","1","1"
"5","50086","2015","3","6","8","Urban","Front-to-Rear","Daylight","Rain","1","0"
"22","220454","2015","8","4","10","Urban","Front-to-Rear","Other","Rain","1","0"
"48","480568","2015","3","6","2","Urban","Front-to-Front","Dark - Lighted","Rain","1","0"
"13","130165","2015","2","1","5","Urban","Front-to-Front","Dark - Not Lighted","Rain","1","1"
"24","240079","2015","4","5","0","Urban","Front-to-Front","Dark - Lighted","Rain","2","1"
"40","400561","2015","12","1","2","Urban","Front-to-Front","Dark - Not Lighted","Rain","1","1"
"47","470886","2015","10","2","2","Urban","Front-to-Front","Dark - Not Lighted","Rain","1","0"
"39","391035","2015","12","1","3","Urban","Angle","Dark - Not Lighted","Rain","1","0"
"39","390844","2015","10","3","6","Urban","Angle","Dark - Not Lighted","Rain","1","0"
"48","482970","2015","12","7","14","Urban","Angle","Daylight","Rain","1","0"
"48","480574","2015","3","7","6","Urban","Angle","Dark - Lighted","Rain","1","0"
"13","130458","2015","5","3","6","Urban","Angle","Dawn","Rain","1","0"
"50","500011","2015","6","6","20","Urban","Angle","Dark - Not Lighted","Rain","1","0"
"40","400203","2015","6","2","11","Urban","Angle","Daylight","Rain","1","0"
"51","510594","2015","11","5","11","Urban","Angle","Daylight","Rain","1","0"
"51","510310","2015","7","7","12","Urban","Angle","Daylight","Rain","1","0"
"22","220715","2015","10","7","12","Urban","Angle","Daylight","Rain","2","0"
"55","550199","2015","6","1","8","Urban","Angle","Daylight","Rain","1","0"
"25","250136","2015","9","6","5","Urban","Angle","Dark - Not Lighted","Rain","1","1"
"39","391056","2015","11","1","0","Urban","Sideswipe - Same Direction","Dark - Lighted","Rain","1","0"
"48","482788","2015","11","5","15","Urban","Sideswipe - Same Direction","Daylight","Rain","1","0"
"13","131305","2015","12","5","12","Urban","Sideswipe - Same Direction","Daylight","Rain","2","0"
"13","131066","2015","10","3","10","Urban","Sideswipe - Same Direction","Daylight","Rain","1","0"
"51","510404","2015","8","5","20","Urban","Sideswipe - Same Direction","Dusk","Rain","1","1"
"48","480372","2015","2","4","2","Urban","Sideswipe - Same Direction","Dark - Lighted","Rain","1","1"
"26","260895","2015","11","7","3","Urban","Front-to-Rear","Dark - Lighted","Rain","1","1"
"48","481125","2015","5","7","11","Urban","Angle","Daylight","Rain","3","0"
"48","482449","2015","10","5","15","Urban","Sideswipe - Same Direction","Daylight","Rain","1","0"
"13","131068","2015","10","4","0","Urban","Not Collision with Motor Vehicle in Transport (Not Necessarily in Transport for 2005-2009)","Dark - Not Lighted","Rain","2","0"
"53","530370","2015","9","1","21","Urban","Front-to-Front","Dark - Lighted","Rain","1","0"
"47","470686","2015","10","7","0","Rural","Angle","Dark - Not Lighted","Rain","1","0"
"41","410025","2015","2","5","3","Urban","Not Collision with Motor Vehicle in Transport (Not Necessarily in Transport for 2005-2009)","Dark - Lighted","Rain","1","0"
"22","220200","2015","5","4","5","Urban","Front-to-Rear","Dark - Not Lighted","Rain","1","1"
"48","483162","2015","12","7","21","Rural","Angle","Dark - Not Lighted","Rain","1","1"
"18","180406","2015","6","1","2","Rural","Angle","Dark - Not Lighted","Rain","1","1"
"51","510165","2015","4","1","15","Rural","Angle","Daylight","Rain","2","0"
"47","470184","2015","4","2","14","Rural","Angle","Daylight","Rain","1","0"
"47","470874","2015","4","1","14","Rural","Angle","Daylight","Rain","1","0"
"47","470869","2015","12","1","21","Rural","Angle","Dark - Not Lighted","Rain","1","0"
"39","390243","2015","4","1","21","Rural","Angle","Dark - Not Lighted","Rain","2","0"
"48","480569","2015","3","6","5","Rural","Angle","Dark - Not Lighted","Rain","1","0"
"1","10688","2015","12","5","5","Rural","Angle","Dark - Not Lighted","Rain","1","0"
"1","10460","2015","8","3","10","Rural","Angle","Daylight","Rain","1","0"
"5","50081","2015","3","2","20","Rural","Angle","Dark - Not Lighted","Rain","1","1"
"10","100097","2015","12","5","12","Rural","Angle","Daylight","Rain","1","0"
"17","170861","2015","12","6","17","Rural","Angle","Dusk","Rain","1","0"
"31","310207","2015","12","1","14","Rural","Angle","Daylight","Rain","2","0"
"51","510489","2015","9","2","18","Rural","Angle","Daylight","Rain","1","0"
"27","270171","2015","6","7","21","Rural","Angle","Dusk","Rain","2","0"
"28","280144","2015","4","4","14","Rural","Angle","Daylight","Rain","1","0"
"28","280586","2015","8","1","18","Rural","Angle","Daylight","Rain","1","0"
"42","420882","2015","10","7","5","Rural","Angle","Dark - Not Lighted","Rain","3","0"
"45","450218","2015","4","5","15","Rural","Angle","Daylight","Rain","1","1"
"45","450549","2015","8","1","12","Rural","Angle","Daylight","Rain","1","0"
"45","450028","2015","1","3","18","Rural","Angle","Dark - Not Lighted","Rain","1","0"
"45","450249","2015","4","4","13","Rural","Angle","Daylight","Rain","1","0"
"51","510607","2015","11","5","18","Rural","Angle","Dark - Lighted","Rain","1","0"
"53","530191","2015","6","2","10","Rural","Angle","Daylight","Rain","1","0"
"48","481067","2015","2","7","6","Rural","Not Collision with Motor Vehicle in Transport (Not Necessarily in Transport for 2005-2009)","Dark - Not Lighted","Rain","1","0"
"20","200013","2015","1","3","11","Rural","Not Collision with Motor Vehicle in Transport (Not Necessarily in Transport for 2005-2009)","Daylight","Rain","1","0"
"29","290323","2015","6","6","7","Rural","Front-to-Rear","Daylight","Rain","1","0"
"47","470034","2015","1","2","6","Rural","Front-to-Rear","Dark - Not Lighted","Rain","1","0"
"39","390153","2015","3","6","7","Rural","Front-to-Front","Dawn","Rain","4","0"
"48","481134","2015","5","4","3","Rural","Front-to-Front","Dark - Not Lighted","Rain","2","1"
"48","483223","2015","11","3","1","Rural","Front-to-Front","Dark - Not Lighted","Rain","1","1"
"48","480551","2015","3","4","5","Rural","Front-to-Front","Dark - Not Lighted","Rain","1","0"
"48","480423","2015","3","1","7","Rural","Front-to-Front","Daylight","Rain","2","1"
"1","10601","2015","11","5","5","Rural","Front-to-Front","Daylight","Rain","1","1"
"17","170778","2015","11","2","12","Rural","Front-to-Front","Daylight","Rain","1","0"
"47","470660","2015","10","6","14","Rural","Front-to-Front","Daylight","Rain","1","0"
"37","370946","2015","10","6","19","Rural","Front-to-Front","Dark - Not Lighted","Rain","1","1"
"39","390822","2015","9","3","19","Rural","Front-to-Front","Dark - Not Lighted","Rain","1","0"
"39","390881","2015","11","3","7","Rural","Front-to-Front","Daylight","Rain","1","0"
"39","390436","2015","7","4","18","Rural","Front-to-Front","Daylight","Rain","1","0"
"48","480098","2015","1","4","13","Rural","Front-to-Front","Daylight","Rain","3","0"
"48","482305","2015","10","1","15","Rural","Front-to-Front","Daylight","Rain","1","0"
"48","481004","2015","5","1","19","Rural","Front-to-Front","Daylight","Rain","2","1"
"1","10731","2015","10","1","3","Rural","Front-to-Front","Dark - Not Lighted","Rain","1","1"
"1","10560","2015","10","7","9","Rural","Front-to-Front","Daylight","Rain","1","0"
"4","40030","2015","1","6","7","Rural","Front-to-Front","Dawn","Rain","3","0"
"5","50097","2015","3","1","10","Rural","Front-to-Front","Daylight","Rain","1","0"
"5","50063","2015","2","6","23","Rural","Front-to-Front","Dark - Not Lighted","Rain","1","0"
"21","210472","2015","9","3","7","Rural","Front-to-Front","Daylight","Rain","1","0"
"26","260850","2015","12","2","16","Rural","Front-to-Front","Dusk","Rain","2","0"
"31","310170","2015","10","5","8","Rural","Front-to-Front","Daylight","Rain","1","0"
"36","360859","2015","11","7","2","Rural","Front-to-Front","Dark - Not Lighted","Rain","1","1"
"22","220013","2015","1","5","14","Rural","Front-to-Front","Daylight","Rain","1","0"
"27","270307","2015","10","6","16","Rural","Front-to-Front","Dusk","Rain","1","1"
"47","470643","2015","9","3","7","Rural","Front-to-Front","Daylight","Rain","1","0"
"47","470525","2015","8","3","6","Rural","Front-to-Front","Daylight","Rain","1","0"
"28","280492","2015","11","1","19","Rural","Front-to-Front","Dark - Not Lighted","Rain","1","0"
"28","280604","2015","12","2","16","Rural","Front-to-Front","Daylight","Rain","1","0"
"28","280094","2015","3","6","7","Rural","Front-to-Front","Daylight","Rain","1","0"
"42","420139","2015","3","7","3","Rural","Front-to-Front","Dark - Not Lighted","Rain","1","1"
"45","450755","2015","11","2","16","Rural","Front-to-Front","Daylight","Rain","1","0"
"45","450214","2015","4","3","8","Rural","Front-to-Front","Daylight","Rain","1","0"
"45","450211","2015","4","2","21","Rural","Front-to-Front","Dark - Unknown Lighting","Rain","1","0"
"45","450628","2015","10","6","6","Rural","Front-to-Front","Dark - Unknown Lighting","Rain","2","0"
"1","10193","2015","4","6","11","Rural","Front-to-Front","Daylight","Rain","1","0"
"51","510668","2015","12","5","12","Rural","Front-to-Front","Daylight","Rain","1","0"
"1","10698","2015","12","6","18","Rural","Front-to-Front","Dark - Not Lighted","Rain","1","0"
"48","482454","2015","10","7","9","Rural","Angle","Daylight","Rain","2","0"
"1","10107","2015","3","6","0","Rural","Angle","Dark - Not Lighted","Rain","1","1"
"13","130905","2015","9","4","17","Rural","Angle","Daylight","Rain","1","0"
"21","210261","2015","6","3","16","Rural","Angle","Daylight","Rain","1","0"
"21","210547","2015","10","3","13","Rural","Angle","Daylight","Rain","1","0"
"37","371087","2015","11","2","18","Rural","Angle","Dark - Not Lighted","Rain","1","0"
"48","482492","2015","10","7","13","Rural","Angle","Daylight","Rain","1","0"
"48","480561","2015","3","5","17","Rural","Angle","Daylight","Rain","1","0"
"48","482805","2015","11","5","9","Rural","Angle","Daylight","Rain","2","0"
"48","480472","2015","3","4","21","Rural","Angle","Dark - Not Lighted","Rain","1","0"
"1","10333","2015","6","7","17","Rural","Angle","Daylight","Rain","1","0"
"12","121396","2015","7","5","13","Rural","Angle","Daylight","Rain","3","1"
"56","560066","2015","7","3","14","Rural","Angle","Daylight","Rain","1","0"
"22","220182","2015","4","6","17","Rural","Angle","Daylight","Rain","1","0"
"47","470519","2015","8","3","8","Rural","Angle","Daylight","Rain","1","0"
"53","530416","2015","10","7","23","Rural","Angle","Dark - Not Lighted","Rain","1","0"
"28","280158","2015","4","6","20","Rural","Angle","Dark - Not Lighted","Rain","1","0"
"42","420427","2015","4","6","4","Rural","Angle","Dark - Not Lighted","Rain","1","0"
"42","420801","2015","8","4","13","Rural","Angle","Daylight","Rain","2","0"
"45","450504","2015","8","3","4","Rural","Angle","Dark - Unknown Lighting","Rain","1","0"
"41","410028","2015","2","2","8","Rural","Angle","Daylight","Rain","1","0"
"48","480240","2015","2","3","15","Rural","Angle","Daylight","Rain","2","0"
"48","480626","2015","3","7","6","Rural","Angle","Dark - Not Lighted","Rain","2","0"
"5","50466","2015","12","1","12","Rural","Sideswipe - Opposite Direction","Daylight","Rain","1","1"
"42","420641","2015","12","4","22","Rural","Sideswipe - Opposite Direction","Dark - Not Lighted","Rain","2","1"
"17","170377","2015","6","7","21","Rural","Angle","Dark - Not Lighted","Rain","1","1"
"48","482650","2015","11","6","23","Rural","Front-to-Rear","Dark - Not Lighted","Rain","1","0"
"48","481096","2015","5","4","21","Rural","Front-to-Rear","Dark - Not Lighted","Rain","1","0"
"8","80433","2015","10","6","10","Rural","Angle","Daylight","Rain","1","0"
"18","180186","2015","4","7","16","Rural","Angle","Daylight","Rain","1","0"
"26","260759","2015","11","3","8","Rural","Angle","Daylight","Rain","1","0"
"35","350169","2015","9","7","18","Rural","Front-to-Rear","Dark - Lighted","Rain","1","0"
"48","480468","2015","3","2","6","Rural","Angle","Dark - Not Lighted","Rain","1","0"
"1","10177","2015","4","5","20","Rural","Angle","Dark - Lighted","Rain","1","0"
"28","280471","2015","10","1","3","Rural","Angle","Dark - Not Lighted","Rain","3","0"
"45","450729","2015","8","1","12","Rural","Angle","Daylight","Rain","1","0"
"26","260727","2015","10","7","16","Rural","Angle","Daylight","Rain","1","0"
"53","530124","2015","5","3","14","Rural","Angle","Daylight","Rain","1","0"
"48","480978","2015","5","4","13","Urban","Not Collision with Motor Vehicle in Transport (Not Necessarily in Transport for 2005-2009)","Daylight","Rain","1","0"
"13","131063","2015","10","3","15","Urban","Front-to-Front","Daylight","Rain","1","0"
"42","420707","2015","12","4","9","Urban","Front-to-Front","Daylight","Rain","1","0"
"13","130590","2015","6","5","20","Urban","Front-to-Front","Dusk","Rain","1","0"
"1","10778","2015","12","4","10","Urban","Angle","Daylight","Rain","1","0"
"21","210479","2015","9","6","16","Urban","Angle","Daylight","Rain","1","0"
"28","280143","2015","4","3","19","Urban","Angle","Dark - Lighted","Rain","1","0"
"42","420612","2015","12","1","2","Urban","Angle","Dark - Lighted","Rain","1","1"
"4","40491","2015","5","2","18","Urban","Angle","Daylight","Rain","1","1"
"12","121055","2015","6","4","16","Urban","Angle","Daylight","Rain","2","0"
"18","180130","2015","3","5","6","Urban","Angle","Dark - Not Lighted","Rain","1","0"
"42","420141","2015","3","7","11","Urban","Angle","Daylight","Rain","1","0"
"45","450005","2015","1","7","16","Urban","Angle","Daylight","Rain","1","0"
"45","450887","2015","12","4","14","Urban","Angle","Daylight","Rain","1","0"
"39","390964","2015","11","6","12","Urban","Angle","Daylight","Rain","1","1"
"34","340004","2015","1","7","18","Urban","Angle","Dark - Lighted","Rain","1","0"
"34","340170","2015","3","4","15","Urban","Angle","Daylight","Rain","1","0"
"32","320135","2015","4","1","3","Urban","Angle","Dark - Lighted","Rain","1","0"
"48","480563","2015","3","6","22","Urban","Angle","Dark - Lighted","Rain","1","1"
"48","480844","2015","4","4","14","Urban","Angle","Daylight","Rain","1","1"
"41","410197","2015","8","7","22","Urban","Angle","Dark - Not Lighted","Rain","1","0"
"4","40205","2015","3","5","1","Urban","Angle","Dark - Lighted","Rain","1","2"
"13","130833","2015","8","1","17","Urban","Angle","Daylight","Rain","1","0"
"8","80437","2015","10","5","2","Urban","Angle","Dark - Lighted","Rain","1","2"
"17","170332","2015","4","6","18","Urban","Angle","Daylight","Rain","1","0"
"17","170446","2015","6","2","13","Urban","Angle","Daylight","Rain","1","0"
"29","290421","2015","6","4","1","Urban","Angle","Dark - Lighted","Rain","1","1"
"36","360890","2015","12","3","18","Urban","Angle","Dark - Lighted","Rain","1","0"
"53","530428","2015","10","6","11","Urban","Angle","Daylight","Rain","1","0"
"9","90181","2015","12","6","1","Urban","Angle","Dark - Lighted","Rain","1","1"
"48","480927","2015","5","3","19","Urban","Angle","Dark - Not Lighted","Rain","1","0"
"39","390746","2015","9","7","1","Urban","Other (End-Swipes and Others)","Dark - Lighted","Rain","1","1"
"39","390481","2015","6","6","22","Urban","Not Collision with Motor Vehicle in Transport (Not Necessarily in Transport for 2005-2009)","Dark - Lighted","Rain","1","1"
"49","490006","2015","1","3","6","Urban","Not Collision with Motor Vehicle in Transport (Not Necessarily in Transport for 2005-2009)","Dark - Not Lighted","Rain","1","0"
"53","530004","2015","1","2","9","Urban","Not Collision with Motor Vehicle in Transport (Not Necessarily in Transport for 2005-2009)","Daylight","Rain","1","0"
"42","420331","2015","3","3","15","Urban","Not Collision with Motor Vehicle in Transport (Not Necessarily in Transport for 2005-2009)","Daylight","Rain","1","0"
"41","410330","2015","11","1","2","Urban","Front-to-Rear","Dark - Lighted","Rain","1","1"
"55","550182","2015","5","1","14","Urban","Front-to-Rear","Daylight","Rain","3","0"
"1","10409","2015","7","5","19","Urban","Front-to-Rear","Dark - Not Lighted","Rain","1","0"
"45","450771","2015","11","1","10","Urban","Front-to-Front","Daylight","Rain","1","0"
"13","130975","2015","10","7","18","Urban","Front-to-Front","Daylight","Rain","1","1"
"47","470499","2015","8","2","18","Urban","Front-to-Front","Daylight","Rain","1","1"
"47","470658","2015","10","5","6","Urban","Front-to-Front","Dark - Not Lighted","Rain","1","0"
"47","470004","2015","1","6","16","Urban","Front-to-Front","Daylight","Rain","1","0"
"48","481089","2015","5","3","18","Urban","Front-to-Front","Daylight","Rain","1","0"
"13","130079","2015","1","1","22","Urban","Front-to-Front","Dark - Not Lighted","Rain","1","0"
"8","80309","2015","8","3","18","Urban","Front-to-Front","Daylight","Rain","1","1"
"26","260823","2015","12","6","21","Urban","Front-to-Front","Dark - Not Lighted","Rain","1","1"
"27","270052","2015","3","4","21","Urban","Front-to-Front","Dark - Lighted","Rain","1","2"
"34","340499","2015","8","3","12","Urban","Front-to-Front","Daylight","Rain","1","0"
"34","340490","2015","12","2","19","Urban","Front-to-Front","Dark - Lighted","Rain","1","0"
"39","390427","2015","7","3","14","Urban","Front-to-Front","Daylight","Rain","1","0"
"13","130170","2015","2","1","4","Urban","Front-to-Front","Dark - Not Lighted","Rain","2","2"
"13","130936","2015","9","5","15","Urban","Front-to-Front","Daylight","Rain","1","0"
"10","100091","2015","10","6","15","Urban","Front-to-Front","Daylight","Rain","1","0"
"39","390963","2015","11","6","21","Urban","Angle","Dark - Not Lighted","Rain","2","0"
"1","10207","2015","4","5","20","Urban","Angle","Dark - Lighted","Rain","1","0"
"1","10051","2015","2","1","14","Urban","Angle","Daylight","Rain","1","0"
"24","240406","2015","11","2","16","Urban","Angle","Dusk","Rain","1","0"
"40","400555","2015","11","2","14","Urban","Angle","Daylight","Rain","1","0"
"42","420482","2015","7","5","13","Urban","Angle","Daylight","Rain","1","0"
"45","450630","2015","10","6","13","Urban","Angle","Daylight","Rain","1","0"
"48","482613","2015","11","1","5","Urban","Angle","Dark - Lighted","Rain","1","1"
"13","130942","2015","9","7","15","Urban","Angle","Daylight","Rain","1","0"
"24","240384","2015","11","3","14","Urban","Angle","Daylight","Rain","1","0"
"26","260856","2015","12","3","1","Urban","Angle","Dark - Lighted","Rain","1","0"
"53","530424","2015","10","2","14","Urban","Angle","Daylight","Rain","1","0"
"37","371231","2015","12","4","15","Urban","Angle","Daylight","Rain","1","1"
"47","470216","2015","4","1","23","Urban","Rear-to-Side","Dark - Lighted","Rain","1","0"
"17","170417","2015","7","5","23","Urban","Angle","Dark - Lighted","Rain","2","0"
"13","130201","2015","3","3","5","Urban","Angle","Dark - Lighted","Rain","1","0"
"25","250190","2015","12","4","9","Urban","Angle","Daylight","Rain","1","0"
"39","390221","2015","3","2","0","Urban","Sideswipe - Same Direction","Dark - Lighted","Rain","1","0"
"25","250232","2015","10","6","11","Urban","Angle","Daylight","Rain","1","0"
"45","450152","2015","3","5","6","Urban","Angle","Dawn","Rain","1","0"
"22","220190","2015","4","2","22","Urban","Not Collision with Motor Vehicle in Transport (Not Necessarily in Transport for 2005-2009)","Dark - Not Lighted","Rain","1","1"
"42","421069","2015","10","1","2","Urban","Not Collision with Motor Vehicle in Transport (Not Necessarily in Transport for 2005-2009)","Dark - Lighted","Rain","1","0"
"13","130873","2015","9","5","18","Urban","Not Collision with Motor Vehicle in Transport (Not Necessarily in Transport for 2005-2009)","Dark - Not Lighted","Rain","1","0"
"39","390256","2015","1","7","22","Urban","Not Collision with Motor Vehicle in Transport (Not Necessarily in Transport for 2005-2009)","Dark - Lighted","Rain","1","0"
"26","260464","2015","6","6","21","Urban","Not Collision with Motor Vehicle in Transport (Not Necessarily in Transport for 2005-2009)","Dark - Lighted","Rain","1","0"
"26","260903","2015","11","5","17","Urban","Not Collision with Motor Vehicle in Transport (Not Necessarily in Transport for 2005-2009)","Dark - Lighted","Rain","1","0"
"41","410295","2015","10","1","16","Rural","Front-to-Front","Daylight","Rain","1","0"
"18","180256","2015","5","1","11","Rural","Front-to-Front","Daylight","Rain","1","0"
"18","180709","2015","11","6","14","Rural","Front-to-Front","Daylight","Rain","1","0"
"53","530455","2015","11","6","13","Rural","Front-to-Front","Daylight","Rain","1","0"
"39","390904","2015","9","3","11","Rural","Angle","Daylight","Rain","1","0"
"23","230018","2015","4","2","12","Rural","Angle","Daylight","Rain","1","0"
"48","483183","2015","10","5","11","Rural","Angle","Daylight","Rain","1","0"
"48","482514","2015","10","7","19","Rural","Angle","Dark - Not Lighted","Rain","1","0"
"21","210653","2015","12","5","3","Rural","Angle","Dark - Not Lighted","Rain","1","0"
"40","400565","2015","11","2","10","Rural","Angle","Daylight","Rain","2","0"
"47","470236","2015","4","7","23","Rural","Angle","Dark - Not Lighted","Rain","1","1"
"39","390979","2015","12","2","19","Rural","Angle","Dark - Not Lighted","Rain","2","0"
"18","180446","2015","8","2","15","Rural","Angle","Daylight","Rain","1","0"
"17","170381","2015","6","6","23","Rural","Angle","Dark - Lighted","Rain","1","0"
"26","260518","2015","8","4","5","Rural","Angle","Dark - Lighted","Rain","1","0"
"27","270114","2015","5","1","10","Rural","Angle","Daylight","Rain","1","0"
"55","550470","2015","10","4","16","Rural","Angle","Daylight","Rain","1","0"
"55","550499","2015","11","5","10","Rural","Angle","Daylight","Rain","1","0"
"1","10020","2015","1","5","17","Rural","Angle","Dark - Not Lighted","Rain","1","0"
"48","480475","2015","3","4","17","Rural","Angle","Daylight","Rain","1","0"
"37","370501","2015","6","4","12","Rural","Angle","Daylight","Rain","1","0"
"48","480165","2015","1","5","6","Rural","Not Collision with Motor Vehicle in Transport (Not Necessarily in Transport for 2005-2009)","Dark - Not Lighted","Rain","1","0"
"48","480892","2015","4","3","6","Rural","Not Collision with Motor Vehicle in Transport (Not Necessarily in Transport for 2005-2009)","Dawn","Rain","1","0"
"48","481136","2015","5","5","11","Rural","Front-to-Rear","Daylight","Rain","1","0"
"48","481191","2015","5","7","23","Rural","Front-to-Rear","Dark - Not Lighted","Rain","1","0"
"13","130967","2015","10","5","17","Rural","Front-to-Rear","Daylight","Rain","1","0"
"22","220562","2015","11","1","17","Rural","Front-to-Rear","Dusk","Rain","1","2"
"48","482836","2015","11","2","15","Rural","Front-to-Front","Daylight","Rain","1","0"
"5","50083","2015","3","5","18","Rural","Front-to-Front","Dusk","Rain","1","0"
"5","50177","2015","5","6","17","Rural","Front-to-Front","Daylight","Rain","2","1"
"17","170522","2015","8","2","15","Rural","Front-to-Front","Daylight","Rain","1","0"
"21","210303","2015","7","4","17","Rural","Front-to-Front","Daylight","Rain","1","0"
"51","510156","2015","4","4","15","Rural","Front-to-Front","Daylight","Rain","1","0"
"51","510516","2015","9","3","6","Rural","Front-to-Front","Daylight","Rain","1","0"
"39","390557","2015","8","5","6","Rural","Front-to-Front","Dark - Not Lighted","Rain","1","0"
"39","390388","2015","6","6","14","Rural","Front-to-Front","Daylight","Rain","1","0"
"39","390561","2015","8","2","16","Rural","Front-to-Front","Daylight","Rain","1","0"
"49","490012","2015","2","1","1","Rural","Front-to-Front","Dark - Not Lighted","Rain","1","0"
"48","482614","2015","11","1","18","Rural","Front-to-Front","Dark - Not Lighted","Rain","1","0"
"48","480175","2015","1","3","7","Rural","Front-to-Front","Daylight","Rain","1","0"
"48","480216","2015","1","7","16","Rural","Front-to-Front","Daylight","Rain","1","0"
"1","10602","2015","11","4","7","Rural","Front-to-Front","Daylight","Rain","1","0"
"18","180515","2015","9","4","6","Rural","Front-to-Front","Dark - Not Lighted","Rain","1","0"
"5","50084","2015","3","6","5","Rural","Front-to-Front","Dark - Not Lighted","Rain","1","1"
"5","50075","2015","3","4","9","Rural","Front-to-Front","Daylight","Rain","1","0"
"5","50064","2015","2","7","7","Rural","Front-to-Front","Daylight","Rain","1","0"
"17","170063","2015","1","2","18","Rural","Front-to-Front","Dark - Not Lighted","Rain","1","1"
"21","210085","2015","2","7","10","Rural","Front-to-Front","Daylight","Rain","1","0"
"21","210135","2015","3","5","19","Rural","Front-to-Front","Dark - Not Lighted","Rain","2","1"
"24","240461","2015","10","7","11","Rural","Front-to-Front","Daylight","Rain","2","0"
"29","290716","2015","11","6","7","Rural","Front-to-Front","Daylight","Rain","1","0"
"29","290033","2015","1","1","1","Rural","Front-to-Front","Dark - Not Lighted","Rain","1","1"
"31","310063","2015","4","5","9","Rural","Front-to-Front","Daylight","Rain","1","0"
"40","400143","2015","4","3","7","Rural","Front-to-Front","Dawn","Rain","1","1"
"22","220033","2015","1","5","12","Rural","Front-to-Front","Daylight","Rain","1","0"
"42","420147","2015","3","4","12","Rural","Front-to-Front","Daylight","Rain","1","0"
"42","420080","2015","2","7","17","Rural","Front-to-Front","Daylight","Rain","1","0"
"42","420706","2015","8","3","7","Rural","Front-to-Front","Daylight","Rain","1","0"
"39","390433","2015","6","3","8","Rural","Front-to-Front","Daylight","Rain","1","0"
"41","410311","2015","11","4","10","Rural","Front-to-Front","Daylight","Rain","1","0"
"13","130177","2015","2","4","16","Rural","Front-to-Front","Daylight","Rain","2","1"
"13","131306","2015","12","5","16","Rural","Front-to-Front","Dark - Not Lighted","Rain","1","0"
"51","510383","2015","8","6","11","Rural","Front-to-Front","Daylight","Rain","1","0"
"51","510303","2015","7","7","19","Rural","Front-to-Front","Dusk","Rain","1","1"
"55","550427","2015","11","5","9","Rural","Front-to-Front","Daylight","Rain","1","0"
"53","530103","2015","4","2","19","Rural","Front-to-Front","Dark - Not Lighted","Rain","1","0"
"37","371142","2015","11","2","11","Rural","Front-to-Front","Daylight","Rain","2","0"
"2","20050","2015","10","4","14","Rural","Front-to-Front","Daylight","Rain","1","0"
"48","480440","2015","3","4","18","Rural","Front-to-Front","Dark - Not Lighted","Rain","2","1"
"1","10165","2015","4","2","14","Rural","Angle","Daylight","Rain","2","0"
"21","210064","2015","2","1","13","Rural","Angle","Daylight","Rain","1","0"
"40","400207","2015","3","6","12","Rural","Angle","Daylight","Rain","1","0"
"39","390144","2015","3","7","2","Rural","Angle","Dark - Lighted","Rain","1","1"
"39","390803","2015","10","6","15","Rural","Angle","Daylight","Rain","2","0"
"39","390486","2015","7","3","13","Rural","Angle","Daylight","Rain","1","0"
"39","391004","2015","12","1","17","Rural","Angle","Daylight","Rain","2","0"
"13","130972","2015","10","6","11","Rural","Angle","Daylight","Rain","1","0"
"18","180525","2015","9","6","14","Rural","Angle","Daylight","Rain","1","0"
"18","180759","2015","12","4","14","Rural","Angle","Daylight","Rain","1","0"
"5","50347","2015","9","1","14","Rural","Angle","Daylight","Rain","1","0"
"21","210539","2015","10","7","17","Rural","Angle","Daylight","Rain","1","0"
"22","220230","2015","5","2","7","Rural","Angle","Daylight","Rain","1","0"
"47","470645","2015","9","6","11","Rural","Angle","Daylight","Rain","1","0"
"53","530501","2015","12","6","11","Rural","Angle","Daylight","Rain","1","0"
"42","420886","2015","8","5","10","Rural","Angle","Daylight","Rain","2","0"
"42","420809","2015","8","5","20","Rural","Angle","Dark - Not Lighted","Rain","2","1"
"42","420621","2015","9","3","17","Rural","Angle","Daylight","Rain","1","0"
"37","370047","2015","1","6","19","Rural","Angle","Dark - Not Lighted","Rain","1","0"
"19","190278","2015","11","5","14","Rural","Angle","Daylight","Rain","1","0"
"1","10158","2015","4","2","17","Rural","Angle","Dusk","Rain","1","0"
"13","130650","2015","7","7","16","Rural","Angle","Daylight","Rain","1","0"
"40","400170","2015","5","4","8","Rural","Angle","Daylight","Rain","1","0"
"51","510621","2015","12","3","15","Rural","Angle","Daylight","Rain","1","0"
"48","483118","2015","12","2","5","Rural","Angle","Dark - Not Lighted","Rain","1","0"
"48","480462","2015","3","2","14","Rural","Angle","Daylight","Rain","1","0"
"48","481373","2015","6","3","14","Rural","Angle","Daylight","Rain","1","0"
"29","290261","2015","5","6","17","Rural","Angle","Daylight","Rain","1","0"
"21","210450","2015","9","7","11","Rural","Sideswipe - Same Direction","Daylight","Rain","1","1"
"5","50467","2015","12","1","15","Rural","Sideswipe - Opposite Direction","Daylight","Rain","1","0"
"5","50067","2015","2","1","19","Rural","Sideswipe - Opposite Direction","Dark - Not Lighted","Rain","1","1"
"22","220032","2015","1","5","6","Rural","Sideswipe - Opposite Direction","Dawn","Rain","1","0"
"55","550415","2015","9","6","21","Rural","Sideswipe - Opposite Direction","Dark - Not Lighted","Rain","2","1"
"48","480467","2015","3","2","11","Rural","Sideswipe - Opposite Direction","Daylight","Rain","1","0"
"21","210287","2015","6","6","17","Rural","Angle","Daylight","Rain","1","0"
"21","210657","2015","12","4","17","Urban","Front-to-Front","Dark - Not Lighted","Rain","1","0"
"40","400035","2015","1","7","11","Urban","Front-to-Front","Daylight","Rain","1","1"