"state_number","consecutive_number","year_of_crash","month_of_crash","day_of_week","hour_of_crash","land_use_name","manner_of_collision_name","light_condition_name","atmospheric_conditions_name","number_of_fatalities","number_of_drunk_drivers"
"12","122409","2015","10","7","17","Rural","Sideswipe - Opposite Direction","Daylight","Clear","1","0"
"41","410381","2015","6","3","9","Rural","Non documente","Daylight","Clear","1","0"
"42","420485","2015","7","3","15","Rural","Not Collision with Motor Vehicle in Transport (Not Necessarily in Transport for 2005-2009)","Daylight","Clear","1","0"
"29","290182","2015","4","3","15","Rural","Not Collision with Motor Vehicle in Transport (Not Necessarily in Transport for 2005-2009)","Daylight","Clear","1","0"
"53","530081","2015","3","5","17","Rural","Not Collision with Motor Vehicle in Transport (Not Necessarily in Transport for 2005-2009)","Dark - Lighted","Clear","1","0"
"53","530426","2015","10","4","2","Rural","Not Collision with Motor Vehicle in Transport (Not Necessarily in Transport for 2005-2009)","Dark - Not Lighted","Clear","1","2"
"28","280148","2015","4","5","15","Rural","Not Collision with Motor Vehicle in Transport (Not Necessarily in Transport for 2005-2009)","Daylight","Clear","1","0"
"37","371255","2015","12","7","11","Rural","Not Collision with Motor Vehicle in Transport (Not Necessarily in Transport for 2005-2009)","Daylight","Clear","1","0"
"12","120149","2015","1","5","8","Rural","Not Collision with Motor Vehicle in Transport (Not Necessarily in Transport for 2005-2009)","Daylight","Clear","1","0"
"12","120954","2015","6","2","2","Rural","Not Collision with Motor Vehicle in Transport (Not Necessarily in Transport for 2005-2009)","Dark - Lighted","Clear","1","1"
"55","550414","2015","9","3","6","Rural","Front-to-Rear","Daylight","Clear","1","0"
"45","450770","2015","11","1","5","Rural","Front-to-Rear","Dark - Not Lighted","Clear","2","1"
"12","122201","2015","11","1","3","Rural","Front-to-Rear","Dark - Not Lighted","Clear","1","0"
"13","130262","2015","3","4","17","Rural","Front-to-Rear","Daylight","Clear","1","0"
"5","50283","2015","8","4","10","Rural","Front-to-Rear","Daylight","Clear","1","0"
"5","50384","2015","10","2","19","Rural","Front-to-Rear","Dark - Not Lighted","Clear","1","0"
"21","210563","2015","9","5","10","Rural","Front-to-Rear","Daylight","Clear","1","0"
"34","340327","2015","9","3","1","Rural","Front-to-Rear","Dark - Not Lighted","Clear","1","0"
"28","280412","2015","9","6","13","Rural","Front-to-Rear","Daylight","Clear","1","0"
"35","350270","2015","11","7","19","Rural","Front-to-Rear","Dark - Not Lighted","Clear","1","1"
"42","420384","2015","6","4","7","Rural","Front-to-Rear","Dawn","Clear","1","0"
"20","200207","2015","9","6","19","Rural","Front-to-Rear","Dusk","Clear","1","0"
"12","122704","2015","12","3","20","Rural","Front-to-Rear","Dark - Not Lighted","Clear","1","1"
"12","120679","2015","4","4","15","Rural","Front-to-Rear","Daylight","Clear","1","0"
"12","121113","2015","6","2","0","Rural","Front-to-Rear","Dark - Lighted","Clear","2","1"
"13","130731","2015","7","5","21","Rural","Front-to-Rear","Dark - Not Lighted","Clear","1","0"
"12","120075","2015","1","7","0","Rural","Front-to-Rear","Dark - Not Lighted","Clear","1","1"
"12","120590","2015","4","7","20","Rural","Front-to-Rear","Dark - Lighted","Clear","1","1"
"21","210174","2015","4","1","17","Rural","Front-to-Front","Daylight","Clear","1","1"
"42","420021","2015","1","1","1","Rural","Front-to-Front","Dark - Not Lighted","Clear","1","1"
"42","420798","2015","8","7","12","Rural","Front-to-Front","Daylight","Clear","1","0"
"42","420140","2015","3","7","22","Rural","Front-to-Front","Dark - Not Lighted","Clear","1","1"
"45","450515","2015","8","6","17","Rural","Front-to-Front","Daylight","Clear","1","0"
"45","450868","2015","12","2","14","Rural","Front-to-Front","Daylight","Clear","1","0"
"39","390319","2015","5","7","10","Rural","Front-to-Front","Daylight","Clear","1","0"
"39","390889","2015","11","6","23","Rural","Front-to-Front","Dark - Not Lighted","Clear","1","2"
"48","482748","2015","11","2","15","Rural","Front-to-Front","Daylight","Clear","1","0"
"48","482388","2015","10","2","7","Rural","Front-to-Front","Daylight","Clear","1","0"
"12","121586","2015","8","2","20","Rural","Front-to-Front","Dark - Not Lighted","Clear","1","0"
"12","122217","2015","11","1","18","Rural","Front-to-Front","Dark - Not Lighted","Clear","1","0"
"12","120964","2015","5","4","4","Rural","Front-to-Front","Dark - Not Lighted","Clear","1","1"
"12","121392","2015","5","7","4","Rural","Front-to-Front","Dark - Not Lighted","Clear","1","1"
"12","121272","2015","7","4","11","Rural","Front-to-Front","Daylight","Clear","1","0"
"12","121597","2015","8","6","11","Rural","Front-to-Front","Daylight","Clear","1","0"
"12","122313","2015","11","5","0","Rural","Front-to-Front","Dark - Lighted","Clear","2","0"
"12","121836","2015","9","1","12","Rural","Front-to-Front","Daylight","Clear","1","0"
"13","130399","2015","4","7","20","Rural","Front-to-Front","Dark - Not Lighted","Clear","1","0"
"13","130595","2015","6","7","15","Rural","Front-to-Front","Daylight","Clear","1","0"
"13","131148","2015","11","7","21","Rural","Front-to-Front","Dark - Not Lighted","Clear","1","1"
"13","130714","2015","7","7","21","Rural","Front-to-Front","Daylight","Clear","1","1"
"18","180217","2015","3","3","19","Rural","Front-to-Front","Dark - Not Lighted","Clear","1","1"
"18","180343","2015","6","6","13","Rural","Front-to-Front","Daylight","Clear","1","0"
"5","50368","2015","10","5","10","Rural","Front-to-Front","Daylight","Clear","1","0"
"5","50124","2015","4","6","7","Rural","Front-to-Front","Daylight","Clear","1","0"
"5","50459","2015","12","7","17","Rural","Front-to-Front","Dark - Not Lighted","Clear","1","0"
"21","210188","2015","5","6","17","Rural","Front-to-Front","Daylight","Clear","1","0"
"29","290645","2015","10","6","14","Rural","Front-to-Front","Daylight","Clear","1","0"
"29","290383","2015","7","6","16","Rural","Front-to-Front","Daylight","Clear","1","0"
"31","310097","2015","6","1","1","Rural","Front-to-Front","Dark - Not Lighted","Clear","1","2"
"36","360382","2015","6","5","9","Rural","Front-to-Front","Daylight","Clear","1","0"
"36","360359","2015","5","3","18","Rural","Front-to-Front","Daylight","Clear","1","0"
"40","400247","2015","6","4","22","Rural","Front-to-Front","Dark - Not Lighted","Clear","1","1"
"22","220413","2015","8","6","15","Rural","Front-to-Front","Daylight","Clear","1","1"
"47","470478","2015","7","6","12","Rural","Front-to-Front","Daylight","Clear","1","0"
"28","280177","2015","5","6","17","Rural","Front-to-Front","Daylight","Clear","2","1"
"28","280432","2015","10","1","21","Rural","Front-to-Front","Dark - Not Lighted","Clear","2","1"
"28","280241","2015","6","7","17","Rural","Front-to-Front","Daylight","Clear","1","1"
"28","280218","2015","5","4","6","Rural","Front-to-Front","Daylight","Clear","1","0"
"28","280244","2015","6","6","20","Rural","Front-to-Front","Dusk","Clear","1","1"
"28","280139","2015","4","7","16","Rural","Front-to-Front","Daylight","Clear","1","0"
"38","380076","2015","8","7","21","Rural","Front-to-Front","Daylight","Clear","1","0"
"42","420234","2015","4","4","20","Rural","Front-to-Front","Dark - Not Lighted","Clear","2","1"
"54","540113","2015","7","4","12","Rural","Front-to-Front","Daylight","Clear","1","0"
"37","370750","2015","8","7","10","Rural","Front-to-Front","Daylight","Clear","1","0"
"37","370334","2015","4","3","16","Rural","Front-to-Front","Daylight","Clear","1","0"
"37","370332","2015","4","3","22","Rural","Front-to-Front","Dark - Not Lighted","Clear","1","1"
"37","370239","2015","3","4","23","Rural","Front-to-Front","Dark - Not Lighted","Clear","1","1"
"37","370600","2015","7","6","13","Rural","Front-to-Front","Daylight","Clear","1","0"
"37","370589","2015","7","5","19","Rural","Front-to-Front","Daylight","Clear","1","0"
"37","370070","2015","1","6","5","Rural","Front-to-Front","Dark - Not Lighted","Clear","1","0"
"39","390499","2015","7","7","21","Rural","Front-to-Front","Dark - Not Lighted","Clear","1","1"
"39","390602","2015","5","5","18","Rural","Front-to-Front","Daylight","Clear","2","1"
"23","230105","2015","10","6","15","Rural","Front-to-Front","Daylight","Clear","1","1"
"50","500022","2015","7","7","11","Rural","Front-to-Front","Daylight","Clear","1","0"
"56","560020","2015","3","2","18","Rural","Front-to-Front","Daylight","Clear","1","1"
"21","210058","2015","1","7","5","Rural","Front-to-Front","Dark - Lighted","Clear","1","0"
"36","360277","2015","5","7","8","Rural","Front-to-Front","Daylight","Clear","1","0"
"36","360490","2015","7","6","22","Rural","Front-to-Front","Dark - Not Lighted","Clear","1","1"
"27","270241","2015","9","7","17","Rural","Front-to-Front","Daylight","Clear","1","1"
"27","270054","2015","3","7","3","Rural","Front-to-Front","Dark - Not Lighted","Clear","1","2"
"42","420479","2015","7","6","23","Rural","Front-to-Front","Dark - Not Lighted","Clear","1","1"
"42","420356","2015","5","2","22","Rural","Front-to-Front","Dark - Not Lighted","Clear","1","0"
"42","420625","2015","9","7","11","Rural","Front-to-Front","Daylight","Clear","2","0"
"42","421066","2015","10","3","16","Rural","Front-to-Front","Daylight","Clear","1","0"
"42","421103","2015","12","4","16","Rural","Front-to-Front","Daylight","Clear","1","1"
"42","420359","2015","5","2","17","Rural","Front-to-Front","Daylight","Clear","1","1"
"37","370983","2015","10","2","10","Rural","Front-to-Front","Daylight","Clear","2","0"
"37","371249","2015","12","1","20","Rural","Front-to-Front","Dark - Not Lighted","Clear","1","1"
"20","200230","2015","10","6","9","Rural","Front-to-Front","Daylight","Clear","1","0"
"4","40552","2015","8","7","18","Rural","Front-to-Front","Dusk","Clear","2","1"
"12","122345","2015","12","7","17","Rural","Front-to-Front","Daylight","Clear","1","0"
"12","122247","2015","11","1","17","Rural","Front-to-Front","Daylight","Clear","1","0"
"12","122408","2015","10","5","22","Rural","Front-to-Front","Dark - Lighted","Clear","1","0"
"12","120682","2015","4","6","11","Rural","Front-to-Front","Daylight","Clear","1","0"
"12","120899","2015","5","7","2","Rural","Front-to-Front","Dark - Lighted","Clear","1","0"
"12","122438","2015","11","7","23","Rural","Front-to-Front","Dark - Unknown Lighting","Clear","1","1"
"36","361059","2015","11","2","16","Rural","Front-to-Front","Dusk","Clear","2","0"
"47","470044","2015","1","5","18","Rural","Front-to-Front","Dark - Not Lighted","Clear","1","1"
"47","470074","2015","2","7","8","Rural","Front-to-Front","Daylight","Clear","1","0"
"42","420598","2015","8","2","18","Rural","Front-to-Front","Daylight","Clear","1","0"
"37","371068","2015","10","5","16","Rural","Front-to-Front","Daylight","Clear","1","0"
"42","420629","2015","8","7","21","Rural","Angle","Dark - Not Lighted","Clear","2","1"
"48","481189","2015","5","6","0","Rural","Angle","Dark - Not Lighted","Clear","1","1"
"1","10686","2015","12","7","10","Rural","Angle","Daylight","Clear","1","1"
"12","121317","2015","7","3","22","Rural","Angle","Dark - Lighted","Clear","1","1"
"12","121334","2015","7","3","10","Rural","Angle","Daylight","Clear","1","0"
"18","180220","2015","5","6","15","Rural","Angle","Daylight","Clear","1","0"
"5","50370","2015","10","5","23","Rural","Angle","Dark - Not Lighted","Clear","1","0"
"21","210338","2015","7","5","6","Rural","Angle","Daylight","Clear","1","0"
"31","310130","2015","8","7","8","Rural","Angle","Daylight","Clear","1","0"
"40","400215","2015","6","4","19","Rural","Angle","Daylight","Clear","1","0"
"54","540158","2015","8","6","4","Rural","Angle","Dark - Not Lighted","Clear","1","0"
"54","540159","2015","8","5","18","Rural","Angle","Daylight","Clear","2","1"
"37","370151","2015","2","7","17","Rural","Angle","Daylight","Clear","2","1"
"36","360604","2015","8","5","18","Rural","Angle","Daylight","Clear","1","0"
"9","90051","2015","2","4","12","Rural","Angle","Daylight","Clear","1","1"
"37","370989","2015","10","4","15","Rural","Angle","Daylight","Clear","1","1"
"56","560064","2015","7","3","20","Rural","Angle","Dusk","Clear","1","0"
"28","280124","2015","4","4","16","Rural","Angle","Daylight","Clear","1","0"
"12","122628","2015","12","5","11","Rural","Angle","Daylight","Clear","1","0"
"12","120074","2015","1","7","19","Rural","Angle","Dark - Lighted","Clear","1","0"
"35","350061","2015","3","2","16","Rural","Angle","Daylight","Clear","1","2"
"13","130410","2015","4","3","22","Rural","Sideswipe - Same Direction","Dark - Not Lighted","Clear","1","0"
"53","530146","2015","5","7","15","Rural","Sideswipe - Same Direction","Daylight","Clear","1","0"
"30","300115","2015","8","7","17","Rural","Sideswipe - Same Direction","Daylight","Clear","1","1"
"42","421040","2015","8","1","15","Rural","Sideswipe - Opposite Direction","Daylight","Clear","1","0"
"48","480743","2015","4","7","17","Rural","Sideswipe - Opposite Direction","Daylight","Clear","1","1"
"13","131012","2015","10","3","15","Rural","Sideswipe - Opposite Direction","Daylight","Clear","1","0"
"13","130691","2015","7","6","17","Rural","Sideswipe - Opposite Direction","Daylight","Clear","1","0"
"26","260585","2015","9","3","18","Rural","Sideswipe - Opposite Direction","Dusk","Clear","1","1"
"26","260343","2015","6","1","18","Rural","Sideswipe - Opposite Direction","Daylight","Clear","1","0"
"39","390717","2015","9","4","17","Rural","Sideswipe - Opposite Direction","Daylight","Clear","1","0"
"42","420428","2015","6","2","13","Rural","Sideswipe - Opposite Direction","Daylight","Clear","1","0"
"13","130619","2015","6","5","14","Rural","Sideswipe - Opposite Direction","Daylight","Clear","1","0"
"16","160022","2015","3","5","21","Rural","Sideswipe - Opposite Direction","Dark - Not Lighted","Clear","1","1"
"18","180438","2015","7","1","20","Rural","Rear-to-Rear","Daylight","Clear","1","0"
"17","170640","2015","9","6","23","Rural","Non documente","Dark - Not Lighted","Clear","1","2"
"36","360728","2015","10","5","13","Rural","Front-to-Rear","Daylight","Clear","1","0"
"17","170236","2015","4","2","14","Rural","Front-to-Front","Daylight","Clear","1","0"
"12","122377","2015","12","4","16","Rural","Angle","Daylight","Clear","1","0"
"16","160150","2015","9","3","19","Rural","Angle","Dusk","Clear","1","1"
"12","122695","2015","12","7","15","Rural","Front-to-Rear","Daylight","Clear","1","0"
"47","470653","2015","9","3","20","Rural","Front-to-Rear","Dusk","Clear","1","1"
"12","120598","2015","2","4","15","Rural","Front-to-Rear","Daylight","Clear","1","0"
"18","180157","2015","4","4","14","Rural","Front-to-Rear","Daylight","Clear","1","0"
"17","170320","2015","5","3","10","Rural","Front-to-Rear","Daylight","Clear","1","0"
"12","121412","2015","7","1","23","Rural","Front-to-Front","Dark - Not Lighted","Clear","1","2"
"12","120486","2015","3","7","20","Rural","Front-to-Front","Dark - Not Lighted","Clear","1","1"
"12","121304","2015","7","4","0","Rural","Front-to-Front","Dark - Not Lighted","Clear","1","0"
"20","200066","2015","2","5","13","Rural","Angle","Daylight","Clear","1","0"
"12","122714","2015","10","4","18","Rural","Angle","Dusk","Clear","1","0"
"12","122541","2015","7","7","11","Rural","Angle","Daylight","Clear","1","1"
"12","122662","2015","12","1","4","Rural","Angle","Dark - Lighted","Clear","1","0"
"28","280152","2015","4","3","22","Rural","Angle","Dark - Lighted","Clear","1","0"
"12","120219","2015","2","2","18","Rural","Angle","Dusk","Clear","1","1"
"42","420306","2015","5","6","12","Rural","Other (End-Swipes and Others)","Daylight","Clear","1","0"
"29","290224","2015","5","6","16","Rural","Not Collision with Motor Vehicle in Transport (Not Necessarily in Transport for 2005-2009)","Daylight","Clear","1","0"
"22","220150","2015","4","4","16","Rural","Not Collision with Motor Vehicle in Transport (Not Necessarily in Transport for 2005-2009)","Daylight","Clear","1","0"
"22","220282","2015","6","5","12","Rural","Not Collision with Motor Vehicle in Transport (Not Necessarily in Transport for 2005-2009)","Daylight","Clear","1","0"
"12","121996","2015","10","3","15","Rural","Not Collision with Motor Vehicle in Transport (Not Necessarily in Transport for 2005-2009)","Daylight","Clear","2","0"
"12","121310","2015","7","3","16","Rural","Not Collision with Motor Vehicle in Transport (Not Necessarily in Transport for 2005-2009)","Daylight","Clear","1","0"
"33","330019","2015","5","2","21","Rural","Front-to-Rear","Dark - Not Lighted","Clear","1","1"
"12","121380","2015","7","5","16","Rural","Front-to-Front","Daylight","Clear","1","0"
"42","421065","2015","10","1","11","Rural","Angle","Daylight","Clear","1","0"
"1","10718","2015","9","4","7","Rural","Angle","Daylight","Clear","1","0"
"12","120223","2015","2","3","14","Rural","Angle","Daylight","Clear","1","0"
"12","121824","2015","9","5","12","Rural","Angle","Daylight","Clear","1","0"
"18","180552","2015","9","4","17","Rural","Angle","Daylight","Clear","1","0"
"5","50333","2015","9","3","23","Rural","Angle","Dark - Unknown Lighting","Clear","1","0"
"5","50154","2015","5","2","18","Rural","Angle","Daylight","Clear","1","0"
"5","50360","2015","10","5","17","Rural","Angle","Daylight","Clear","1","0"
"24","240207","2015","7","6","17","Rural","Angle","Daylight","Clear","1","0"
"26","260359","2015","7","5","15","Rural","Angle","Daylight","Clear","1","0"
"36","360058","2015","1","6","9","Rural","Angle","Daylight","Clear","1","0"
"18","180312","2015","6","2","20","Rural","Angle","Daylight","Clear","1","0"
"12","122519","2015","12","6","17","Rural","Angle","Dusk","Clear","1","0"
"12","120787","2015","4","5","22","Rural","Angle","Dark - Lighted","Clear","1","1"
"12","122563","2015","12","1","15","Rural","Angle","Daylight","Clear","1","0"
"12","120655","2015","3","1","20","Rural","Angle","Dark - Lighted","Clear","1","0"
"12","120180","2015","2","4","14","Rural","Angle","Daylight","Clear","1","0"
"12","121036","2015","5","2","16","Rural","Angle","Daylight","Clear","1","0"
"12","121125","2015","4","5","10","Rural","Angle","Daylight","Clear","1","0"
"40","400046","2015","1","5","19","Rural","Angle","Dark - Not Lighted","Clear","1","0"
"55","550033","2015","2","2","13","Rural","Angle","Daylight","Clear","1","0"
"55","550404","2015","9","1","15","Rural","Angle","Daylight","Clear","1","0"
"45","450209","2015","3","4","9","Rural","Sideswipe - Same Direction","Daylight","Clear","1","0"
"12","122707","2015","12","5","19","Urban","Not Collision with Motor Vehicle in Transport (Not Necessarily in Transport for 2005-2009)","Dark - Lighted","Clear","1","2"
"12","121225","2015","7","4","17","Urban","Not Collision with Motor Vehicle in Transport (Not Necessarily in Transport for 2005-2009)","Daylight","Clear","1","0"
"12","121935","2015","10","5","16","Urban","Not Collision with Motor Vehicle in Transport (Not Necessarily in Transport for 2005-2009)","Daylight","Clear","1","0"
"26","260716","2015","10","1","11","Urban","Not Collision with Motor Vehicle in Transport (Not Necessarily in Transport for 2005-2009)","Daylight","Clear","1","0"
"40","400166","2015","4","5","11","Urban","Not Collision with Motor Vehicle in Transport (Not Necessarily in Transport for 2005-2009)","Daylight","Clear","1","0"
"40","400184","2015","6","2","21","Urban","Not Collision with Motor Vehicle in Transport (Not Necessarily in Transport for 2005-2009)","Dark - Not Lighted","Clear","1","0"
"40","400510","2015","10","2","13","Urban","Not Collision with Motor Vehicle in Transport (Not Necessarily in Transport for 2005-2009)","Daylight","Clear","1","0"
"10","100028","2015","7","7","21","Urban","Front-to-Rear","Dark - Lighted","Clear","1","1"
"12","120656","2015","4","2","5","Urban","Front-to-Rear","Dawn","Clear","1","0"
"49","490147","2015","8","7","17","Urban","Front-to-Rear","Daylight","Clear","1","1"
"48","481040","2015","5","2","15","Urban","Front-to-Rear","Daylight","Clear","1","0"
"12","120542","2015","3","1","3","Urban","Front-to-Rear","Dark - Lighted","Clear","1","1"
"12","121450","2015","8","7","20","Urban","Front-to-Rear","Dark - Lighted","Clear","1","0"
"36","360001","2015","1","5","8","Urban","Front-to-Rear","Daylight","Clear","1","0"
"42","420748","2015","10","2","19","Urban","Front-to-Rear","Dark - Lighted","Clear","1","0"
"12","120485","2015","3","4","11","Urban","Front-to-Front","Daylight","Clear","1","0"
"12","120995","2015","5","7","16","Urban","Front-to-Front","Daylight","Clear","1","0"
"12","120602","2015","3","6","22","Urban","Front-to-Front","Dark - Lighted","Clear","1","0"
"36","360873","2015","11","7","2","Urban","Front-to-Front","Dark - Lighted","Clear","1","0"
"12","120357","2015","3","4","20","Urban","Front-to-Front","Dark - Lighted","Clear","1","0"
"12","121723","2015","8","6","21","Urban","Front-to-Front","Dark - Lighted","Clear","1","1"
"12","120420","2015","3","3","5","Urban","Front-to-Front","Dark - Lighted","Clear","1","0"
"12","120985","2015","5","3","23","Urban","Front-to-Front","Dark - Lighted","Clear","1","0"
"12","120716","2015","4","6","11","Urban","Front-to-Front","Daylight","Clear","1","0"
"12","120616","2015","4","5","22","Urban","Front-to-Front","Dark - Not Lighted","Clear","1","1"
"12","120586","2015","4","4","17","Urban","Front-to-Front","Daylight","Clear","1","1"
"30","300153","2015","10","2","19","Urban","Front-to-Front","Dark - Not Lighted","Clear","1","0"
"36","360854","2015","8","7","17","Urban","Front-to-Front","Daylight","Clear","1","0"
"34","340279","2015","9","2","17","Urban","Front-to-Front","Daylight","Clear","1","0"
"42","420087","2015","2","1","16","Urban","Front-to-Front","Daylight","Clear","1","0"
"42","420159","2015","3","2","13","Urban","Front-to-Front","Daylight","Clear","1","0"
"37","370919","2015","9","4","18","Urban","Front-to-Front","Daylight","Clear","1","1"
"37","370298","2015","2","6","13","Urban","Front-to-Front","Daylight","Clear","1","0"
"22","220604","2015","10","7","18","Urban","Angle","Daylight","Clear","1","0"
"24","240391","2015","11","2","17","Urban","Angle","Dusk","Clear","1","0"
"24","240309","2015","9","4","15","Urban","Angle","Daylight","Clear","1","0"
"24","240123","2015","4","2","14","Urban","Angle","Daylight","Clear","1","0"
"55","550416","2015","9","3","11","Urban","Angle","Daylight","Clear","1","0"
"55","550105","2015","4","7","23","Urban","Angle","Dark - Lighted","Clear","1","0"
"42","420914","2015","10","5","18","Urban","Angle","Dark - Lighted","Clear","1","1"
"42","420876","2015","10","3","22","Urban","Angle","Dark - Lighted","Clear","1","1"
"45","450409","2015","7","7","10","Urban","Angle","Daylight","Clear","1","0"
"48","483202","2015","8","2","16","Urban","Angle","Daylight","Clear","1","0"
"12","122462","2015","12","3","7","Urban","Angle","Daylight","Clear","1","0"
"12","121813","2015","9","6","5","Urban","Angle","Dark - Not Lighted","Clear","1","0"
"12","120435","2015","3","4","14","Urban","Angle","Daylight","Clear","1","0"
"12","121582","2015","8","6","21","Urban","Angle","Dark - Lighted","Clear","1","0"
"12","122320","2015","11","5","14","Urban","Angle","Daylight","Clear","1","0"
"12","120531","2015","4","5","6","Urban","Angle","Dark - Not Lighted","Clear","1","0"
"13","131073","2015","10","5","6","Urban","Angle","Dark - Not Lighted","Clear","1","0"
"13","130550","2015","6","1","22","Urban","Angle","Dark - Not Lighted","Clear","1","1"
"18","180120","2015","3","1","16","Urban","Angle","Daylight","Clear","1","0"
"24","240419","2015","12","5","6","Urban","Angle","Dark - Not Lighted","Clear","1","0"
"24","240185","2015","6","1","19","Urban","Angle","Daylight","Clear","1","1"
"26","260624","2015","9","5","21","Urban","Angle","Dark - Lighted","Clear","1","0"
"36","360123","2015","1","5","9","Urban","Angle","Daylight","Clear","1","0"
"53","530361","2015","9","3","18","Urban","Angle","Daylight","Clear","1","1"
"53","530065","2015","3","1","12","Urban","Angle","Daylight","Clear","1","0"
"45","450430","2015","7","4","16","Urban","Angle","Daylight","Clear","1","0"
"45","450175","2015","4","4","15","Urban","Angle","Daylight","Clear","1","0"
"12","120425","2015","3","3","11","Urban","Angle","Daylight","Clear","1","0"
"12","120796","2015","4","3","18","Urban","Angle","Daylight","Clear","1","0"
"12","122542","2015","8","7","14","Urban","Angle","Daylight","Clear","1","1"
"18","180424","2015","7","6","16","Urban","Angle","Daylight","Clear","1","0"
"18","180463","2015","8","4","5","Urban","Angle","Dark - Not Lighted","Clear","1","0"
"18","180787","2015","12","4","13","Urban","Angle","Daylight","Clear","1","0"
"18","180391","2015","7","2","14","Urban","Angle","Daylight","Clear","1","0"
"18","180767","2015","12","1","18","Urban","Angle","Daylight","Clear","1","0"
"18","180327","2015","6","4","9","Urban","Angle","Daylight","Clear","1","0"
"18","180396","2015","7","5","11","Urban","Angle","Daylight","Clear","1","0"
"56","560121","2015","11","6","17","Urban","Angle","Dark - Not Lighted","Clear","1","0"
"21","210257","2015","6","6","19","Urban","Angle","Daylight","Clear","1","1"
"36","360802","2015","11","1","11","Urban","Angle","Daylight","Clear","1","0"
"36","360719","2015","10","4","15","Urban","Angle","Daylight","Clear","1","0"
"36","360298","2015","5","5","8","Urban","Angle","Daylight","Clear","1","0"
"36","360780","2015","9","1","23","Urban","Angle","Dark - Lighted","Clear","1","2"
"36","360837","2015","9","3","8","Urban","Angle","Daylight","Clear","1","0"
"36","360426","2015","7","7","11","Urban","Angle","Daylight","Clear","1","0"
"36","360985","2015","11","7","4","Urban","Angle","Dark - Lighted","Clear","2","1"
"36","360480","2015","7","1","14","Urban","Angle","Daylight","Clear","1","0"
"36","361001","2015","12","3","18","Urban","Angle","Dark - Lighted","Clear","1","0"
"36","360341","2015","5","7","19","Urban","Angle","Daylight","Clear","1","1"
"36","360435","2015","7","6","9","Urban","Angle","Daylight","Clear","1","0"
"35","350255","2015","12","4","16","Urban","Angle","Daylight","Clear","1","0"
"39","390899","2015","10","4","15","Urban","Angle","Daylight","Clear","1","0"
"39","390638","2015","8","7","19","Urban","Angle","Daylight","Clear","1","0"
"39","390860","2015","11","3","12","Urban","Angle","Daylight","Clear","1","0"
"23","230126","2015","11","1","17","Urban","Angle","Dark - Lighted","Clear","1","1"
"48","481408","2015","6","5","20","Urban","Angle","Dark - Lighted","Clear","1","0"
"48","482189","2015","9","7","14","Urban","Angle","Daylight","Clear","1","0"
"48","482853","2015","11","2","9","Urban","Angle","Daylight","Clear","1","0"
"48","482865","2015","11","3","12","Urban","Angle","Daylight","Clear","1","0"
"48","482507","2015","10","7","23","Urban","Angle","Dark - Lighted","Clear","1","1"
"48","481484","2015","7","6","13","Urban","Angle","Daylight","Clear","1","0"
"48","481468","2015","7","4","21","Urban","Angle","Dark - Lighted","Clear","1","0"
"48","481407","2015","6","5","11","Urban","Angle","Daylight","Clear","1","0"
"48","481662","2015","6","6","21","Urban","Angle","Dark - Not Lighted","Clear","1","1"
"32","320150","2015","7","6","7","Urban","Angle","Daylight","Clear","1","0"
"32","320289","2015","12","6","15","Urban","Angle","Daylight","Clear","1","1"
"1","10049","2015","1","5","1","Urban","Angle","Dark - Unknown Lighting","Clear","1","0"
"4","40150","2015","3","6","20","Urban","Angle","Dark - Not Lighted","Clear","1","0"
"4","40554","2015","8","3","20","Urban","Angle","Dark - Lighted","Clear","1","0"
"4","40589","2015","9","6","14","Urban","Angle","Daylight","Clear","1","0"
"4","40527","2015","8","6","17","Urban","Angle","Daylight","Clear","1","0"
"12","121487","2015","6","4","18","Urban","Angle","Daylight","Clear","1","0"
"12","121494","2015","7","3","3","Urban","Angle","Dark - Lighted","Clear","1","0"
"12","122697","2015","12","1","14","Urban","Angle","Daylight","Clear","1","0"
"12","121287","2015","5","7","17","Urban","Angle","Daylight","Clear","1","0"
"12","121570","2015","8","3","12","Urban","Angle","Daylight","Clear","1","0"
"12","122386","2015","9","7","1","Urban","Angle","Dark - Lighted","Clear","1","0"
"12","120980","2015","2","1","18","Urban","Angle","Dark - Lighted","Clear","1","0"
"12","120315","2015","3","2","15","Urban","Angle","Daylight","Clear","1","0"
"12","122793","2015","5","4","18","Urban","Angle","Daylight","Clear","1","0"
"12","120076","2015","1","7","18","Urban","Angle","Dark - Not Lighted","Clear","1","0"
"12","120943","2015","5","7","14","Urban","Angle","Daylight","Clear","1","0"
"12","121759","2015","9","3","4","Urban","Angle","Dark - Lighted","Clear","3","0"
"12","121617","2015","8","1","1","Urban","Angle","Dark - Lighted","Clear","1","0"
"12","122715","2015","10","6","7","Urban","Angle","Daylight","Clear","1","0"
"12","122140","2015","8","3","6","Urban","Angle","Dark - Lighted","Clear","1","1"
"12","120893","2015","4","7","10","Urban","Angle","Daylight","Clear","1","0"
"12","120873","2015","5","5","18","Urban","Angle","Daylight","Clear","1","0"
"12","121300","2015","6","2","21","Urban","Angle","Dark - Not Lighted","Clear","1","0"
"12","120797","2015","4","4","19","Urban","Angle","Dusk","Clear","1","0"
"12","121528","2015","7","5","7","Urban","Angle","Daylight","Clear","1","0"
"12","121372","2015","7","2","7","Urban","Angle","Daylight","Clear","1","1"
"12","122736","2015","10","7","19","Urban","Angle","Dusk","Clear","1","0"
"12","121104","2015","6","3","20","Urban","Angle","Dark - Lighted","Clear","1","0"
"12","121115","2015","6","2","17","Urban","Angle","Daylight","Clear","1","0"
"12","121065","2015","6","6","15","Urban","Angle","Daylight","Clear","1","0"
"12","121474","2015","8","2","12","Urban","Angle","Daylight","Clear","1","0"
"12","120344","2015","2","2","5","Urban","Angle","Dark - Lighted","Clear","1","0"
"12","121641","2015","9","4","21","Urban","Angle","Dark - Lighted","Clear","1","1"
"12","122522","2015","12","6","3","Urban","Angle","Dark - Lighted","Clear","1","0"
"12","120726","2015","5","7","8","Urban","Angle","Daylight","Clear","1","0"
"12","120066","2015","1","6","16","Urban","Angle","Daylight","Clear","1","0"
"12","121488","2015","7","6","21","Urban","Angle","Dark - Lighted","Clear","1","1"
"12","122724","2015","9","4","12","Urban","Angle","Daylight","Clear","1","0"
"12","122273","2015","10","7","16","Urban","Angle","Daylight","Clear","1","0"