"state_number","consecutive_number","year_of_crash","month_of_crash","day_of_week","hour_of_crash","land_use_name","manner_of_collision_name","light_condition_name","atmospheric_conditions_name","number_of_fatalities","number_of_drunk_drivers"
"2","20055","2015","12","3","20","Rural","Angle","Dark - Not Lighted","Clear","3","0"
"48","482775","2015","11","7","11","Rural","Angle","Daylight","Clear","1","0"
"49","490170","2015","8","1","11","Rural","Sideswipe - Same Direction","Daylight","Clear","1","0"
"48","483179","2015","12","7","5","Rural","Sideswipe - Same Direction","Dark - Not Lighted","Clear","1","1"
"48","480916","2015","5","1","17","Rural","Sideswipe - Same Direction","Daylight","Clear","1","0"
"48","480782","2015","4","7","15","Rural","Sideswipe - Same Direction","Daylight","Clear","1","0"
"48","482209","2015","8","7","0","Rural","Sideswipe - Same Direction","Dark - Not Lighted","Clear","1","1"
"1","10190","2015","4","4","13","Rural","Sideswipe - Same Direction","Daylight","Clear","1","0"
"1","10497","2015","8","3","5","Rural","Sideswipe - Same Direction","Dark - Not Lighted","Clear","1","0"
"4","40186","2015","3","4","14","Rural","Sideswipe - Same Direction","Daylight","Clear","1","0"
"13","130146","2015","2","7","23","Rural","Sideswipe - Same Direction","Dark - Not Lighted","Clear","1","1"
"56","560122","2015","11","5","16","Rural","Sideswipe - Same Direction","Daylight","Clear","1","1"
"56","560050","2015","6","1","10","Rural","Sideswipe - Same Direction","Daylight","Clear","1","0"
"5","50501","2015","10","5","12","Rural","Sideswipe - Same Direction","Daylight","Clear","1","0"
"5","50383","2015","10","1","17","Rural","Sideswipe - Same Direction","Daylight","Clear","1","0"
"8","80286","2015","8","7","16","Rural","Sideswipe - Same Direction","Daylight","Clear","1","2"
"17","170130","2015","4","5","17","Rural","Sideswipe - Same Direction","Daylight","Clear","1","0"
"17","170172","2015","4","1","15","Rural","Sideswipe - Same Direction","Daylight","Clear","1","0"
"17","170517","2015","8","7","12","Rural","Sideswipe - Same Direction","Daylight","Clear","1","0"
"36","360885","2015","11","2","13","Rural","Sideswipe - Same Direction","Daylight","Clear","1","0"
"22","220002","2015","1","1","22","Rural","Sideswipe - Same Direction","Dark - Not Lighted","Clear","1","1"
"22","220430","2015","8","2","7","Rural","Sideswipe - Same Direction","Daylight","Clear","1","0"
"22","220370","2015","7","4","13","Rural","Sideswipe - Same Direction","Daylight","Clear","1","0"
"22","220474","2015","9","6","19","Rural","Sideswipe - Same Direction","Dusk","Clear","1","0"
"47","470603","2015","8","5","5","Rural","Sideswipe - Same Direction","Dawn","Clear","1","0"
"47","470455","2015","7","4","18","Rural","Sideswipe - Same Direction","Daylight","Clear","1","0"
"9","90135","2015","10","4","18","Rural","Sideswipe - Same Direction","Dusk","Clear","1","0"
"28","280246","2015","6","7","14","Rural","Sideswipe - Same Direction","Daylight","Clear","2","1"
"28","280350","2015","7","4","15","Rural","Sideswipe - Same Direction","Daylight","Clear","1","0"
"28","280038","2015","2","6","12","Rural","Sideswipe - Same Direction","Daylight","Clear","1","0"
"46","460036","2015","4","5","17","Rural","Sideswipe - Same Direction","Daylight","Clear","1","0"
"37","370997","2015","10","7","20","Rural","Sideswipe - Same Direction","Dark - Not Lighted","Clear","1","0"
"45","450485","2015","7","7","11","Rural","Sideswipe - Same Direction","Daylight","Clear","1","0"
"45","450178","2015","3","5","13","Rural","Sideswipe - Same Direction","Daylight","Clear","1","0"
"45","450721","2015","10","7","16","Rural","Sideswipe - Same Direction","Daylight","Clear","1","0"
"45","450688","2015","10","4","16","Rural","Sideswipe - Same Direction","Daylight","Clear","1","0"
"16","160169","2015","11","3","16","Rural","Sideswipe - Opposite Direction","Daylight","Clear","1","0"
"12","121306","2015","7","7","17","Rural","Rear-to-Side","Daylight","Clear","1","0"
"21","210577","2015","11","1","3","Rural","Rear-to-Side","Dark - Not Lighted","Clear","1","0"
"48","482390","2015","10","3","3","Rural","Other (End-Swipes and Others)","Dark - Not Lighted","Clear","1","0"
"48","480960","2015","5","1","3","Rural","Other (End-Swipes and Others)","Dark - Not Lighted","Clear","1","0"
"35","350180","2015","9","1","15","Rural","Non documente","Daylight","Clear","1","0"
"4","40161","2015","3","3","19","Rural","Non documente","Dark - Not Lighted","Clear","1","0"
"4","40159","2015","3","3","1","Rural","Non documente","Dark - Not Lighted","Clear","1","0"
"35","350238","2015","11","6","6","Rural","Non documente","Dawn","Clear","1","0"
"35","350252","2015","12","4","7","Rural","Non documente","Daylight","Clear","1","0"
"4","40075","2015","2","5","18","Rural","Front-to-Rear","Dark - Not Lighted","Clear","1","0"
"8","80427","2015","10","3","8","Rural","Front-to-Rear","Daylight","Clear","1","0"
"47","470041","2015","1","4","10","Rural","Front-to-Rear","Daylight","Clear","1","0"
"9","90184","2015","3","6","1","Rural","Front-to-Rear","Dark - Lighted","Clear","1","1"
"9","90213","2015","10","6","1","Rural","Front-to-Rear","Dark - Lighted","Clear","1","0"
"42","420117","2015","2","7","8","Rural","Front-to-Rear","Daylight","Clear","1","0"
"42","420423","2015","6","5","17","Rural","Front-to-Rear","Daylight","Clear","1","0"
"20","200131","2015","6","5","10","Rural","Front-to-Front","Daylight","Clear","1","0"
"27","270179","2015","6","2","18","Rural","Front-to-Front","Daylight","Clear","2","0"
"48","481344","2015","6","2","6","Rural","Angle","Dark - Not Lighted","Clear","1","0"
"4","40523","2015","8","5","20","Rural","Angle","Dark - Lighted","Clear","1","1"
"4","40769","2015","12","1","11","Rural","Angle","Daylight","Clear","1","0"
"48","483015","2015","12","7","4","Rural","Sideswipe - Same Direction","Dark - Lighted","Clear","1","0"
"4","40817","2015","10","7","15","Rural","Sideswipe - Same Direction","Daylight","Clear","1","0"
"23","230041","2015","6","1","13","Rural","Angle","Daylight","Clear","1","1"
"18","180599","2015","10","3","13","Rural","Angle","Daylight","Clear","1","0"
"5","50421","2015","11","4","7","Rural","Angle","Daylight","Clear","1","0"
"20","200011","2015","1","7","17","Rural","Sideswipe - Same Direction","Daylight","Clear","1","0"
"48","482499","2015","10","4","19","Rural","Front-to-Rear","Dark - Not Lighted","Clear","1","0"
"32","320158","2015","8","4","9","Rural","Front-to-Rear","Daylight","Clear","1","0"
"37","370486","2015","6","3","14","Rural","Front-to-Rear","Daylight","Clear","1","0"
"5","50316","2015","8","6","20","Rural","Front-to-Front","Dark - Not Lighted","Clear","2","1"
"45","450174","2015","4","4","11","Rural","Angle","Daylight","Clear","1","1"
"45","450176","2015","4","6","1","Rural","Angle","Dark - Lighted","Clear","1","0"
"36","360690","2015","9","6","13","Rural","Not Collision with Motor Vehicle in Transport (Not Necessarily in Transport for 2005-2009)","Daylight","Clear","1","0"
"1","10306","2015","6","1","15","Rural","Front-to-Rear","Daylight","Clear","1","0"
"20","200057","2015","3","6","23","Rural","Front-to-Rear","Dark - Not Lighted","Clear","1","0"
"13","130620","2015","6","5","16","Rural","Angle","Daylight","Clear","1","0"
"5","50197","2015","6","6","16","Rural","Angle","Daylight","Clear","1","0"
"40","400586","2015","12","3","13","Rural","Angle","Daylight","Clear","1","0"
"8","80322","2015","8","1","15","Rural","Not Collision with Motor Vehicle in Transport (Not Necessarily in Transport for 2005-2009)","Daylight","Clear","1","1"
"34","340173","2015","6","6","1","Rural","Not Collision with Motor Vehicle in Transport (Not Necessarily in Transport for 2005-2009)","Dark - Lighted","Clear","1","1"
"38","380008","2015","2","2","8","Rural","Not Collision with Motor Vehicle in Transport (Not Necessarily in Transport for 2005-2009)","Daylight","Clear","1","0"
"12","122076","2015","11","1","1","Urban","Angle","Dark - Unknown Lighting","Clear","1","0"
"22","220142","2015","3","6","21","Urban","Angle","Dark - Not Lighted","Clear","1","0"
"35","350240","2015","11","1","0","Urban","Angle","Dark - Lighted","Clear","3","2"
"42","420267","2015","2","3","10","Urban","Angle","Daylight","Clear","1","0"
"48","481520","2015","7","5","13","Urban","Angle","Daylight","Clear","1","0"
"48","480861","2015","4","1","18","Urban","Angle","Daylight","Clear","1","0"
"48","481493","2015","7","1","1","Urban","Angle","Dark - Lighted","Clear","1","1"
"48","480769","2015","4","7","2","Urban","Angle","Dark - Lighted","Clear","1","0"
"48","481813","2015","8","5","23","Urban","Angle","Dark - Lighted","Clear","1","1"
"48","481696","2015","7","7","0","Urban","Angle","Dark - Lighted","Clear","1","1"
"22","220601","2015","10","5","4","Urban","Angle","Dark - Lighted","Clear","1","1"
"39","390447","2015","5","1","18","Urban","Not Collision with Motor Vehicle in Transport (Not Necessarily in Transport for 2005-2009)","Daylight","Clear","1","0"
"39","391015","2015","12","1","18","Urban","Not Collision with Motor Vehicle in Transport (Not Necessarily in Transport for 2005-2009)","Dusk","Clear","1","1"
"49","490047","2015","3","2","13","Urban","Not Collision with Motor Vehicle in Transport (Not Necessarily in Transport for 2005-2009)","Daylight","Clear","1","0"
"48","480697","2015","4","7","13","Urban","Not Collision with Motor Vehicle in Transport (Not Necessarily in Transport for 2005-2009)","Daylight","Clear","1","0"
"48","482731","2015","11","5","19","Urban","Not Collision with Motor Vehicle in Transport (Not Necessarily in Transport for 2005-2009)","Dark - Lighted","Clear","1","0"
"48","482621","2015","11","2","15","Urban","Not Collision with Motor Vehicle in Transport (Not Necessarily in Transport for 2005-2009)","Daylight","Clear","1","0"
"48","480961","2015","5","2","12","Urban","Not Collision with Motor Vehicle in Transport (Not Necessarily in Transport for 2005-2009)","Daylight","Clear","2","0"
"48","480534","2015","3","1","3","Urban","Not Collision with Motor Vehicle in Transport (Not Necessarily in Transport for 2005-2009)","Dark - Lighted","Clear","1","1"
"48","481681","2015","7","6","2","Urban","Not Collision with Motor Vehicle in Transport (Not Necessarily in Transport for 2005-2009)","Dark - Lighted","Clear","1","0"
"48","480020","2015","1","7","22","Urban","Not Collision with Motor Vehicle in Transport (Not Necessarily in Transport for 2005-2009)","Dark - Lighted","Clear","1","1"
"20","200300","2015","11","6","16","Urban","Not Collision with Motor Vehicle in Transport (Not Necessarily in Transport for 2005-2009)","Dark - Not Lighted","Clear","2","0"
"1","10344","2015","7","4","17","Urban","Not Collision with Motor Vehicle in Transport (Not Necessarily in Transport for 2005-2009)","Daylight","Clear","1","0"
"1","10157","2015","3","6","5","Urban","Not Collision with Motor Vehicle in Transport (Not Necessarily in Transport for 2005-2009)","Dark - Lighted","Clear","1","0"
"4","40578","2015","9","3","20","Urban","Not Collision with Motor Vehicle in Transport (Not Necessarily in Transport for 2005-2009)","Dark - Lighted","Clear","1","1"
"12","122483","2015","12","3","13","Urban","Not Collision with Motor Vehicle in Transport (Not Necessarily in Transport for 2005-2009)","Daylight","Clear","1","0"
"12","121265","2015","7","5","23","Urban","Not Collision with Motor Vehicle in Transport (Not Necessarily in Transport for 2005-2009)","Dark - Lighted","Clear","1","0"
"12","120127","2015","1","1","23","Urban","Not Collision with Motor Vehicle in Transport (Not Necessarily in Transport for 2005-2009)","Dark - Lighted","Clear","1","0"
"12","122151","2015","9","1","6","Urban","Not Collision with Motor Vehicle in Transport (Not Necessarily in Transport for 2005-2009)","Dawn","Clear","1","0"
"12","120319","2015","3","5","21","Urban","Not Collision with Motor Vehicle in Transport (Not Necessarily in Transport for 2005-2009)","Dark - Not Lighted","Clear","2","1"
"12","121209","2015","6","5","2","Urban","Not Collision with Motor Vehicle in Transport (Not Necessarily in Transport for 2005-2009)","Dark - Lighted","Clear","1","1"
"12","120209","2015","2","6","12","Urban","Not Collision with Motor Vehicle in Transport (Not Necessarily in Transport for 2005-2009)","Daylight","Clear","1","0"
"13","131059","2015","10","1","2","Urban","Not Collision with Motor Vehicle in Transport (Not Necessarily in Transport for 2005-2009)","Dark - Not Lighted","Clear","1","1"
"18","180491","2015","8","7","16","Urban","Not Collision with Motor Vehicle in Transport (Not Necessarily in Transport for 2005-2009)","Daylight","Clear","1","0"
"8","80141","2015","4","5","7","Urban","Not Collision with Motor Vehicle in Transport (Not Necessarily in Transport for 2005-2009)","Daylight","Clear","1","0"
"17","170322","2015","6","1","22","Urban","Not Collision with Motor Vehicle in Transport (Not Necessarily in Transport for 2005-2009)","Dark - Lighted","Clear","1","0"
"17","170521","2015","8","2","15","Urban","Not Collision with Motor Vehicle in Transport (Not Necessarily in Transport for 2005-2009)","Daylight","Clear","1","0"
"17","170158","2015","4","7","13","Urban","Not Collision with Motor Vehicle in Transport (Not Necessarily in Transport for 2005-2009)","Daylight","Clear","2","0"
"24","240125","2015","5","6","12","Urban","Not Collision with Motor Vehicle in Transport (Not Necessarily in Transport for 2005-2009)","Daylight","Clear","1","0"
"29","290562","2015","9","5","13","Urban","Not Collision with Motor Vehicle in Transport (Not Necessarily in Transport for 2005-2009)","Daylight","Clear","1","0"
"29","290581","2015","10","2","13","Urban","Not Collision with Motor Vehicle in Transport (Not Necessarily in Transport for 2005-2009)","Daylight","Clear","1","0"
"40","400384","2015","9","3","9","Urban","Not Collision with Motor Vehicle in Transport (Not Necessarily in Transport for 2005-2009)","Daylight","Clear","1","0"
"47","470890","2015","12","4","0","Urban","Not Collision with Motor Vehicle in Transport (Not Necessarily in Transport for 2005-2009)","Dark - Not Lighted","Clear","1","1"
"34","340153","2015","5","7","16","Urban","Not Collision with Motor Vehicle in Transport (Not Necessarily in Transport for 2005-2009)","Daylight","Clear","2","0"
"53","530090","2015","3","2","16","Urban","Not Collision with Motor Vehicle in Transport (Not Necessarily in Transport for 2005-2009)","Daylight","Clear","1","0"
"53","530182","2015","6","1","22","Urban","Not Collision with Motor Vehicle in Transport (Not Necessarily in Transport for 2005-2009)","Dark - Not Lighted","Clear","1","0"
"9","90159","2015","11","1","10","Urban","Not Collision with Motor Vehicle in Transport (Not Necessarily in Transport for 2005-2009)","Daylight","Clear","1","0"
"9","90046","2015","2","2","23","Urban","Not Collision with Motor Vehicle in Transport (Not Necessarily in Transport for 2005-2009)","Dark - Lighted","Clear","1","0"
"42","420358","2015","5","7","2","Urban","Not Collision with Motor Vehicle in Transport (Not Necessarily in Transport for 2005-2009)","Dark - Lighted","Clear","1","0"
"42","420903","2015","8","1","3","Urban","Not Collision with Motor Vehicle in Transport (Not Necessarily in Transport for 2005-2009)","Dark - Not Lighted","Clear","1","1"
"44","440021","2015","7","1","0","Urban","Not Collision with Motor Vehicle in Transport (Not Necessarily in Transport for 2005-2009)","Dark - Lighted","Clear","1","1"
"25","250235","2015","7","5","17","Urban","Not Collision with Motor Vehicle in Transport (Not Necessarily in Transport for 2005-2009)","Daylight","Clear","1","0"
"37","370632","2015","7","1","2","Urban","Not Collision with Motor Vehicle in Transport (Not Necessarily in Transport for 2005-2009)","Dark - Not Lighted","Clear","1","1"
"45","450555","2015","8","6","6","Urban","Not Collision with Motor Vehicle in Transport (Not Necessarily in Transport for 2005-2009)","Dark - Not Lighted","Clear","1","1"
"45","450499","2015","8","7","16","Urban","Not Collision with Motor Vehicle in Transport (Not Necessarily in Transport for 2005-2009)","Daylight","Clear","1","0"
"26","260045","2015","2","7","21","Urban","Not Collision with Motor Vehicle in Transport (Not Necessarily in Transport for 2005-2009)","Dark - Lighted","Clear","2","0"
"39","390770","2015","8","6","2","Urban","Front-to-Rear","Dark - Lighted","Clear","1","1"
"39","390804","2015","9","3","9","Urban","Front-to-Rear","Daylight","Clear","1","0"
"39","390152","2015","3","4","12","Urban","Front-to-Rear","Daylight","Clear","1","0"
"39","390614","2015","8","6","14","Urban","Front-to-Rear","Daylight","Clear","1","0"
"39","390161","2015","3","6","11","Urban","Front-to-Rear","Daylight","Clear","1","0"
"49","490093","2015","5","6","16","Urban","Front-to-Rear","Daylight","Clear","2","0"
"49","490161","2015","8","1","14","Urban","Front-to-Rear","Daylight","Clear","1","0"
"49","490175","2015","8","2","9","Urban","Front-to-Rear","Daylight","Clear","1","0"
"49","490225","2015","10","6","19","Urban","Front-to-Rear","Dusk","Clear","1","0"
"48","480602","2015","3","1","1","Urban","Front-to-Rear","Dark - Lighted","Clear","1","1"
"48","483092","2015","12","7","21","Urban","Front-to-Rear","Dark - Not Lighted","Clear","1","0"
"48","482270","2015","9","7","1","Urban","Front-to-Rear","Dark - Lighted","Clear","1","2"
"48","482268","2015","9","7","3","Urban","Front-to-Rear","Dark - Lighted","Clear","1","1"
"48","482202","2015","9","1","17","Urban","Front-to-Rear","Daylight","Clear","1","1"
"48","482012","2015","8","7","0","Urban","Front-to-Rear","Dark - Lighted","Clear","1","1"
"48","482742","2015","11","1","2","Urban","Front-to-Rear","Dark - Not Lighted","Clear","1","1"
"48","482040","2015","9","5","15","Urban","Front-to-Rear","Daylight","Clear","1","0"
"48","481139","2015","5","5","9","Urban","Front-to-Rear","Daylight","Clear","1","0"
"48","481881","2015","8","2","16","Urban","Front-to-Rear","Daylight","Clear","2","0"
"48","480234","2015","2","2","2","Urban","Front-to-Rear","Dark - Not Lighted","Clear","1","0"
"48","481974","2015","8","6","21","Urban","Front-to-Rear","Dark - Lighted","Clear","1","1"
"48","480589","2015","3","3","11","Urban","Front-to-Rear","Daylight","Clear","1","1"
"48","482191","2015","9","7","2","Urban","Front-to-Rear","Dark - Lighted","Clear","1","1"
"48","480031","2015","1","2","21","Urban","Front-to-Rear","Dark - Not Lighted","Clear","1","0"
"48","481894","2015","8","3","2","Urban","Front-to-Rear","Dark - Lighted","Clear","1","1"
"48","481360","2015","5","2","14","Urban","Front-to-Rear","Daylight","Clear","1","0"
"15","150035","2015","6","7","0","Urban","Front-to-Rear","Dark - Not Lighted","Clear","1","0"
"41","410210","2015","8","6","1","Urban","Front-to-Rear","Dark - Lighted","Clear","1","1"
"1","10280","2015","6","2","21","Urban","Front-to-Rear","Dark - Not Lighted","Clear","1","1"
"1","10364","2015","7","4","5","Urban","Front-to-Rear","Dawn","Clear","1","0"
"1","10114","2015","4","4","22","Urban","Front-to-Rear","Dark - Not Lighted","Clear","1","1"
"1","10681","2015","12","6","21","Urban","Front-to-Rear","Dark - Not Lighted","Clear","1","0"
"12","121847","2015","10","5","18","Urban","Front-to-Rear","Dark - Lighted","Clear","1","1"
"12","121862","2015","9","6","23","Urban","Front-to-Rear","Dark - Not Lighted","Clear","1","1"
"12","120238","2015","2","7","5","Urban","Front-to-Rear","Dark - Lighted","Clear","1","0"
"12","121470","2015","8","6","0","Urban","Front-to-Rear","Dark - Not Lighted","Clear","1","0"
"12","120312","2015","3","7","21","Urban","Front-to-Rear","Dark - Lighted","Clear","1","1"
"12","120087","2015","1","1","4","Urban","Front-to-Rear","Dark - Not Lighted","Clear","1","1"
"12","121709","2015","9","5","17","Urban","Front-to-Rear","Daylight","Clear","1","0"
"12","122653","2015","12","1","20","Urban","Front-to-Rear","Dark - Not Lighted","Clear","2","1"
"12","122620","2015","12","3","13","Urban","Front-to-Rear","Daylight","Clear","1","0"
"12","121422","2015","7","5","0","Urban","Front-to-Rear","Dark - Lighted","Clear","1","0"
"12","120026","2015","1","7","20","Urban","Front-to-Rear","Dark - Not Lighted","Clear","1","0"
"12","120846","2015","5","1","4","Urban","Front-to-Rear","Dark - Not Lighted","Clear","1","1"
"13","130749","2015","8","3","8","Urban","Front-to-Rear","Daylight","Clear","1","0"
"13","130912","2015","9","6","0","Urban","Front-to-Rear","Dark - Not Lighted","Clear","1","0"
"13","131270","2015","12","4","8","Urban","Front-to-Rear","Daylight","Clear","1","0"
"13","131051","2015","10","7","22","Urban","Front-to-Rear","Dark - Not Lighted","Clear","1","0"
"13","130311","2015","4","4","21","Urban","Front-to-Rear","Dark - Not Lighted","Clear","1","0"
"13","130707","2015","7","5","11","Urban","Front-to-Rear","Daylight","Clear","1","0"
"13","130048","2015","1","7","14","Urban","Front-to-Rear","Daylight","Clear","1","0"
"13","130745","2015","8","1","3","Urban","Front-to-Rear","Dark - Not Lighted","Clear","1","2"
"13","130267","2015","3","6","22","Urban","Front-to-Rear","Dark - Lighted","Clear","1","1"
"13","130296","2015","1","5","18","Urban","Front-to-Rear","Dark - Not Lighted","Clear","1","0"
"13","131135","2015","11","5","0","Urban","Front-to-Rear","Dark - Not Lighted","Clear","1","1"
"18","180306","2015","6","5","17","Urban","Front-to-Rear","Daylight","Clear","3","0"
"18","180773","2015","12","4","22","Urban","Front-to-Rear","Dark - Lighted","Clear","1","1"
"50","500003","2015","1","6","20","Urban","Front-to-Rear","Dark - Not Lighted","Clear","2","1"
"56","560037","2015","5","3","21","Urban","Front-to-Rear","Dark - Not Lighted","Clear","1","0"
"5","50193","2015","6","5","11","Urban","Front-to-Rear","Daylight","Clear","2","0"
"8","80381","2015","9","2","8","Urban","Front-to-Rear","Daylight","Clear","1","0"
"8","80089","2015","3","1","22","Urban","Front-to-Rear","Dark - Lighted","Clear","1","0"
"8","80303","2015","8","4","13","Urban","Front-to-Rear","Daylight","Clear","1","0"
"17","170509","2015","6","5","6","Urban","Front-to-Rear","Daylight","Clear","1","0"
"17","170086","2015","4","4","16","Urban","Front-to-Rear","Daylight","Clear","1","0"
"17","170459","2015","6","5","13","Urban","Front-to-Rear","Daylight","Clear","1","0"
"21","210115","2015","3","1","7","Urban","Front-to-Rear","Dawn","Clear","1","0"
"21","210694","2015","12","6","10","Urban","Front-to-Rear","Daylight","Clear","1","0"
"21","210252","2015","6","3","2","Urban","Front-to-Rear","Dark - Not Lighted","Clear","1","0"
"24","240240","2015","8","5","0","Urban","Front-to-Rear","Dark - Not Lighted","Clear","1","1"
"24","240398","2015","11","5","12","Urban","Front-to-Rear","Daylight","Clear","1","0"
"24","240044","2015","3","1","2","Urban","Front-to-Rear","Dark - Not Lighted","Clear","1","1"
"24","240404","2015","12","4","20","Urban","Front-to-Rear","Dark - Not Lighted","Clear","1","0"
"26","260022","2015","1","3","14","Urban","Front-to-Rear","Daylight","Clear","1","0"
"26","260797","2015","11","7","19","Urban","Front-to-Rear","Dark - Lighted","Clear","1","0"
"26","260635","2015","9","5","3","Urban","Front-to-Rear","Dark - Lighted","Clear","1","1"
"29","290300","2015","5","7","6","Urban","Front-to-Rear","Daylight","Clear","1","1"
"29","290141","2015","3","2","17","Urban","Front-to-Rear","Daylight","Clear","1","0"
"29","290088","2015","2","6","23","Urban","Front-to-Rear","Dark - Lighted","Clear","1","1"
"29","290796","2015","12","7","3","Urban","Front-to-Rear","Dark - Lighted","Clear","1","0"
"29","290387","2015","7","1","23","Urban","Front-to-Rear","Dark - Not Lighted","Clear","1","0"
"36","360164","2015","3","1","6","Urban","Front-to-Rear","Dawn","Clear","1","0"
"36","360582","2015","8","7","17","Urban","Front-to-Rear","Daylight","Clear","1","0"
"36","360247","2015","4","5","17","Urban","Front-to-Rear","Daylight","Clear","1","0"
"36","360940","2015","12","4","4","Urban","Front-to-Rear","Dark - Lighted","Clear","1","0"
"40","400575","2015","12","3","10","Urban","Front-to-Rear","Daylight","Clear","1","0"
"40","400347","2015","8","5","4","Urban","Front-to-Rear","Dark - Lighted","Clear","1","0"
"40","400103","2015","3","7","12","Urban","Front-to-Rear","Daylight","Clear","1","0"
"40","400584","2015","12","5","23","Urban","Front-to-Rear","Dark - Not Lighted","Clear","1","0"
"40","400242","2015","6","3","9","Urban","Front-to-Rear","Daylight","Clear","1","0"
"22","220617","2015","12","7","23","Urban","Front-to-Rear","Dark - Not Lighted","Clear","1","0"
"22","220378","2015","8","2","1","Urban","Front-to-Rear","Dark - Lighted","Clear","1","1"
"22","220218","2015","4","4","7","Urban","Front-to-Rear","Daylight","Clear","1","0"
"22","220680","2015","11","7","2","Urban","Front-to-Rear","Dark - Lighted","Clear","3","1"
"22","220197","2015","5","6","3","Urban","Front-to-Rear","Dark - Lighted","Clear","1","1"
"22","220139","2015","3","5","23","Urban","Front-to-Rear","Dark - Lighted","Clear","1","1"
"22","220274","2015","6","1","11","Urban","Front-to-Rear","Daylight","Clear","2","0"
"47","470517","2015","8","7","15","Urban","Front-to-Rear","Daylight","Clear","1","0"
"47","470354","2015","4","6","4","Urban","Front-to-Rear","Dark - Not Lighted","Clear","1","0"
"47","470175","2015","4","1","3","Urban","Front-to-Rear","Dark - Not Lighted","Clear","2","1"
"47","470855","2015","12","4","16","Urban","Front-to-Rear","Daylight","Clear","1","0"
"55","550447","2015","10","2","21","Urban","Front-to-Rear","Dark - Lighted","Clear","1","1"
"34","340136","2015","5","6","23","Urban","Front-to-Rear","Dark - Not Lighted","Clear","2","0"
"34","340321","2015","8","3","10","Urban","Front-to-Rear","Daylight","Clear","1","0"
"53","530388","2015","9","3","5","Urban","Front-to-Rear","Dark - Lighted","Clear","1","0"
"53","530419","2015","10","6","12","Urban","Front-to-Rear","Daylight","Clear","2","0"
"53","530125","2015","5","6","13","Urban","Front-to-Rear","Daylight","Clear","1","0"
"53","530214","2015","7","7","5","Urban","Front-to-Rear","Dawn","Clear","1","0"
"9","90096","2015","7","7","2","Urban","Front-to-Rear","Dark - Lighted","Clear","1","1"
"28","280252","2015","6","4","13","Urban","Front-to-Rear","Daylight","Clear","1","0"
"28","280342","2015","8","5","12","Urban","Front-to-Rear","Daylight","Clear","1","0"
"28","280012","2015","1","6","18","Urban","Front-to-Rear","Dark - Not Lighted","Clear","1","0"
"28","280531","2015","12","4","10","Urban","Front-to-Rear","Daylight","Clear","1","0"
"28","280410","2015","9","5","2","Urban","Front-to-Rear","Dark - Lighted","Clear","1","0"
"28","280551","2015","12","6","20","Urban","Front-to-Rear","Dark - Not Lighted","Clear","1","0"
"42","421037","2015","11","2","5","Urban","Front-to-Rear","Dark - Not Lighted","Clear","3","0"
"42","420595","2015","8","6","15","Urban","Front-to-Rear","Daylight","Clear","1","0"
"42","420931","2015","11","6","0","Urban","Front-to-Rear","Dark - Not Lighted","Clear","1","0"
"42","421050","2015","11","6","5","Urban","Front-to-Rear","Dark - Not Lighted","Clear","1","0"
"44","440018","2015","7","6","13","Urban","Front-to-Rear","Daylight","Clear","1","0"
"25","250060","2015","6","5","23","Urban","Front-to-Rear","Dark - Not Lighted","Clear","1","1"
"25","250135","2015","9","3","6","Urban","Front-to-Rear","Dawn","Clear","1","0"
"25","250118","2015","7","2","15","Urban","Front-to-Rear","Daylight","Clear","1","0"
"33","330043","2015","7","2","15","Urban","Front-to-Rear","Daylight","Clear","1","0"
"54","540130","2015","7","6","3","Urban","Front-to-Rear","Dark - Not Lighted","Clear","1","1"
"37","370820","2015","8","3","20","Urban","Front-to-Rear","Dusk","Clear","1","0"
"37","370056","2015","1","2","0","Urban","Front-to-Rear","Dark - Not Lighted","Clear","1","1"
"37","371159","2015","11","2","22","Urban","Front-to-Rear","Dark - Not Lighted","Clear","1","2"
"37","370111","2015","2","6","6","Urban","Front-to-Rear","Daylight","Clear","1","0"
"45","450578","2015","8","1","21","Urban","Front-to-Rear","Dark - Not Lighted","Clear","1","0"
"45","450826","2015","12","6","13","Urban","Front-to-Rear","Daylight","Clear","1","0"
"45","450571","2015","9","3","2","Urban","Front-to-Rear","Dark - Not Lighted","Clear","1","1"
"45","450705","2015","10","1","18","Urban","Front-to-Rear","Dark - Not Lighted","Clear","1","1"
"12","121131","2015","6","1","21","Urban","Front-to-Rear","Dark - Not Lighted","Clear","1","0"
"48","482158","2015","9","2","5","Urban","Front-to-Rear","Dark - Lighted","Clear","1","0"
"48","481934","2015","8","2","6","Urban","Front-to-Rear","Dark - Not Lighted","Clear","1","0"
"19","190163","2015","8","6","10","Urban","Front-to-Front","Daylight","Clear","1","0"
"48","482934","2015","12","2","1","Urban","Front-to-Front","Dark - Lighted","Clear","1","1"
"48","481912","2015","8","4","2","Urban","Front-to-Front","Dark - Lighted","Clear","1","1"
"48","481392","2015","6","1","2","Urban","Front-to-Front","Dark - Lighted","Clear","1","1"
"48","480204","2015","1","2","23","Urban","Front-to-Front","Dark - Not Lighted","Clear","1","1"
"48","480117","2015","1","1","4","Urban","Front-to-Front","Dark - Lighted","Clear","1","1"
"48","482146","2015","9","2","20","Urban","Front-to-Front","Dark - Lighted","Clear","1","1"
"48","481546","2015","7","6","2","Urban","Front-to-Front","Dark - Lighted","Clear","1","0"
"48","482174","2015","9","2","3","Urban","Front-to-Front","Dark - Not Lighted","Clear","1","0"
"48","481233","2015","6","1","1","Urban","Front-to-Front","Dark - Lighted","Clear","1","0"
"1","10673","2015","12","4","0","Urban","Front-to-Front","Dark - Not Lighted","Clear","1","1"
"4","40694","2015","11","4","1","Urban","Front-to-Front","Dark - Lighted","Clear","1","1"
"12","120520","2015","4","5","22","Urban","Front-to-Front","Dark - Lighted","Clear","1","1"
"13","130602","2015","6","1","5","Urban","Front-to-Front","Dark - Lighted","Clear","3","1"
"13","131222","2015","12","1","19","Urban","Front-to-Front","Dark - Lighted","Clear","1","0"
"5","50273","2015","8","4","2","Urban","Front-to-Front","Dark - Not Lighted","Clear","3","1"
"5","50202","2015","6","1","5","Urban","Front-to-Front","Daylight","Clear","1","1"
"5","50447","2015","11","5","18","Urban","Front-to-Front","Dark - Not Lighted","Clear","1","1"
"21","210267","2015","6","1","6","Urban","Front-to-Front","Daylight","Clear","1","1"
"24","240444","2015","12","6","13","Urban","Front-to-Front","Daylight","Clear","2","0"