"state_number","consecutive_number","year_of_crash","month_of_crash","day_of_week","hour_of_crash","land_use_name","manner_of_collision_name","light_condition_name","atmospheric_conditions_name","number_of_fatalities","number_of_drunk_drivers"
"18","180683","2015","9","1","15","Rural","Angle","Daylight","Clear","2","1"
"18","180467","2015","8","6","18","Rural","Angle","Daylight","Clear","1","0"
"5","50108","2015","3","5","23","Rural","Angle","Dark - Not Lighted","Clear","1","0"
"5","50185","2015","6","7","11","Rural","Angle","Daylight","Clear","1","0"
"5","50301","2015","8","3","18","Rural","Angle","Daylight","Clear","1","0"
"17","170448","2015","7","5","14","Rural","Angle","Daylight","Clear","1","0"
"21","210601","2015","11","5","18","Rural","Angle","Dark - Unknown Lighting","Clear","1","0"
"21","210624","2015","11","6","7","Rural","Angle","Daylight","Clear","1","0"
"21","210486","2015","8","3","9","Rural","Angle","Daylight","Clear","1","0"
"31","310198","2015","12","5","15","Rural","Angle","Daylight","Clear","1","0"
"40","400020","2015","1","5","18","Rural","Angle","Dark - Not Lighted","Clear","1","0"
"40","400449","2015","10","4","13","Rural","Angle","Daylight","Clear","1","1"
"40","400061","2015","2","3","10","Rural","Angle","Daylight","Clear","1","0"
"22","220501","2015","10","2","12","Rural","Angle","Daylight","Clear","1","0"
"47","470575","2015","8","7","12","Rural","Angle","Daylight","Clear","1","0"
"47","470891","2015","12","7","17","Rural","Angle","Dusk","Clear","1","0"
"47","470425","2015","6","1","14","Rural","Angle","Daylight","Clear","1","1"
"9","90233","2015","9","4","19","Rural","Angle","Dusk","Clear","1","0"
"28","280502","2015","11","6","8","Rural","Angle","Daylight","Clear","1","0"
"28","280261","2015","7","4","22","Rural","Angle","Dark - Not Lighted","Clear","1","0"
"28","280469","2015","10","7","14","Rural","Angle","Daylight","Clear","1","1"
"42","420310","2015","5","6","18","Rural","Angle","Daylight","Clear","1","1"
"37","371128","2015","11","3","13","Rural","Angle","Daylight","Clear","1","0"
"37","371088","2015","11","7","18","Rural","Angle","Dark - Not Lighted","Clear","1","1"
"19","190138","2015","7","7","15","Rural","Angle","Daylight","Clear","1","0"
"19","190119","2015","6","6","23","Rural","Angle","Dark - Not Lighted","Clear","1","1"
"19","190124","2015","7","3","13","Rural","Angle","Daylight","Clear","1","0"
"39","390124","2015","2","6","17","Rural","Angle","Daylight","Clear","2","1"
"39","390902","2015","11","4","8","Rural","Angle","Daylight","Clear","1","0"
"39","390359","2015","6","7","20","Rural","Angle","Daylight","Clear","1","0"
"49","490218","2015","11","5","18","Rural","Angle","Dark - Lighted","Clear","1","0"
"16","160164","2015","11","6","10","Rural","Angle","Daylight","Clear","1","0"
"23","230009","2015","1","6","16","Rural","Angle","Daylight","Clear","1","0"
"23","230078","2015","8","6","21","Rural","Angle","Dark - Not Lighted","Clear","1","0"
"48","482925","2015","12","1","19","Rural","Angle","Dark - Not Lighted","Clear","1","0"
"48","480710","2015","4","2","17","Rural","Angle","Daylight","Clear","1","0"
"48","481532","2015","7","7","0","Rural","Angle","Dark - Not Lighted","Clear","1","1"
"48","480309","2015","2","5","10","Rural","Angle","Daylight","Clear","1","0"
"48","480787","2015","4","2","18","Rural","Angle","Daylight","Clear","1","0"
"48","480718","2015","4","2","11","Rural","Angle","Daylight","Clear","1","0"
"48","481328","2015","6","2","12","Rural","Angle","Daylight","Clear","1","0"
"48","480654","2015","3","3","15","Rural","Angle","Daylight","Clear","1","0"
"48","480721","2015","4","3","12","Rural","Angle","Daylight","Clear","1","0"
"48","481810","2015","8","5","14","Rural","Angle","Daylight","Clear","1","1"
"48","480760","2015","4","4","8","Rural","Angle","Daylight","Clear","1","0"
"48","481557","2015","7","6","11","Rural","Angle","Daylight","Clear","1","0"
"48","481527","2015","7","6","17","Rural","Angle","Daylight","Clear","1","0"
"48","481210","2015","6","5","20","Rural","Angle","Dark - Not Lighted","Clear","2","1"
"48","483167","2015","12","4","19","Rural","Angle","Dark - Not Lighted","Clear","1","0"
"20","200236","2015","9","3","19","Rural","Angle","Daylight","Clear","2","0"
"41","410111","2015","5","1","15","Rural","Angle","Daylight","Clear","1","0"
"1","10241","2015","5","2","12","Rural","Angle","Daylight","Clear","1","0"
"1","10741","2015","10","6","15","Rural","Angle","Daylight","Clear","1","1"
"4","40684","2015","11","3","19","Rural","Angle","Dark - Not Lighted","Clear","1","0"
"12","121533","2015","7","3","15","Rural","Angle","Daylight","Clear","1","0"
"13","130182","2015","2","6","13","Rural","Angle","Daylight","Clear","2","0"
"13","131089","2015","10","7","19","Rural","Angle","Dark - Not Lighted","Clear","1","0"
"13","130785","2015","8","7","2","Rural","Angle","Dark - Not Lighted","Clear","1","0"
"13","130748","2015","8","3","13","Rural","Angle","Daylight","Clear","1","0"
"13","130563","2015","6","5","9","Rural","Angle","Daylight","Clear","2","0"
"13","130512","2015","5","5","6","Rural","Angle","Daylight","Clear","1","0"
"18","180468","2015","8","4","7","Rural","Angle","Daylight","Clear","1","0"
"18","180177","2015","4","5","11","Rural","Angle","Daylight","Clear","1","0"
"18","180610","2015","10","4","10","Rural","Angle","Daylight","Clear","1","0"
"18","180686","2015","11","4","6","Rural","Angle","Dawn","Clear","1","0"
"30","300140","2015","9","3","18","Rural","Angle","Daylight","Clear","1","0"
"30","300155","2015","10","2","8","Rural","Angle","Daylight","Clear","1","0"
"30","300112","2015","8","5","8","Rural","Angle","Daylight","Clear","1","0"
"5","50115","2015","4","6","20","Rural","Angle","Dark - Not Lighted","Clear","1","0"
"5","50375","2015","10","1","20","Rural","Angle","Dark - Not Lighted","Clear","1","0"
"5","50022","2015","1","5","13","Rural","Angle","Daylight","Clear","1","0"
"8","80471","2015","11","3","6","Rural","Angle","Dawn","Clear","1","0"
"8","80452","2015","11","6","6","Rural","Angle","Dawn","Clear","1","1"
"17","170361","2015","6","7","22","Rural","Angle","Dark - Not Lighted","Clear","1","1"
"17","170147","2015","4","7","5","Rural","Angle","Daylight","Clear","1","1"
"17","170349","2015","6","5","6","Rural","Angle","Daylight","Clear","1","0"
"17","170280","2015","6","7","14","Rural","Angle","Daylight","Clear","1","0"
"17","170346","2015","6","3","17","Rural","Angle","Daylight","Clear","1","0"
"21","210633","2015","12","3","17","Rural","Angle","Daylight","Clear","1","0"
"21","210332","2015","7","1","13","Rural","Angle","Daylight","Clear","1","0"
"21","210151","2015","3","7","12","Rural","Angle","Daylight","Clear","3","0"
"24","240206","2015","7","4","20","Rural","Angle","Dusk","Clear","1","0"
"24","240292","2015","4","4","14","Rural","Angle","Daylight","Clear","1","0"
"24","240305","2015","9","6","20","Rural","Angle","Dark - Lighted","Clear","1","1"
"26","260083","2015","3","6","13","Rural","Angle","Daylight","Clear","1","0"
"26","260480","2015","8","3","11","Rural","Angle","Daylight","Clear","1","0"
"26","260870","2015","12","6","22","Rural","Angle","Dark - Not Lighted","Clear","1","1"
"26","260119","2015","3","6","14","Rural","Angle","Daylight","Clear","1","0"
"26","260128","2015","4","4","11","Rural","Angle","Daylight","Clear","1","0"
"26","260612","2015","9","5","8","Rural","Angle","Daylight","Clear","1","0"
"29","290818","2015","12","2","20","Rural","Angle","Dark - Not Lighted","Clear","1","0"
"29","290032","2015","1","7","16","Rural","Angle","Daylight","Clear","1","0"
"29","290691","2015","10","2","15","Rural","Angle","Daylight","Clear","1","0"
"29","290063","2015","2","1","21","Rural","Angle","Dark - Not Lighted","Clear","1","1"
"31","310034","2015","3","1","8","Rural","Angle","Daylight","Clear","1","0"
"31","310036","2015","3","2","8","Rural","Angle","Daylight","Clear","1","0"
"31","310193","2015","11","4","19","Rural","Angle","Dark - Not Lighted","Clear","1","1"
"36","360538","2015","8","7","13","Rural","Angle","Daylight","Clear","1","0"
"36","360856","2015","8","4","16","Rural","Angle","Daylight","Clear","1","0"
"36","360367","2015","5","1","18","Rural","Angle","Daylight","Clear","1","0"
"36","360795","2015","10","2","8","Rural","Angle","Daylight","Clear","1","0"
"36","360827","2015","10","7","10","Rural","Angle","Daylight","Clear","1","0"
"36","360230","2015","4","4","19","Rural","Angle","Dusk","Clear","1","0"
"36","361050","2015","11","4","8","Rural","Angle","Daylight","Clear","2","0"
"40","400474","2015","11","5","18","Rural","Angle","Dark - Not Lighted","Clear","1","0"
"40","400595","2015","8","4","20","Rural","Angle","Non documente","Clear","1","1"
"40","400175","2015","5","1","17","Rural","Angle","Daylight","Clear","1","0"
"22","220719","2015","12","3","6","Rural","Angle","Dawn","Clear","1","0"
"22","220483","2015","9","4","17","Rural","Angle","Daylight","Clear","1","0"
"22","220110","2015","3","1","5","Rural","Angle","Dark - Lighted","Clear","1","1"
"22","220351","2015","7","5","22","Rural","Angle","Dark - Not Lighted","Clear","1","1"
"27","270197","2015","7","1","16","Rural","Angle","Daylight","Clear","2","1"
"27","270066","2015","4","7","17","Rural","Angle","Daylight","Clear","1","0"
"27","270089","2015","4","5","16","Rural","Angle","Daylight","Clear","1","0"
"27","270199","2015","7","1","16","Rural","Angle","Daylight","Clear","1","0"
"27","270011","2015","1","7","21","Rural","Angle","Dark - Lighted","Clear","1","2"
"27","270277","2015","10","5","7","Rural","Angle","Daylight","Clear","1","0"
"27","270186","2015","7","7","22","Rural","Angle","Dark - Not Lighted","Clear","1","0"
"27","270263","2015","9","2","12","Rural","Angle","Daylight","Clear","2","0"
"27","270091","2015","4","6","6","Rural","Angle","Dawn","Clear","1","0"
"27","270154","2015","6","5","15","Rural","Angle","Daylight","Clear","1","0"
"47","470327","2015","6","5","18","Rural","Angle","Daylight","Clear","1","0"
"47","470703","2015","10","5","9","Rural","Angle","Daylight","Clear","2","0"
"47","470488","2015","8","7","15","Rural","Angle","Daylight","Clear","1","0"
"47","470298","2015","5","6","11","Rural","Angle","Daylight","Clear","1","0"
"47","470631","2015","9","5","17","Rural","Angle","Daylight","Clear","1","0"
"47","470069","2015","2","2","11","Rural","Angle","Daylight","Clear","1","0"
"47","470379","2015","6","2","17","Rural","Angle","Daylight","Clear","1","0"
"47","470169","2015","3","3","21","Rural","Angle","Dark - Not Lighted","Clear","1","0"
"55","550109","2015","4","3","7","Rural","Angle","Daylight","Clear","1","0"
"55","550252","2015","7","5","19","Rural","Angle","Daylight","Clear","1","0"
"55","550387","2015","11","5","8","Rural","Angle","Daylight","Clear","1","0"
"55","550089","2015","3","1","15","Rural","Angle","Daylight","Clear","1","0"
"55","550192","2015","6","6","15","Rural","Angle","Daylight","Clear","1","0"
"55","550202","2015","6","3","11","Rural","Angle","Daylight","Clear","1","0"
"53","530403","2015","10","7","5","Rural","Angle","Dark - Not Lighted","Clear","1","0"
"9","90198","2015","4","1","16","Rural","Angle","Daylight","Clear","1","0"
"28","280466","2015","10","6","19","Rural","Angle","Dark - Not Lighted","Clear","1","0"
"28","280296","2015","7","3","15","Rural","Angle","Daylight","Clear","1","0"
"28","280557","2015","12","6","11","Rural","Angle","Daylight","Clear","1","0"
"28","280385","2015","9","7","20","Rural","Angle","Dark - Lighted","Clear","1","0"
"28","280498","2015","11","4","14","Rural","Angle","Daylight","Clear","2","0"
"28","280295","2015","7","2","7","Rural","Angle","Daylight","Clear","1","0"
"42","421035","2015","11","1","11","Rural","Angle","Daylight","Clear","1","0"
"42","420842","2015","9","7","17","Rural","Angle","Daylight","Clear","1","1"
"42","420005","2015","1","7","19","Rural","Angle","Dark - Not Lighted","Clear","1","0"
"42","420252","2015","5","7","6","Rural","Angle","Dawn","Clear","1","0"
"42","421099","2015","12","3","15","Rural","Angle","Daylight","Clear","1","0"
"42","420797","2015","7","2","11","Rural","Angle","Daylight","Clear","1","0"
"42","420467","2015","7","3","18","Rural","Angle","Daylight","Clear","1","0"
"42","420213","2015","4","6","23","Rural","Angle","Dark - Not Lighted","Clear","1","0"
"44","440026","2015","8","5","16","Rural","Angle","Daylight","Clear","1","0"
"46","460010","2015","3","3","7","Rural","Angle","Dawn","Clear","1","0"
"37","370519","2015","6","7","14","Rural","Angle","Daylight","Clear","1","0"
"45","450645","2015","10","4","16","Rural","Angle","Daylight","Clear","1","0"
"45","450520","2015","8","7","18","Rural","Angle","Daylight","Clear","2","0"
"45","450200","2015","4","6","14","Rural","Angle","Daylight","Clear","1","0"
"45","450441","2015","7","1","21","Rural","Angle","Dark - Not Lighted","Clear","1","1"
"45","450324","2015","5","4","23","Rural","Angle","Dark - Not Lighted","Clear","1","0"
"45","450446","2015","7","2","14","Rural","Angle","Daylight","Clear","1","0"
"45","450122","2015","2","2","16","Rural","Angle","Daylight","Clear","1","0"
"45","450092","2015","2","6","14","Rural","Angle","Daylight","Clear","1","0"
"45","450034","2015","1","2","14","Rural","Angle","Daylight","Clear","1","0"
"45","450062","2015","2","3","8","Rural","Angle","Daylight","Clear","1","0"
"45","450066","2015","2","1","18","Rural","Angle","Dark - Not Lighted","Clear","1","0"
"41","410056","2015","1","7","22","Rural","Angle","Dark - Not Lighted","Clear","1","1"
"1","10321","2015","6","4","17","Rural","Angle","Daylight","Clear","1","0"
"1","10209","2015","4","5","13","Rural","Angle","Daylight","Clear","1","0"
"18","180206","2015","5","7","18","Rural","Angle","Daylight","Clear","1","2"
"30","300012","2015","3","3","7","Rural","Angle","Dawn","Clear","1","0"
"26","260878","2015","12","4","19","Rural","Angle","Dark - Not Lighted","Clear","1","0"
"26","260280","2015","6","3","9","Rural","Angle","Daylight","Clear","1","0"
"26","260130","2015","4","6","1","Rural","Angle","Dark - Not Lighted","Clear","1","0"
"26","260253","2015","5","4","14","Rural","Angle","Daylight","Clear","1","0"
"31","310087","2015","5","6","15","Rural","Angle","Daylight","Clear","1","0"
"36","360263","2015","1","4","9","Rural","Angle","Daylight","Clear","1","0"
"53","530217","2015","7","7","4","Rural","Angle","Dawn","Clear","1","0"
"18","180662","2015","9","5","21","Rural","Angle","Dark - Not Lighted","Clear","1","0"
"17","170637","2015","9","1","15","Rural","Angle","Daylight","Clear","1","0"
"17","170475","2015","8","1","17","Rural","Angle","Daylight","Clear","1","0"
"36","360555","2015","7","7","17","Rural","Angle","Daylight","Clear","1","1"
"20","200316","2015","12","5","8","Rural","Angle","Daylight","Clear","1","0"
"20","200044","2015","3","7","15","Rural","Angle","Daylight","Clear","1","0"
"36","360293","2015","5","7","17","Rural","Angle","Daylight","Clear","2","1"
"48","480894","2015","4","5","23","Rural","Angle","Dark - Not Lighted","Clear","2","0"
"39","390493","2015","7","7","16","Rural","Sideswipe - Same Direction","Daylight","Clear","1","1"
"17","170677","2015","9","7","15","Rural","Sideswipe - Same Direction","Daylight","Clear","1","1"
"34","340441","2015","11","7","13","Rural","Other (End-Swipes and Others)","Daylight","Clear","1","0"
"39","390754","2015","9","5","7","Rural","Not Collision with Motor Vehicle in Transport (Not Necessarily in Transport for 2005-2009)","Dawn","Clear","1","0"
"12","120032","2015","1","3","17","Rural","Not Collision with Motor Vehicle in Transport (Not Necessarily in Transport for 2005-2009)","Dark - Not Lighted","Clear","2","1"
"13","130330","2015","4","3","11","Rural","Not Collision with Motor Vehicle in Transport (Not Necessarily in Transport for 2005-2009)","Daylight","Clear","1","1"
"29","290065","2015","2","3","9","Rural","Not Collision with Motor Vehicle in Transport (Not Necessarily in Transport for 2005-2009)","Daylight","Clear","1","0"
"48","483035","2015","12","2","20","Rural","Not Collision with Motor Vehicle in Transport (Not Necessarily in Transport for 2005-2009)","Dark - Not Lighted","Clear","1","0"
"8","80201","2015","6","6","20","Rural","Not Collision with Motor Vehicle in Transport (Not Necessarily in Transport for 2005-2009)","Dusk","Clear","1","2"
"8","80109","2015","4","7","12","Rural","Not Collision with Motor Vehicle in Transport (Not Necessarily in Transport for 2005-2009)","Daylight","Clear","1","1"
"17","170651","2015","9","4","7","Rural","Not Collision with Motor Vehicle in Transport (Not Necessarily in Transport for 2005-2009)","Daylight","Clear","1","0"
"17","170328","2015","6","2","19","Rural","Not Collision with Motor Vehicle in Transport (Not Necessarily in Transport for 2005-2009)","Daylight","Clear","1","0"
"29","290601","2015","10","2","15","Rural","Not Collision with Motor Vehicle in Transport (Not Necessarily in Transport for 2005-2009)","Daylight","Clear","2","0"
"36","360731","2015","10","2","20","Rural","Not Collision with Motor Vehicle in Transport (Not Necessarily in Transport for 2005-2009)","Dark - Not Lighted","Clear","1","0"
"40","400036","2015","1","2","16","Rural","Not Collision with Motor Vehicle in Transport (Not Necessarily in Transport for 2005-2009)","Daylight","Clear","1","0"
"22","220466","2015","9","4","10","Rural","Not Collision with Motor Vehicle in Transport (Not Necessarily in Transport for 2005-2009)","Daylight","Clear","2","0"
"22","220105","2015","3","6","2","Rural","Not Collision with Motor Vehicle in Transport (Not Necessarily in Transport for 2005-2009)","Dark - Not Lighted","Clear","1","1"
"47","470140","2015","3","1","18","Rural","Not Collision with Motor Vehicle in Transport (Not Necessarily in Transport for 2005-2009)","Dusk","Clear","1","0"
"55","550384","2015","9","4","19","Rural","Not Collision with Motor Vehicle in Transport (Not Necessarily in Transport for 2005-2009)","Dark - Not Lighted","Clear","1","0"
"42","420440","2015","6","2","13","Rural","Not Collision with Motor Vehicle in Transport (Not Necessarily in Transport for 2005-2009)","Daylight","Clear","1","0"
"45","450876","2015","12","6","21","Rural","Not Collision with Motor Vehicle in Transport (Not Necessarily in Transport for 2005-2009)","Dark - Not Lighted","Clear","1","1"
"15","150050","2015","7","6","5","Rural","Not Collision with Motor Vehicle in Transport (Not Necessarily in Transport for 2005-2009)","Dawn","Clear","1","0"
"26","260908","2015","12","1","17","Rural","Not Collision with Motor Vehicle in Transport (Not Necessarily in Transport for 2005-2009)","Dark - Not Lighted","Clear","1","0"
"48","482391","2015","10","4","7","Rural","Not Collision with Motor Vehicle in Transport (Not Necessarily in Transport for 2005-2009)","Daylight","Clear","1","0"
"19","190086","2015","2","7","0","Rural","Front-to-Rear","Dark - Not Lighted","Clear","1","1"
"39","390598","2015","6","1","12","Rural","Front-to-Rear","Daylight","Clear","1","0"
"48","481771","2015","7","5","17","Rural","Front-to-Rear","Daylight","Clear","1","0"
"13","130112","2015","2","6","21","Rural","Front-to-Rear","Dark - Not Lighted","Clear","1","1"
"18","180371","2015","7","6","17","Rural","Front-to-Rear","Daylight","Clear","1","0"
"31","310043","2015","3","2","6","Rural","Front-to-Rear","Dark - Not Lighted","Clear","1","0"
"40","400232","2015","6","5","7","Rural","Front-to-Rear","Daylight","Clear","1","0"
"40","400391","2015","9","2","19","Rural","Front-to-Rear","Dark - Lighted","Clear","1","0"
"37","371216","2015","12","6","11","Rural","Front-to-Rear","Daylight","Clear","1","0"
"45","450640","2015","10","4","5","Rural","Front-to-Rear","Dark - Unknown Lighting","Clear","1","0"
"45","450260","2015","3","7","1","Rural","Front-to-Rear","Dark - Not Lighted","Clear","1","2"
"23","230048","2015","7","5","11","Rural","Front-to-Rear","Daylight","Clear","1","0"
"13","130711","2015","7","6","6","Rural","Front-to-Rear","Dark - Not Lighted","Clear","1","1"
"18","180595","2015","10","5","12","Rural","Front-to-Rear","Daylight","Clear","1","0"
"17","170619","2015","9","1","21","Rural","Front-to-Rear","Dark - Lighted","Clear","1","0"
"22","220580","2015","11","1","12","Rural","Front-to-Rear","Daylight","Clear","1","0"
"22","220510","2015","10","7","23","Rural","Front-to-Rear","Dark - Not Lighted","Clear","1","1"
"27","270115","2015","5","4","21","Rural","Front-to-Rear","Dusk","Clear","1","1"
"55","550085","2015","3","3","7","Rural","Front-to-Rear","Daylight","Clear","1","0"
"28","280233","2015","6","5","11","Rural","Front-to-Rear","Daylight","Clear","1","0"
"28","280508","2015","11","5","12","Rural","Front-to-Rear","Daylight","Clear","1","0"
"28","280054","2015","2","1","17","Rural","Front-to-Rear","Dusk","Clear","1","0"
"42","420733","2015","1","6","19","Rural","Front-to-Rear","Dark - Not Lighted","Clear","1","0"
"42","420841","2015","9","2","7","Rural","Front-to-Rear","Daylight","Clear","1","0"
"46","460073","2015","8","2","10","Rural","Front-to-Rear","Daylight","Clear","1","0"
"37","370995","2015","10","7","22","Rural","Front-to-Rear","Dark - Not Lighted","Clear","1","1"
"37","371079","2015","11","6","13","Rural","Front-to-Rear","Daylight","Clear","1","1"
"45","450781","2015","11","3","17","Rural","Front-to-Rear","Dusk","Clear","1","0"
"45","450823","2015","11","7","18","Rural","Front-to-Rear","Dusk","Clear","1","1"
"45","450765","2015","11","6","10","Rural","Front-to-Rear","Daylight","Clear","1","0"
"45","450346","2015","6","7","21","Rural","Front-to-Rear","Daylight","Clear","1","1"
"45","450195","2015","4","5","19","Rural","Front-to-Rear","Dark - Not Lighted","Clear","1","0"
"1","10065","2015","1","7","10","Rural","Front-to-Rear","Daylight","Clear","1","0"
"26","260608","2015","8","3","14","Rural","Front-to-Rear","Daylight","Clear","1","0"
"37","370428","2015","5","6","23","Rural","Front-to-Rear","Dark - Not Lighted","Clear","1","1"
"18","180488","2015","8","7","1","Rural","Front-to-Rear","Dark - Not Lighted","Clear","1","0"
"39","391036","2015","12","3","4","Rural","Front-to-Front","Dark - Not Lighted","Clear","2","1"
"39","390015","2015","1","3","10","Rural","Front-to-Front","Daylight","Clear","1","0"
"39","390684","2015","7","5","11","Rural","Front-to-Front","Daylight","Clear","1","0"
"39","390158","2015","3","5","15","Rural","Front-to-Front","Daylight","Clear","1","0"
"39","390824","2015","10","3","8","Rural","Front-to-Front","Dawn","Clear","1","0"
"39","390593","2015","8","7","16","Rural","Front-to-Front","Daylight","Clear","1","0"
"48","481446","2015","6","1","20","Rural","Front-to-Front","Daylight","Clear","2","1"
"48","483055","2015","12","7","19","Rural","Front-to-Front","Dark - Not Lighted","Clear","3","0"
"48","480742","2015","4","7","7","Rural","Front-to-Front","Daylight","Clear","2","1"
"48","483187","2015","2","3","13","Rural","Front-to-Front","Daylight","Clear","3","0"
"48","482494","2015","10","1","11","Rural","Front-to-Front","Daylight","Clear","2","0"
"48","482077","2015","9","4","1","Rural","Front-to-Front","Dark - Lighted","Clear","3","0"
"48","483053","2015","12","6","20","Rural","Front-to-Front","Dark - Not Lighted","Clear","2","0"
"48","481773","2015","7","5","0","Rural","Front-to-Front","Dark - Not Lighted","Clear","1","0"
"48","482127","2015","9","4","20","Rural","Front-to-Front","Dark - Not Lighted","Clear","1","0"
"48","480106","2015","1","6","9","Rural","Front-to-Front","Daylight","Clear","1","0"
"48","480238","2015","2","3","7","Rural","Front-to-Front","Daylight","Clear","1","0"
"48","481396","2015","6","2","12","Rural","Front-to-Front","Daylight","Clear","1","0"
"48","481540","2015","7","3","21","Rural","Front-to-Front","Dark - Not Lighted","Clear","1","1"
"48","481802","2015","8","3","13","Rural","Front-to-Front","Daylight","Clear","1","0"
"48","481175","2015","5","1","14","Rural","Front-to-Front","Daylight","Clear","1","1"
"32","320009","2015","3","1","23","Rural","Front-to-Front","Dark - Not Lighted","Clear","1","0"
"1","10744","2015","10","1","18","Rural","Front-to-Front","Daylight","Clear","1","0"
"1","10290","2015","6","4","16","Rural","Front-to-Front","Daylight","Clear","2","0"
"12","120005","2015","1","5","1","Rural","Front-to-Front","Dark - Not Lighted","Clear","3","1"
"13","130111","2015","2","5","7","Rural","Front-to-Front","Daylight","Clear","1","0"
"13","130681","2015","7","3","12","Rural","Front-to-Front","Daylight","Clear","1","0"
"18","180615","2015","10","2","3","Rural","Front-to-Front","Dark - Not Lighted","Clear","1","0"
"30","300107","2015","6","6","18","Rural","Front-to-Front","Daylight","Clear","1","0"
"5","50109","2015","3","7","1","Rural","Front-to-Front","Dark - Not Lighted","Clear","1","2"
"5","50038","2015","2","5","11","Rural","Front-to-Front","Daylight","Clear","1","0"
"5","50186","2015","6","7","16","Rural","Front-to-Front","Daylight","Clear","1","0"
"5","50206","2015","6","2","18","Rural","Front-to-Front","Daylight","Clear","1","0"
"8","80258","2015","7","5","17","Rural","Front-to-Front","Daylight","Clear","1","1"
"17","170324","2015","6","7","14","Rural","Front-to-Front","Daylight","Clear","1","0"
"21","210037","2015","1","7","19","Rural","Front-to-Front","Dark - Not Lighted","Clear","2","1"
"21","210325","2015","7","5","9","Rural","Front-to-Front","Daylight","Clear","1","0"
"21","210229","2015","5","3","17","Rural","Front-to-Front","Daylight","Clear","1","1"
"26","260415","2015","7","7","6","Rural","Front-to-Front","Daylight","Clear","1","0"
"29","290377","2015","7","7","1","Rural","Front-to-Front","Dark - Not Lighted","Clear","1","1"
"29","290164","2015","4","5","9","Rural","Front-to-Front","Daylight","Clear","1","0"
"40","400335","2015","8","5","5","Rural","Front-to-Front","Dark - Not Lighted","Clear","1","0"
"40","400440","2015","10","6","6","Rural","Front-to-Front","Dark - Not Lighted","Clear","1","0"
"40","400395","2015","9","1","15","Rural","Front-to-Front","Daylight","Clear","1","0"
"22","220640","2015","12","3","17","Rural","Front-to-Front","Dark - Not Lighted","Clear","1","0"
"22","220588","2015","11","7","19","Rural","Front-to-Front","Dark - Not Lighted","Clear","2","0"
"22","220001","2015","1","1","17","Rural","Front-to-Front","Daylight","Clear","4","0"
"47","470377","2015","6","6","12","Rural","Front-to-Front","Daylight","Clear","1","0"
"47","470572","2015","6","7","23","Rural","Front-to-Front","Dark - Not Lighted","Clear","1","1"
"47","470005","2015","1","2","7","Rural","Front-to-Front","Daylight","Clear","1","0"
"47","470056","2015","2","5","7","Rural","Front-to-Front","Dark - Not Lighted","Clear","1","1"
"35","350098","2015","6","6","15","Rural","Front-to-Front","Daylight","Clear","1","2"
"28","280276","2015","7","4","16","Rural","Front-to-Front","Daylight","Clear","1","0"
"42","420572","2015","7","5","15","Rural","Front-to-Front","Daylight","Clear","1","0"
"42","420255","2015","5","1","10","Rural","Front-to-Front","Daylight","Clear","1","0"
"54","540080","2015","5","6","8","Rural","Front-to-Front","Daylight","Clear","1","0"
"45","450094","2015","2","7","5","Rural","Front-to-Front","Dark - Unknown Lighting","Clear","1","1"
"19","190237","2015","9","1","21","Rural","Front-to-Front","Dark - Not Lighted","Clear","3","0"
"19","190188","2015","9","5","13","Rural","Front-to-Front","Daylight","Clear","2","0"
"39","390147","2015","3","7","10","Rural","Front-to-Front","Daylight","Clear","1","0"
"39","390019","2015","1","3","13","Rural","Front-to-Front","Daylight","Clear","1","0"
"39","390666","2015","8","2","12","Rural","Front-to-Front","Daylight","Clear","2","0"
"39","390116","2015","2","3","11","Rural","Front-to-Front","Daylight","Clear","1","0"
"39","390059","2015","2","5","8","Rural","Front-to-Front","Daylight","Clear","1","0"
"39","390232","2015","4","6","12","Rural","Front-to-Front","Daylight","Clear","1","0"
"49","490032","2015","3","4","5","Rural","Front-to-Front","Dark - Not Lighted","Clear","1","0"
"16","160132","2015","7","1","11","Rural","Front-to-Front","Daylight","Clear","1","1"
"16","160148","2015","9","6","14","Rural","Front-to-Front","Daylight","Clear","1","0"
"23","230119","2015","12","1","13","Rural","Front-to-Front","Daylight","Clear","1","1"
"48","482605","2015","10","7","19","Rural","Front-to-Front","Dark - Not Lighted","Clear","2","0"
"48","482435","2015","10","5","9","Rural","Front-to-Front","Daylight","Clear","3","0"
"48","481169","2015","5","7","4","Rural","Front-to-Front","Dark - Not Lighted","Clear","1","1"
"48","483184","2015","10","7","16","Rural","Front-to-Front","Daylight","Clear","1","0"
"48","481711","2015","7","7","20","Rural","Front-to-Front","Dark - Not Lighted","Clear","1","0"
"48","482292","2015","10","7","8","Rural","Front-to-Front","Daylight","Clear","1","0"
"48","481815","2015","8","6","8","Rural","Front-to-Front","Daylight","Clear","1","0"
"48","481658","2015","7","7","10","Rural","Front-to-Front","Daylight","Clear","1","1"
"48","481821","2015","8","6","6","Rural","Front-to-Front","Dawn","Clear","1","0"
"48","481625","2015","7","2","20","Rural","Front-to-Front","Dusk","Clear","1","0"
"48","481206","2015","6","4","21","Rural","Front-to-Front","Dark - Not Lighted","Clear","1","0"
"48","481586","2015","7","4","5","Rural","Front-to-Front","Dark - Not Lighted","Clear","1","0"
"48","482253","2015","9","4","6","Rural","Front-to-Front","Dark - Not Lighted","Clear","2","0"
"48","481865","2015","8","3","13","Rural","Front-to-Front","Daylight","Clear","1","0"
"48","481491","2015","7","7","22","Rural","Front-to-Front","Dark - Not Lighted","Clear","1","0"
"48","481699","2015","7","3","21","Rural","Front-to-Front","Dark - Not Lighted","Clear","1","1"
"48","482884","2015","12","4","14","Rural","Front-to-Front","Daylight","Clear","1","0"
"48","482204","2015","9","2","11","Rural","Front-to-Front","Daylight","Clear","1","0"
"48","482293","2015","10","7","13","Rural","Front-to-Front","Daylight","Clear","3","0"
"48","481255","2015","5","7","17","Rural","Front-to-Front","Daylight","Clear","3","1"
"48","482739","2015","11","6","6","Rural","Front-to-Front","Dark - Not Lighted","Clear","2","0"
"48","481221","2015","6","7","0","Rural","Front-to-Front","Dark - Not Lighted","Clear","1","1"
"48","481678","2015","7","4","14","Rural","Front-to-Front","Daylight","Clear","1","0"
"32","320001","2015","1","5","18","Rural","Front-to-Front","Dark - Not Lighted","Clear","1","0"
"1","10030","2015","1","7","13","Rural","Front-to-Front","Daylight","Clear","5","0"
"1","10309","2015","6","6","5","Rural","Front-to-Front","Dawn","Clear","1","0"