"state_number","consecutive_number","year_of_crash","month_of_crash","day_of_week","hour_of_crash","land_use_name","manner_of_collision_name","light_condition_name","atmospheric_conditions_name","number_of_fatalities","number_of_drunk_drivers"
"1","10126","2015","3","5","12","Rural","Front-to-Front","Daylight","Clear","1","0"
"1","10773","2015","12","2","5","Rural","Front-to-Front","Dark - Not Lighted","Clear","1","0"
"1","10189","2015","4","1","10","Rural","Front-to-Front","Daylight","Clear","1","0"
"1","10213","2015","4","5","21","Rural","Front-to-Front","Dark - Not Lighted","Clear","2","0"
"1","10722","2015","10","7","15","Rural","Front-to-Front","Daylight","Clear","1","1"
"1","10150","2015","4","1","11","Rural","Front-to-Front","Daylight","Clear","1","0"
"1","10010","2015","1","2","18","Rural","Front-to-Front","Dark - Not Lighted","Clear","1","0"
"4","40027","2015","1","3","15","Rural","Front-to-Front","Daylight","Clear","1","1"
"4","40551","2015","8","5","14","Rural","Front-to-Front","Daylight","Clear","5","1"
"4","40498","2015","8","7","9","Rural","Front-to-Front","Daylight","Clear","1","0"
"4","40621","2015","9","4","16","Rural","Front-to-Front","Daylight","Clear","2","0"
"12","121324","2015","5","5","22","Rural","Front-to-Front","Dark - Not Lighted","Clear","1","1"
"13","130318","2015","4","6","8","Rural","Front-to-Front","Daylight","Clear","2","0"
"13","130560","2015","6","5","12","Rural","Front-to-Front","Daylight","Clear","1","0"
"13","130747","2015","8","3","19","Rural","Front-to-Front","Dark - Not Lighted","Clear","1","0"
"13","131240","2015","12","6","16","Rural","Front-to-Front","Daylight","Clear","1","0"
"13","130903","2015","9","3","14","Rural","Front-to-Front","Daylight","Clear","1","0"
"13","131041","2015","10","4","16","Rural","Front-to-Front","Daylight","Clear","1","0"
"13","130092","2015","1","7","16","Rural","Front-to-Front","Daylight","Clear","1","0"
"13","131069","2015","10","4","18","Rural","Front-to-Front","Daylight","Clear","1","0"
"13","130596","2015","6","7","9","Rural","Front-to-Front","Daylight","Clear","1","0"
"18","180148","2015","4","7","4","Rural","Front-to-Front","Dark - Not Lighted","Clear","3","1"
"18","180249","2015","5","1","17","Rural","Front-to-Front","Daylight","Clear","1","0"
"18","180105","2015","3","4","5","Rural","Front-to-Front","Dark - Not Lighted","Clear","1","0"
"30","300127","2015","9","7","8","Rural","Front-to-Front","Daylight","Clear","3","0"
"5","50411","2015","11","5","15","Rural","Front-to-Front","Daylight","Clear","1","0"
"5","50157","2015","5","6","16","Rural","Front-to-Front","Daylight","Clear","1","0"
"5","50455","2015","12","5","9","Rural","Front-to-Front","Daylight","Clear","1","0"
"5","50165","2015","5","3","15","Rural","Front-to-Front","Daylight","Clear","4","0"
"5","50483","2015","12","5","23","Rural","Front-to-Front","Dark - Not Lighted","Clear","1","0"
"5","50261","2015","7","1","15","Rural","Front-to-Front","Daylight","Clear","1","0"
"8","80266","2015","7","3","11","Rural","Front-to-Front","Daylight","Clear","1","0"
"8","80054","2015","2","3","19","Rural","Front-to-Front","Dark - Not Lighted","Clear","1","1"
"8","80023","2015","1","1","11","Rural","Front-to-Front","Daylight","Clear","2","0"
"17","170799","2015","12","3","17","Rural","Front-to-Front","Dusk","Clear","1","0"
"17","170084","2015","1","6","9","Rural","Front-to-Front","Daylight","Clear","1","0"
"17","170210","2015","4","6","20","Rural","Front-to-Front","Dark - Not Lighted","Clear","3","0"
"17","170315","2015","5","1","11","Rural","Front-to-Front","Daylight","Clear","2","0"
"17","170341","2015","6","5","13","Rural","Front-to-Front","Daylight","Clear","1","0"
"17","170038","2015","2","4","18","Rural","Front-to-Front","Dark - Not Lighted","Clear","2","1"
"17","170816","2015","11","2","17","Rural","Front-to-Front","Dusk","Clear","1","0"
"17","170321","2015","6","4","12","Rural","Front-to-Front","Daylight","Clear","1","0"
"17","170869","2015","12","5","6","Rural","Front-to-Front","Dark - Not Lighted","Clear","2","0"
"17","170116","2015","3","7","16","Rural","Front-to-Front","Daylight","Clear","1","0"
"17","170455","2015","2","5","17","Rural","Front-to-Front","Daylight","Clear","1","1"
"17","170110","2015","3","7","13","Rural","Front-to-Front","Daylight","Clear","1","0"
"17","170219","2015","5","4","10","Rural","Front-to-Front","Daylight","Clear","1","0"
"17","170809","2015","10","4","12","Rural","Front-to-Front","Daylight","Clear","1","0"
"17","170009","2015","1","7","22","Rural","Front-to-Front","Dark - Not Lighted","Clear","2","2"
"17","170856","2015","12","1","22","Rural","Front-to-Front","Dark - Not Lighted","Clear","1","0"
"21","210344","2015","7","7","12","Rural","Front-to-Front","Daylight","Clear","2","1"
"24","240215","2015","7","2","9","Rural","Front-to-Front","Daylight","Clear","1","0"
"26","260714","2015","10","1","19","Rural","Front-to-Front","Dark - Not Lighted","Clear","1","2"
"26","260657","2015","10","1","19","Rural","Front-to-Front","Daylight","Clear","1","1"
"29","290765","2015","12","2","17","Rural","Front-to-Front","Dark - Not Lighted","Clear","1","0"
"29","290339","2015","6","4","21","Rural","Front-to-Front","Dark - Not Lighted","Clear","1","1"
"29","290105","2015","3","2","14","Rural","Front-to-Front","Daylight","Clear","1","1"
"29","290092","2015","3","5","10","Rural","Front-to-Front","Daylight","Clear","2","0"
"29","290603","2015","10","4","15","Rural","Front-to-Front","Daylight","Clear","2","0"
"29","290192","2015","4","4","16","Rural","Front-to-Front","Daylight","Clear","1","0"
"29","290382","2015","7","6","15","Rural","Front-to-Front","Daylight","Clear","2","0"
"31","310031","2015","3","3","16","Rural","Front-to-Front","Daylight","Clear","1","0"
"31","310137","2015","8","6","15","Rural","Front-to-Front","Daylight","Clear","2","0"
"36","360756","2015","9","4","19","Rural","Front-to-Front","Dusk","Clear","3","1"
"36","360514","2015","8","1","13","Rural","Front-to-Front","Daylight","Clear","2","0"
"36","360296","2015","5","3","22","Rural","Front-to-Front","Dark - Not Lighted","Clear","1","1"
"40","400401","2015","9","2","18","Rural","Front-to-Front","Daylight","Clear","1","1"
"40","400165","2015","4","7","23","Rural","Front-to-Front","Dark - Not Lighted","Clear","1","1"
"40","400058","2015","2","5","19","Rural","Front-to-Front","Dark - Not Lighted","Clear","2","1"
"40","400594","2015","8","1","2","Rural","Front-to-Front","Dark - Not Lighted","Clear","1","1"
"40","400503","2015","11","4","21","Rural","Front-to-Front","Dark - Not Lighted","Clear","1","0"
"22","220687","2015","1","1","10","Rural","Front-to-Front","Daylight","Clear","1","0"
"22","220461","2015","9","7","9","Rural","Front-to-Front","Daylight","Clear","2","0"
"22","220414","2015","8","6","5","Rural","Front-to-Front","Dark - Not Lighted","Clear","1","0"
"22","220053","2015","2","3","7","Rural","Front-to-Front","Daylight","Clear","2","0"
"22","220689","2015","4","3","14","Rural","Front-to-Front","Daylight","Clear","1","0"
"22","220532","2015","10","3","20","Rural","Front-to-Front","Dark - Not Lighted","Clear","1","1"
"22","220479","2015","9","2","9","Rural","Front-to-Front","Daylight","Clear","1","0"
"27","270094","2015","4","3","8","Rural","Front-to-Front","Daylight","Clear","2","1"
"27","270187","2015","7","5","15","Rural","Front-to-Front","Daylight","Clear","1","1"
"27","270342","2015","11","2","5","Rural","Front-to-Front","Dark - Not Lighted","Clear","1","0"
"47","470089","2015","2","6","7","Rural","Front-to-Front","Daylight","Clear","1","1"
"47","470477","2015","7","5","7","Rural","Front-to-Front","Daylight","Clear","1","0"
"47","470008","2015","1","6","7","Rural","Front-to-Front","Daylight","Clear","2","0"
"47","470595","2015","9","6","20","Rural","Front-to-Front","Dark - Not Lighted","Clear","1","0"
"47","470861","2015","12","3","12","Rural","Front-to-Front","Daylight","Clear","1","0"
"47","470638","2015","9","7","19","Rural","Front-to-Front","Dark - Not Lighted","Clear","1","0"
"47","470142","2015","3","3","11","Rural","Front-to-Front","Daylight","Clear","2","0"
"55","550034","2015","2","3","9","Rural","Front-to-Front","Daylight","Clear","1","0"
"55","550126","2015","4","3","6","Rural","Front-to-Front","Daylight","Clear","1","0"
"34","340248","2015","7","7","19","Rural","Front-to-Front","Daylight","Clear","2","0"
"35","350007","2015","1","1","15","Rural","Front-to-Front","Daylight","Clear","1","1"
"53","530277","2015","8","5","16","Rural","Front-to-Front","Daylight","Clear","1","1"
"53","530158","2015","6","5","4","Rural","Front-to-Front","Dawn","Clear","2","0"
"53","530067","2015","3","7","18","Rural","Front-to-Front","Dark - Lighted","Clear","1","1"
"28","280286","2015","7","4","10","Rural","Front-to-Front","Daylight","Clear","2","1"
"28","280045","2015","2","7","15","Rural","Front-to-Front","Daylight","Clear","1","0"
"28","280046","2015","2","7","18","Rural","Front-to-Front","Dark - Not Lighted","Clear","2","1"
"28","280035","2015","2","1","15","Rural","Front-to-Front","Daylight","Clear","2","1"
"28","280377","2015","9","4","16","Rural","Front-to-Front","Daylight","Clear","1","0"
"28","280291","2015","7","6","20","Rural","Front-to-Front","Dark - Not Lighted","Clear","1","0"
"28","280162","2015","4","1","19","Rural","Front-to-Front","Dusk","Clear","3","0"
"28","280427","2015","10","6","17","Rural","Front-to-Front","Daylight","Clear","1","0"
"28","280237","2015","6","1","12","Rural","Front-to-Front","Daylight","Clear","1","0"
"28","280397","2015","9","7","12","Rural","Front-to-Front","Daylight","Clear","2","0"
"28","280289","2015","7","5","21","Rural","Front-to-Front","Dark - Not Lighted","Clear","1","0"
"28","280331","2015","8","1","20","Rural","Front-to-Front","Dark - Not Lighted","Clear","1","1"
"28","280560","2015","12","1","13","Rural","Front-to-Front","Daylight","Clear","1","0"
"28","280555","2015","12","2","17","Rural","Front-to-Front","Dark - Not Lighted","Clear","1","1"
"28","280497","2015","11","4","4","Rural","Front-to-Front","Dark - Not Lighted","Clear","2","0"
"38","380054","2015","7","5","1","Rural","Front-to-Front","Dark - Not Lighted","Clear","2","1"
"38","380006","2015","1","3","14","Rural","Front-to-Front","Daylight","Clear","1","1"
"38","380047","2015","6","1","18","Rural","Front-to-Front","Daylight","Clear","1","0"
"42","420075","2015","2","7","10","Rural","Front-to-Front","Daylight","Clear","1","0"
"42","420852","2015","10","1","7","Rural","Front-to-Front","Dawn","Clear","1","0"
"42","420325","2015","3","4","10","Rural","Front-to-Front","Daylight","Clear","2","0"
"42","420023","2015","1","4","12","Rural","Front-to-Front","Daylight","Clear","3","0"
"42","420078","2015","2","5","14","Rural","Front-to-Front","Daylight","Clear","1","1"
"42","420832","2015","10","5","12","Rural","Front-to-Front","Daylight","Clear","1","0"
"42","420411","2015","6","4","17","Rural","Front-to-Front","Daylight","Clear","1","0"
"42","420792","2015","7","3","17","Rural","Front-to-Front","Daylight","Clear","3","0"
"42","421087","2015","12","7","14","Rural","Front-to-Front","Daylight","Clear","1","0"
"42","420309","2015","5","6","18","Rural","Front-to-Front","Daylight","Clear","1","0"
"42","420082","2015","2","5","14","Rural","Front-to-Front","Daylight","Clear","2","0"
"42","420557","2015","5","6","3","Rural","Front-to-Front","Dark - Not Lighted","Clear","1","0"
"42","420466","2015","7","5","6","Rural","Front-to-Front","Dawn","Clear","1","0"
"46","460047","2015","7","1","15","Rural","Front-to-Front","Daylight","Clear","2","0"
"25","250086","2015","6","3","15","Rural","Front-to-Front","Daylight","Clear","1","0"
"33","330045","2015","7","6","14","Rural","Front-to-Front","Daylight","Clear","1","0"
"33","330069","2015","9","7","8","Rural","Front-to-Front","Daylight","Clear","2","0"
"54","540246","2015","12","4","15","Rural","Front-to-Front","Daylight","Clear","3","0"
"54","540069","2015","4","3","16","Rural","Front-to-Front","Daylight","Clear","1","0"
"54","540229","2015","11","3","12","Rural","Front-to-Front","Daylight","Clear","1","1"
"54","540213","2015","10","2","8","Rural","Front-to-Front","Daylight","Clear","1","0"
"54","540164","2015","8","1","21","Rural","Front-to-Front","Dark - Not Lighted","Clear","1","1"
"37","370496","2015","6","6","5","Rural","Front-to-Front","Dark - Not Lighted","Clear","1","1"
"37","370871","2015","9","5","15","Rural","Front-to-Front","Daylight","Clear","1","0"
"37","370237","2015","3","5","20","Rural","Front-to-Front","Dark - Not Lighted","Clear","1","0"
"45","450686","2015","10","3","17","Rural","Front-to-Front","Daylight","Clear","1","0"
"45","450281","2015","5","1","3","Rural","Front-to-Front","Dark - Not Lighted","Clear","2","1"
"45","450624","2015","9","4","18","Rural","Front-to-Front","Daylight","Clear","1","0"
"45","450505","2015","8","3","11","Rural","Front-to-Front","Daylight","Clear","2","0"
"45","450271","2015","5","3","21","Rural","Front-to-Front","Daylight","Clear","1","2"
"45","450126","2015","3","4","14","Rural","Front-to-Front","Daylight","Clear","1","0"
"45","450242","2015","4","2","14","Rural","Front-to-Front","Daylight","Clear","1","0"
"45","450827","2015","12","6","14","Rural","Front-to-Front","Daylight","Clear","1","0"
"45","450652","2015","10","6","20","Rural","Front-to-Front","Dark - Not Lighted","Clear","1","1"
"45","450333","2015","6","2","8","Rural","Front-to-Front","Daylight","Clear","1","0"
"45","450096","2015","2","1","0","Rural","Front-to-Front","Dark - Not Lighted","Clear","1","0"
"45","450871","2015","12","4","7","Rural","Front-to-Front","Daylight","Clear","1","0"
"45","450196","2015","4","5","18","Rural","Front-to-Front","Daylight","Clear","1","0"
"45","450451","2015","7","5","9","Rural","Front-to-Front","Daylight","Clear","1","0"
"45","450493","2015","7","4","16","Rural","Front-to-Front","Daylight","Clear","2","2"
"45","450035","2015","1","2","17","Rural","Front-to-Front","Dusk","Clear","1","1"
"45","450428","2015","6","7","5","Rural","Front-to-Front","Dawn","Clear","1","0"
"45","450328","2015","5","6","8","Rural","Front-to-Front","Daylight","Clear","1","0"
"19","190211","2015","9","6","13","Rural","Front-to-Front","Daylight","Clear","1","0"
"41","410039","2015","2","6","18","Rural","Front-to-Front","Dark - Not Lighted","Clear","1","0"
"41","410159","2015","6","2","19","Rural","Front-to-Front","Daylight","Clear","2","1"
"41","410083","2015","4","5","19","Rural","Front-to-Front","Daylight","Clear","1","0"
"1","10140","2015","4","7","18","Rural","Front-to-Front","Daylight","Clear","1","1"
"26","260314","2015","6","2","7","Rural","Front-to-Front","Daylight","Clear","1","0"
"26","260643","2015","9","1","7","Rural","Front-to-Front","Dawn","Clear","1","1"
"26","260106","2015","3","6","6","Rural","Front-to-Front","Dark - Not Lighted","Clear","1","0"
"26","260323","2015","6","5","18","Rural","Front-to-Front","Daylight","Clear","1","0"
"26","260534","2015","8","5","7","Rural","Front-to-Front","Daylight","Clear","1","0"
"26","260668","2015","10","7","13","Rural","Front-to-Front","Daylight","Clear","1","0"
"31","310047","2015","3","1","6","Rural","Front-to-Front","Dark - Not Lighted","Clear","1","1"
"34","340134","2015","5","5","5","Rural","Front-to-Front","Daylight","Clear","1","0"
"28","280541","2015","11","1","14","Rural","Front-to-Front","Daylight","Clear","1","1"
"28","280447","2015","10","4","8","Rural","Front-to-Front","Daylight","Clear","1","0"
"28","280184","2015","5","4","13","Rural","Front-to-Front","Daylight","Clear","3","1"
"28","280031","2015","2","5","15","Rural","Front-to-Front","Daylight","Clear","1","0"
"28","280460","2015","10","2","17","Rural","Front-to-Front","Daylight","Clear","1","0"
"28","280113","2015","3","3","19","Rural","Front-to-Front","Dark - Not Lighted","Clear","1","1"
"28","280118","2015","3","1","21","Rural","Front-to-Front","Dark - Not Lighted","Clear","1","0"
"17","170045","2015","2","6","8","Rural","Front-to-Front","Daylight","Clear","2","0"
"48","482419","2015","9","4","14","Rural","Front-to-Front","Daylight","Clear","1","0"
"48","482104","2015","9","5","13","Rural","Front-to-Front","Daylight","Clear","1","0"
"48","481640","2015","7","5","18","Rural","Front-to-Front","Daylight","Clear","1","1"
"48","483057","2015","12","7","22","Rural","Front-to-Front","Dark - Not Lighted","Clear","1","0"
"16","160083","2015","6","7","23","Rural","Angle","Dark - Not Lighted","Clear","1","1"
"48","480858","2015","4","7","13","Rural","Angle","Daylight","Clear","1","1"
"48","482414","2015","10","2","18","Rural","Angle","Daylight","Clear","1","1"
"48","481456","2015","6","6","22","Rural","Angle","Dark - Not Lighted","Clear","2","0"
"13","131112","2015","11","4","12","Rural","Angle","Daylight","Clear","1","0"
"18","180608","2015","10","7","22","Rural","Angle","Dark - Not Lighted","Clear","1","0"
"30","300071","2015","6","4","13","Rural","Angle","Daylight","Clear","1","0"
"5","50305","2015","8","6","6","Rural","Angle","Dawn","Clear","1","0"
"21","210271","2015","6","3","17","Rural","Angle","Daylight","Clear","1","0"
"21","210248","2015","6","1","17","Rural","Angle","Daylight","Clear","1","0"
"40","400227","2015","5","5","16","Rural","Angle","Daylight","Clear","1","0"
"40","400475","2015","11","7","8","Rural","Angle","Daylight","Clear","1","1"
"40","400564","2015","12","4","9","Rural","Angle","Daylight","Clear","1","0"
"40","400089","2015","3","2","9","Rural","Angle","Daylight","Clear","1","0"
"47","470047","2015","1","5","7","Rural","Angle","Dawn","Clear","1","1"
"42","420055","2015","1","4","11","Rural","Angle","Daylight","Clear","1","0"
"54","540021","2015","2","3","14","Rural","Angle","Daylight","Clear","1","0"
"37","371043","2015","11","3","15","Rural","Angle","Daylight","Clear","1","1"
"48","483163","2015","12","7","7","Rural","Angle","Daylight","Clear","1","0"
"48","480114","2015","1","7","22","Rural","Angle","Dark - Not Lighted","Clear","1","0"
"48","483046","2015","12","6","5","Rural","Angle","Dark - Not Lighted","Clear","1","0"
"48","481859","2015","8","7","12","Rural","Angle","Daylight","Clear","3","0"
"48","481226","2015","6","7","1","Rural","Angle","Dark - Not Lighted","Clear","1","1"
"48","482148","2015","9","2","12","Rural","Angle","Daylight","Clear","1","0"
"48","482533","2015","5","6","16","Rural","Angle","Daylight","Clear","1","0"
"48","480448","2015","3","6","17","Rural","Angle","Daylight","Clear","2","0"
"41","410100","2015","4","4","13","Rural","Angle","Daylight","Clear","1","0"
"41","410215","2015","9","3","17","Rural","Angle","Daylight","Clear","2","0"
"1","10400","2015","7","2","15","Rural","Angle","Daylight","Clear","1","0"
"13","131053","2015","10","7","23","Rural","Angle","Dark - Not Lighted","Clear","1","1"
"13","130597","2015","6","7","14","Rural","Angle","Daylight","Clear","1","0"
"18","180010","2015","1","2","11","Rural","Angle","Daylight","Clear","2","0"
"5","50473","2015","12","2","9","Rural","Angle","Daylight","Clear","2","0"
"5","50251","2015","7","7","16","Rural","Angle","Daylight","Clear","1","1"
"8","80005","2015","1","3","12","Rural","Angle","Daylight","Clear","1","1"
"8","80004","2015","1","2","20","Rural","Angle","Dark - Not Lighted","Clear","1","0"
"17","170837","2015","12","4","8","Rural","Angle","Daylight","Clear","1","0"
"17","170582","2015","9","6","13","Rural","Angle","Daylight","Clear","1","0"
"17","170272","2015","5","1","20","Rural","Angle","Dusk","Clear","2","1"
"21","210145","2015","1","4","16","Rural","Angle","Daylight","Clear","1","0"
"21","210013","2015","1","5","5","Rural","Angle","Dark - Not Lighted","Clear","1","0"
"21","210183","2015","5","6","17","Rural","Angle","Daylight","Clear","6","0"
"26","260762","2015","11","2","12","Rural","Angle","Daylight","Clear","1","0"
"29","290710","2015","11","2","19","Rural","Angle","Dark - Not Lighted","Clear","2","0"
"31","310159","2015","7","4","15","Rural","Angle","Daylight","Clear","1","0"
"31","310190","2015","11","5","19","Rural","Angle","Dark - Not Lighted","Clear","1","0"
"22","220492","2015","7","2","12","Rural","Angle","Daylight","Clear","2","0"
"22","220511","2015","10","1","21","Rural","Angle","Dark - Not Lighted","Clear","1","0"
"22","220357","2015","7","1","21","Rural","Angle","Dark - Not Lighted","Clear","2","1"
"27","270246","2015","9","3","6","Rural","Angle","Dawn","Clear","2","2"
"27","270017","2015","2","2","15","Rural","Angle","Daylight","Clear","2","0"
"47","470552","2015","8","4","20","Rural","Angle","Dark - Not Lighted","Clear","1","1"
"47","470834","2015","12","3","14","Rural","Angle","Daylight","Clear","1","0"
"47","470242","2015","4","1","13","Rural","Angle","Daylight","Clear","1","0"
"55","550259","2015","7","5","15","Rural","Angle","Daylight","Clear","1","0"
"55","550046","2015","2","3","13","Rural","Angle","Daylight","Clear","1","0"
"55","550336","2015","11","3","5","Rural","Angle","Dark - Not Lighted","Clear","1","0"
"28","280120","2015","3","2","20","Rural","Angle","Dark - Not Lighted","Clear","1","0"
"28","280099","2015","3","3","18","Rural","Angle","Daylight","Clear","1","0"
"28","280479","2015","10","2","15","Rural","Angle","Daylight","Clear","1","0"
"38","380095","2015","10","5","6","Rural","Angle","Dark - Not Lighted","Clear","1","0"
"42","420203","2015","4","4","16","Rural","Angle","Daylight","Clear","1","0"
"42","420859","2015","10","5","8","Rural","Angle","Daylight","Clear","1","0"
"42","420038","2015","1","5","12","Rural","Angle","Daylight","Clear","1","0"
"42","420083","2015","2","1","12","Rural","Angle","Daylight","Clear","1","0"
"42","420742","2015","8","7","21","Rural","Angle","Dark - Not Lighted","Clear","2","1"
"42","420549","2015","7","5","15","Rural","Angle","Daylight","Clear","1","0"
"42","420738","2015","8","3","7","Rural","Angle","Daylight","Clear","1","0"
"42","420053","2015","1","3","6","Rural","Angle","Dark - Not Lighted","Clear","1","0"
"42","420039","2015","1","3","14","Rural","Angle","Daylight","Clear","1","0"
"54","540006","2015","1","5","17","Rural","Angle","Dusk","Clear","1","0"
"37","370084","2015","1","7","23","Rural","Angle","Dark - Not Lighted","Clear","1","1"
"45","450878","2015","12","7","6","Rural","Angle","Dawn","Clear","1","0"
"45","450766","2015","11","6","12","Rural","Angle","Daylight","Clear","1","0"
"45","450376","2015","6","3","18","Rural","Angle","Daylight","Clear","1","1"
"45","450821","2015","11","3","16","Rural","Angle","Daylight","Clear","1","0"
"28","280149","2015","4","6","20","Rural","Angle","Dark - Not Lighted","Clear","1","0"
"37","371058","2015","11","4","7","Rural","Angle","Daylight","Clear","1","0"
"20","200114","2015","6","3","8","Rural","Angle","Daylight","Clear","1","0"
"48","482736","2015","11","6","19","Rural","Angle","Dark - Not Lighted","Clear","1","0"
"48","481179","2015","5","1","18","Rural","Angle","Daylight","Clear","1","1"
"10","100046","2015","8","7","19","Rural","Sideswipe - Same Direction","Dusk","Clear","1","0"
"22","220072","2015","2","2","13","Rural","Sideswipe - Same Direction","Daylight","Clear","1","0"
"47","470385","2015","6","1","18","Rural","Sideswipe - Same Direction","Daylight","Clear","1","0"
"45","450045","2015","1","1","2","Rural","Sideswipe - Same Direction","Dark - Not Lighted","Clear","2","0"
"16","160136","2015","8","6","18","Rural","Sideswipe - Same Direction","Daylight","Clear","1","0"
"48","482942","2015","12","3","7","Rural","Sideswipe - Same Direction","Daylight","Clear","1","0"
"13","130221","2015","3","1","11","Rural","Sideswipe - Same Direction","Daylight","Clear","1","0"
"47","470556","2015","8","1","18","Rural","Sideswipe - Same Direction","Daylight","Clear","1","0"
"28","280134","2015","4","5","15","Rural","Sideswipe - Same Direction","Daylight","Clear","1","1"
"42","420155","2015","3","3","12","Rural","Sideswipe - Same Direction","Daylight","Clear","1","0"
"48","480759","2015","4","3","7","Rural","Sideswipe - Opposite Direction","Dawn","Clear","2","0"
"1","10075","2015","2","3","18","Rural","Sideswipe - Opposite Direction","Dark - Not Lighted","Clear","1","1"
"17","170486","2015","8","4","22","Rural","Sideswipe - Opposite Direction","Dark - Not Lighted","Clear","1","1"
"40","400012","2015","1","3","16","Rural","Sideswipe - Opposite Direction","Daylight","Clear","2","0"
"35","350228","2015","11","2","8","Rural","Sideswipe - Opposite Direction","Daylight","Clear","1","0"
"48","482762","2015","11","5","14","Rural","Sideswipe - Opposite Direction","Daylight","Clear","1","0"
"13","130483","2015","5","5","15","Rural","Sideswipe - Opposite Direction","Daylight","Clear","1","0"
"5","50229","2015","7","1","13","Rural","Sideswipe - Opposite Direction","Daylight","Clear","1","0"
"17","170239","2015","5","5","14","Rural","Sideswipe - Opposite Direction","Daylight","Clear","1","0"
"26","260540","2015","8","4","18","Rural","Sideswipe - Opposite Direction","Daylight","Clear","1","0"
"31","310039","2015","3","3","","Rural","Sideswipe - Opposite Direction","Dark - Not Lighted","Clear","1","0"
"55","550390","2015","9","4","17","Rural","Sideswipe - Opposite Direction","Daylight","Clear","1","1"
"53","530162","2015","6","3","12","Rural","Sideswipe - Opposite Direction","Daylight","Clear","1","0"
"38","380101","2015","11","7","8","Rural","Sideswipe - Opposite Direction","Daylight","Clear","1","0"
"42","421090","2015","12","6","13","Rural","Sideswipe - Opposite Direction","Daylight","Clear","1","0"
"42","420676","2015","7","5","22","Rural","Sideswipe - Opposite Direction","Dark - Not Lighted","Clear","1","1"
"42","421023","2015","11","6","11","Rural","Sideswipe - Opposite Direction","Daylight","Clear","1","0"
"42","420484","2015","7","2","13","Rural","Sideswipe - Opposite Direction","Daylight","Clear","1","0"
"46","460046","2015","7","5","17","Rural","Sideswipe - Opposite Direction","Daylight","Clear","1","0"
"37","370945","2015","10","6","18","Rural","Sideswipe - Opposite Direction","Daylight","Clear","1","0"
"13","130145","2015","2","6","19","Rural","Sideswipe - Opposite Direction","Dark - Not Lighted","Clear","1","0"
"26","260481","2015","8","5","13","Rural","Sideswipe - Opposite Direction","Daylight","Clear","1","0"
"26","260590","2015","9","4","8","Rural","Sideswipe - Opposite Direction","Daylight","Clear","1","0"
"26","260178","2015","4","3","14","Rural","Sideswipe - Opposite Direction","Daylight","Clear","1","0"
"13","130440","2015","5","3","8","Rural","Other (End-Swipes and Others)","Daylight","Clear","1","0"
"5","50489","2015","5","6","12","Rural","Other (End-Swipes and Others)","Daylight","Clear","1","0"
"39","390611","2015","8","7","17","Rural","Other (End-Swipes and Others)","Daylight","Clear","1","0"
"16","160153","2015","8","7","14","Rural","Other (End-Swipes and Others)","Daylight","Clear","1","0"
"13","130768","2015","8","2","8","Rural","Other (End-Swipes and Others)","Daylight","Clear","1","0"
"34","340430","2015","7","6","16","Rural","Other (End-Swipes and Others)","Daylight","Clear","1","0"
"39","390320","2015","5","7","20","Rural","Angle","Dusk","Clear","1","0"
"5","50344","2015","9","5","15","Rural","Angle","Daylight","Clear","1","1"
"46","460060","2015","8","1","16","Rural","Angle","Daylight","Clear","1","0"
"28","280298","2015","7","4","10","Rural","Angle","Daylight","Clear","1","0"
"22","220057","2015","2","5","14","Rural","Front-to-Rear","Daylight","Clear","1","0"
"24","240151","2015","5","3","17","Rural","Angle","Daylight","Clear","1","0"
"8","80083","2015","3","7","12","Rural","Not Collision with Motor Vehicle in Transport (Not Necessarily in Transport for 2005-2009)","Daylight","Clear","1","0"
"48","481455","2015","6","3","20","Rural","Front-to-Rear","Dark - Not Lighted","Clear","1","0"
"18","180228","2015","5","2","19","Rural","Front-to-Rear","Daylight","Clear","1","1"
"22","220542","2015","10","4","14","Rural","Front-to-Rear","Daylight","Clear","1","0"
"48","480295","2015","2","6","6","Rural","Front-to-Rear","Dark - Not Lighted","Clear","1","0"
"5","50222","2015","6","2","17","Rural","Front-to-Rear","Daylight","Clear","1","1"
"8","80006","2015","1","3","17","Rural","Front-to-Rear","Dusk","Clear","1","0"
"26","260783","2015","11","4","15","Rural","Front-to-Rear","Daylight","Clear","1","0"
"26","260329","2015","6","4","17","Rural","Front-to-Rear","Daylight","Clear","1","0"
"47","470833","2015","12","2","7","Rural","Front-to-Rear","Daylight","Clear","1","0"
"34","340472","2015","8","2","14","Rural","Front-to-Rear","Daylight","Clear","1","0"
"26","260309","2015","6","4","16","Rural","Front-to-Rear","Daylight","Clear","1","0"
"18","180326","2015","6","2","0","Rural","Front-to-Front","Dark - Not Lighted","Clear","1","0"
"17","170465","2015","8","3","16","Rural","Front-to-Front","Daylight","Clear","1","0"
"29","290414","2015","7","6","17","Rural","Front-to-Front","Daylight","Clear","1","0"
"9","90107","2015","9","2","19","Rural","Front-to-Front","Dusk","Clear","1","1"
"28","280173","2015","5","4","15","Rural","Front-to-Front","Daylight","Clear","1","0"
"1","10668","2015","12","3","7","Rural","Angle","Daylight","Clear","1","0"
"16","160052","2015","5","6","16","Rural","Angle","Daylight","Clear","1","0"
"48","483097","2015","12","4","23","Rural","Angle","Dark - Not Lighted","Clear","1","0"
"17","170833","2015","11","5","15","Rural","Angle","Daylight","Clear","1","0"
"17","170152","2015","2","5","22","Rural","Angle","Dark - Not Lighted","Clear","3","0"
"21","210198","2015","5","3","15","Rural","Angle","Daylight","Clear","1","0"
"29","290167","2015","4","6","19","Rural","Angle","Dark - Not Lighted","Clear","1","0"
"29","290321","2015","6","5","10","Rural","Angle","Daylight","Clear","1","0"
"29","290812","2015","12","4","15","Rural","Angle","Daylight","Clear","1","0"
"28","280080","2015","3","6","13","Rural","Angle","Daylight","Clear","2","1"
"8","80426","2015","10","2","17","Rural","Angle","Dark - Not Lighted","Clear","1","1"
"17","170933","2015","12","3","13","Rural","Angle","Daylight","Clear","1","0"
"48","482930","2015","12","2","14","Rural","Angle","Daylight","Clear","1","0"
"48","480080","2015","1","3","7","Rural","Angle","Daylight","Clear","1","0"
"42","420349","2015","5","2","16","Rural","Sideswipe - Same Direction","Daylight","Clear","1","0"
"36","361037","2015","9","1","13","Rural","Sideswipe - Opposite Direction","Daylight","Clear","1","0"
"48","482868","2015","11","2","14","Rural","Sideswipe - Opposite Direction","Daylight","Clear","2","0"