"state_number","consecutive_number","year_of_crash","month_of_crash","day_of_week","hour_of_crash","land_use_name","manner_of_collision_name","light_condition_name","atmospheric_conditions_name","number_of_fatalities","number_of_drunk_drivers"
"1","10600","2015","11","3","15","Rural","Not Collision with Motor Vehicle in Transport (Not Necessarily in Transport for 2005-2009)","Daylight","Clear","1","0"
"29","290186","2015","4","1","17","Rural","Not Collision with Motor Vehicle in Transport (Not Necessarily in Transport for 2005-2009)","Daylight","Clear","1","0"
"22","220225","2015","5","6","15","Rural","Not Collision with Motor Vehicle in Transport (Not Necessarily in Transport for 2005-2009)","Daylight","Clear","1","1"
"45","450013","2015","1","3","12","Rural","Not Collision with Motor Vehicle in Transport (Not Necessarily in Transport for 2005-2009)","Daylight","Clear","1","0"
"45","450444","2015","7","2","7","Rural","Not Collision with Motor Vehicle in Transport (Not Necessarily in Transport for 2005-2009)","Daylight","Clear","1","0"
"40","400554","2015","8","2","18","Rural","Front-to-Rear","Daylight","Clear","1","0"
"48","482169","2015","9","6","21","Rural","Front-to-Rear","Dark - Not Lighted","Clear","1","0"
"1","10513","2015","9","2","17","Rural","Front-to-Rear","Daylight","Clear","1","0"
"13","131032","2015","10","2","6","Rural","Front-to-Rear","Dark - Not Lighted","Clear","1","0"
"28","280337","2015","8","4","5","Rural","Front-to-Rear","Dark - Not Lighted","Clear","1","0"
"42","420942","2015","12","2","15","Rural","Front-to-Rear","Daylight","Clear","1","0"
"48","482230","2015","9","5","15","Rural","Front-to-Front","Daylight","Clear","1","0"
"21","210235","2015","5","7","14","Rural","Front-to-Front","Daylight","Clear","1","0"
"48","480444","2015","3","6","12","Rural","Front-to-Front","Daylight","Clear","1","0"
"31","310194","2015","11","2","13","Rural","Front-to-Front","Daylight","Clear","1","0"
"40","400526","2015","10","2","16","Rural","Front-to-Front","Daylight","Clear","1","0"
"28","280532","2015","12","1","9","Rural","Front-to-Front","Daylight","Clear","1","0"
"17","170263","2015","5","3","10","Rural","Front-to-Front","Daylight","Clear","1","0"
"39","390566","2015","8","3","17","Rural","Angle","Daylight","Clear","1","0"
"48","482359","2015","10","7","12","Rural","Angle","Daylight","Clear","1","1"
"20","200067","2015","2","4","14","Rural","Angle","Daylight","Clear","1","0"
"1","10266","2015","5","3","14","Rural","Angle","Daylight","Clear","1","0"
"1","10640","2015","11","5","9","Rural","Angle","Daylight","Clear","1","0"
"13","131140","2015","11","7","6","Rural","Angle","Dark - Not Lighted","Clear","1","1"
"8","80325","2015","8","7","9","Rural","Angle","Daylight","Clear","1","0"
"8","80301","2015","8","4","18","Rural","Angle","Daylight","Clear","2","0"
"47","470731","2015","10","3","12","Rural","Angle","Daylight","Clear","1","1"
"42","421044","2015","9","1","16","Rural","Angle","Daylight","Clear","1","0"
"48","481286","2015","6","6","15","Rural","Angle","Daylight","Clear","1","0"
"48","480928","2015","5","3","11","Rural","Angle","Daylight","Clear","2","1"
"48","481509","2015","7","2","14","Rural","Angle","Daylight","Clear","1","0"
"1","10754","2015","11","3","11","Rural","Angle","Daylight","Clear","1","1"
"12","122582","2015","12","5","19","Rural","Angle","Dark - Not Lighted","Clear","1","1"
"13","130741","2015","8","7","15","Rural","Angle","Daylight","Clear","1","0"
"8","80406","2015","10","7","14","Rural","Angle","Daylight","Clear","1","0"
"29","290269","2015","5","5","6","Rural","Angle","Daylight","Clear","1","0"
"40","400378","2015","9","6","14","Rural","Angle","Daylight","Clear","1","0"
"22","220700","2015","8","7","11","Rural","Angle","Daylight","Clear","1","0"
"47","470058","2015","1","6","12","Rural","Angle","Daylight","Clear","1","0"
"28","280156","2015","4","6","11","Rural","Angle","Daylight","Clear","1","0"
"28","280346","2015","8","1","20","Rural","Angle","Dusk","Clear","1","0"
"28","280187","2015","5","5","7","Rural","Angle","Daylight","Clear","1","0"
"42","420253","2015","5","7","20","Rural","Angle","Dark - Not Lighted","Clear","1","1"
"42","420691","2015","7","6","18","Rural","Angle","Daylight","Clear","1","0"
"42","420853","2015","9","6","14","Rural","Angle","Daylight","Clear","1","0"
"45","450825","2015","12","6","13","Rural","Angle","Daylight","Clear","1","0"
"45","450431","2015","7","5","16","Rural","Angle","Daylight","Clear","1","0"
"26","260713","2015","10","4","9","Rural","Angle","Daylight","Clear","1","0"
"18","180425","2015","8","1","12","Rural","Angle","Daylight","Clear","1","0"
"45","450366","2015","6","5","11","Rural","Sideswipe - Same Direction","Daylight","Clear","1","0"
"8","80142","2015","4","1","8","Rural","Sideswipe - Opposite Direction","Daylight","Clear","1","0"
"1","10092","2015","3","1","19","Urban","Not Collision with Motor Vehicle in Transport (Not Necessarily in Transport for 2005-2009)","Dark - Not Lighted","Clear","1","0"
"1","10252","2015","5","4","5","Urban","Not Collision with Motor Vehicle in Transport (Not Necessarily in Transport for 2005-2009)","Daylight","Clear","1","0"
"39","390682","2015","7","6","17","Urban","Not Collision with Motor Vehicle in Transport (Not Necessarily in Transport for 2005-2009)","Daylight","Clear","1","0"
"12","120164","2015","1","7","20","Urban","Not Collision with Motor Vehicle in Transport (Not Necessarily in Transport for 2005-2009)","Dark - Lighted","Clear","1","1"
"22","220485","2015","9","5","7","Urban","Not Collision with Motor Vehicle in Transport (Not Necessarily in Transport for 2005-2009)","Daylight","Clear","1","0"
"47","470533","2015","8","5","14","Urban","Not Collision with Motor Vehicle in Transport (Not Necessarily in Transport for 2005-2009)","Daylight","Clear","1","0"
"42","420233","2015","4","2","17","Urban","Not Collision with Motor Vehicle in Transport (Not Necessarily in Transport for 2005-2009)","Daylight","Clear","1","0"
"45","450009","2015","1","2","16","Urban","Not Collision with Motor Vehicle in Transport (Not Necessarily in Transport for 2005-2009)","Daylight","Clear","1","0"
"48","480645","2015","3","1","17","Urban","Not Collision with Motor Vehicle in Transport (Not Necessarily in Transport for 2005-2009)","Daylight","Clear","1","0"
"34","340512","2015","12","1","16","Urban","Not Collision with Motor Vehicle in Transport (Not Necessarily in Transport for 2005-2009)","Daylight","Clear","1","1"
"49","490015","2015","2","7","18","Urban","Not Collision with Motor Vehicle in Transport (Not Necessarily in Transport for 2005-2009)","Dark - Lighted","Clear","1","0"
"48","480679","2015","4","4","20","Urban","Not Collision with Motor Vehicle in Transport (Not Necessarily in Transport for 2005-2009)","Dark - Lighted","Clear","1","0"
"48","483096","2015","12","4","19","Urban","Not Collision with Motor Vehicle in Transport (Not Necessarily in Transport for 2005-2009)","Dark - Not Lighted","Clear","1","0"
"32","320143","2015","5","2","21","Urban","Not Collision with Motor Vehicle in Transport (Not Necessarily in Transport for 2005-2009)","Dark - Lighted","Clear","1","0"
"32","320168","2015","9","6","20","Urban","Not Collision with Motor Vehicle in Transport (Not Necessarily in Transport for 2005-2009)","Dark - Lighted","Clear","1","0"
"4","40165","2015","3","1","11","Urban","Not Collision with Motor Vehicle in Transport (Not Necessarily in Transport for 2005-2009)","Daylight","Clear","1","0"
"12","120152","2015","1","6","12","Urban","Not Collision with Motor Vehicle in Transport (Not Necessarily in Transport for 2005-2009)","Daylight","Clear","1","0"
"48","481078","2015","4","7","21","Urban","Not Collision with Motor Vehicle in Transport (Not Necessarily in Transport for 2005-2009)","Dark - Not Lighted","Clear","1","2"
"18","180141","2015","3","2","21","Urban","Front-to-Rear","Dark - Not Lighted","Clear","1","0"
"5","50217","2015","6","5","10","Urban","Front-to-Rear","Daylight","Clear","1","0"
"35","350156","2015","8","4","14","Urban","Front-to-Rear","Daylight","Clear","1","1"
"54","540127","2015","7","5","13","Urban","Front-to-Rear","Daylight","Clear","1","0"
"45","450646","2015","10","4","19","Urban","Front-to-Rear","Dark - Not Lighted","Clear","1","0"
"45","450016","2015","1","3","13","Urban","Front-to-Rear","Daylight","Clear","1","0"
"19","190070","2015","4","2","17","Urban","Front-to-Rear","Daylight","Clear","1","0"
"36","360149","2015","4","5","12","Urban","Front-to-Rear","Daylight","Clear","1","0"
"25","250251","2015","11","4","16","Urban","Front-to-Rear","Daylight","Clear","1","0"
"42","420703","2015","9","6","20","Urban","Front-to-Front","Dark - Lighted","Clear","1","0"
"12","120713","2015","1","4","9","Urban","Front-to-Front","Daylight","Clear","1","0"
"12","121673","2015","9","4","22","Urban","Front-to-Front","Dark - Lighted","Clear","1","1"
"12","120468","2015","3","1","17","Urban","Front-to-Front","Daylight","Clear","1","0"
"12","120844","2015","5","7","21","Urban","Front-to-Front","Dark - Lighted","Clear","2","0"
"12","121797","2015","9","4","8","Urban","Front-to-Front","Daylight","Clear","1","0"
"12","121141","2015","6","4","23","Urban","Front-to-Front","Dark - Lighted","Clear","1","0"
"12","122193","2015","11","7","17","Urban","Front-to-Front","Daylight","Clear","1","0"
"12","120070","2015","1","7","20","Urban","Front-to-Front","Dark - Lighted","Clear","1","1"
"13","130324","2015","4","7","19","Urban","Front-to-Front","Daylight","Clear","1","1"
"13","130323","2015","4","7","15","Urban","Front-to-Front","Daylight","Clear","1","0"
"18","180445","2015","8","4","19","Urban","Front-to-Front","Daylight","Clear","1","0"
"29","290433","2015","7","6","21","Urban","Front-to-Front","Dark - Lighted","Clear","1","0"
"36","360376","2015","4","2","17","Urban","Front-to-Front","Daylight","Clear","1","0"
"36","360764","2015","9","4","19","Urban","Front-to-Front","Daylight","Clear","1","0"
"36","360845","2015","10","2","8","Urban","Front-to-Front","Daylight","Clear","1","0"
"42","420680","2015","9","3","7","Urban","Front-to-Front","Daylight","Clear","1","0"
"45","450064","2015","1","5","18","Urban","Front-to-Front","Dark - Lighted","Clear","1","1"
"45","450731","2015","8","5","22","Urban","Front-to-Front","Dark - Lighted","Clear","1","1"
"13","131099","2015","11","2","11","Urban","Front-to-Front","Daylight","Clear","1","0"
"13","130980","2015","10","2","21","Urban","Front-to-Front","Dark - Not Lighted","Clear","1","0"
"24","240299","2015","9","7","11","Urban","Front-to-Front","Daylight","Clear","1","0"
"24","240228","2015","7","4","11","Urban","Front-to-Front","Daylight","Clear","1","0"
"34","340162","2015","5","6","8","Urban","Front-to-Front","Daylight","Clear","1","0"
"53","530241","2015","5","6","20","Urban","Front-to-Front","Dark - Lighted","Clear","1","0"
"32","320038","2015","3","6","7","Urban","Front-to-Front","Daylight","Clear","1","0"
"19","190106","2015","4","4","19","Urban","Front-to-Front","Daylight","Clear","1","1"
"48","481783","2015","8","7","17","Urban","Front-to-Front","Daylight","Clear","1","0"
"32","320210","2015","9","7","18","Urban","Front-to-Front","Daylight","Clear","1","1"
"4","40394","2015","6","2","10","Urban","Front-to-Front","Daylight","Clear","1","0"
"13","130696","2015","7","7","11","Urban","Front-to-Front","Daylight","Clear","1","0"
"8","80169","2015","5","5","9","Urban","Front-to-Front","Daylight","Clear","1","0"
"17","170194","2015","5","6","0","Urban","Front-to-Front","Dark - Not Lighted","Clear","1","1"
"26","260245","2015","3","1","20","Urban","Front-to-Front","Dark - Not Lighted","Clear","1","0"
"22","220453","2015","8","3","15","Urban","Front-to-Front","Daylight","Clear","1","0"
"38","380035","2015","5","7","17","Urban","Front-to-Front","Daylight","Clear","1","0"
"48","482188","2015","9","1","18","Urban","Front-to-Front","Daylight","Clear","1","1"
"10","100016","2015","4","1","19","Urban","Front-to-Front","Daylight","Clear","1","0"
"39","390523","2015","8","1","11","Urban","Angle","Daylight","Clear","2","0"
"12","120727","2015","5","3","10","Urban","Angle","Daylight","Clear","1","0"
"13","130779","2015","8","6","8","Urban","Angle","Daylight","Clear","1","0"
"13","130990","2015","10","4","7","Urban","Angle","Dawn","Clear","1","1"
"18","180409","2015","7","3","19","Urban","Angle","Daylight","Clear","1","0"
"24","240229","2015","7","4","8","Urban","Angle","Daylight","Clear","1","0"
"22","220126","2015","3","2","10","Urban","Angle","Daylight","Clear","1","0"
"22","220535","2015","10","5","19","Urban","Angle","Dark - Lighted","Clear","1","1"
"47","470663","2015","10","5","21","Urban","Angle","Dark - Not Lighted","Clear","1","0"
"47","470245","2015","5","2","16","Urban","Angle","Daylight","Clear","1","0"
"9","90056","2015","4","7","17","Urban","Angle","Daylight","Clear","1","0"
"42","420610","2015","9","7","6","Urban","Angle","Dark - Not Lighted","Clear","1","0"
"45","450414","2015","7","3","19","Urban","Angle","Daylight","Clear","2","1"
"45","450163","2015","3","4","18","Urban","Angle","Daylight","Clear","1","1"
"39","390597","2015","8","4","15","Urban","Angle","Daylight","Clear","1","0"
"39","390252","2015","4","7","15","Urban","Angle","Daylight","Clear","1","0"
"39","390325","2015","5","3","12","Urban","Angle","Daylight","Clear","1","0"
"49","490137","2015","7","3","12","Urban","Angle","Daylight","Clear","1","0"
"49","490180","2015","9","5","16","Urban","Angle","Daylight","Clear","1","0"
"48","482878","2015","12","3","18","Urban","Angle","Dark - Lighted","Clear","1","0"
"48","480889","2015","4","1","2","Urban","Angle","Dark - Lighted","Clear","1","1"
"48","481688","2015","7","6","16","Urban","Angle","Daylight","Clear","1","0"
"48","480529","2015","3","7","21","Urban","Angle","Dark - Lighted","Clear","2","1"
"48","482712","2015","11","4","18","Urban","Angle","Dark - Lighted","Clear","1","0"
"48","480752","2015","4","2","16","Urban","Angle","Daylight","Clear","2","0"
"15","150051","2015","8","2","22","Urban","Angle","Dark - Lighted","Clear","1","0"
"32","320090","2015","1","2","13","Urban","Angle","Daylight","Clear","1","0"
"32","320241","2015","11","6","0","Urban","Angle","Dark - Lighted","Clear","1","1"
"32","320209","2015","9","7","18","Urban","Angle","Daylight","Clear","1","0"
"1","10478","2015","9","5","12","Urban","Angle","Daylight","Clear","1","0"
"4","40292","2015","5","7","11","Urban","Angle","Daylight","Clear","2","0"
"4","40070","2015","2","6","7","Urban","Angle","Daylight","Clear","1","0"
"12","120924","2015","4","3","20","Urban","Angle","Dark - Lighted","Clear","1","1"
"12","121674","2015","9","5","14","Urban","Angle","Daylight","Clear","1","1"
"12","120095","2015","1","2","7","Urban","Angle","Daylight","Clear","1","0"
"12","120816","2015","5","2","19","Urban","Angle","Dusk","Clear","1","1"
"12","121227","2015","7","6","19","Urban","Angle","Daylight","Clear","1","0"
"12","121527","2015","6","3","17","Urban","Angle","Daylight","Clear","1","0"
"12","120666","2015","4","7","21","Urban","Angle","Dark - Lighted","Clear","2","0"
"12","121583","2015","8","7","10","Urban","Angle","Daylight","Clear","2","0"
"12","121309","2015","7","3","7","Urban","Angle","Daylight","Clear","1","0"
"12","120670","2015","5","7","0","Urban","Angle","Dark - Lighted","Clear","2","0"
"12","121588","2015","8","5","23","Urban","Angle","Dark - Lighted","Clear","1","1"
"12","121922","2015","9","2","14","Urban","Angle","Daylight","Clear","1","0"
"12","120449","2015","1","2","11","Urban","Angle","Daylight","Clear","1","0"
"12","122277","2015","11","3","8","Urban","Angle","Daylight","Clear","1","0"
"12","121661","2015","9","1","21","Urban","Angle","Dark - Lighted","Clear","3","2"
"12","120290","2015","2","3","8","Urban","Angle","Daylight","Clear","1","0"
"12","120114","2015","1","5","5","Urban","Angle","Dawn","Clear","1","0"
"12","122040","2015","10","5","20","Urban","Angle","Dark - Lighted","Clear","1","0"
"12","120776","2015","3","1","8","Urban","Angle","Daylight","Clear","1","0"
"12","122775","2015","12","2","13","Urban","Angle","Daylight","Clear","1","0"
"13","130444","2015","5","5","8","Urban","Angle","Daylight","Clear","1","0"
"13","131142","2015","11","2","18","Urban","Angle","Dark - Not Lighted","Clear","1","0"
"13","131231","2015","12","4","17","Urban","Angle","Daylight","Clear","1","0"
"13","131075","2015","10","6","15","Urban","Angle","Daylight","Clear","1","0"
"13","130089","2015","1","3","15","Urban","Angle","Daylight","Clear","1","0"
"13","130682","2015","7","3","14","Urban","Angle","Daylight","Clear","1","0"
"13","130666","2015","7","5","15","Urban","Angle","Daylight","Clear","1","0"
"13","130593","2015","6","7","11","Urban","Angle","Daylight","Clear","1","0"
"18","180301","2015","6","4","7","Urban","Angle","Daylight","Clear","1","0"
"18","180040","2015","1","6","9","Urban","Angle","Daylight","Clear","1","0"
"8","80306","2015","8","7","19","Urban","Angle","Dusk","Clear","1","0"
"8","80350","2015","9","5","15","Urban","Angle","Daylight","Clear","1","0"
"10","100053","2015","7","3","6","Urban","Angle","Daylight","Clear","1","0"
"17","170090","2015","3","2","10","Urban","Angle","Daylight","Clear","1","0"
"21","210370","2015","8","2","15","Urban","Angle","Daylight","Clear","1","0"
"21","210089","2015","2","3","18","Urban","Angle","Daylight","Clear","1","1"
"24","240272","2015","8","2","9","Urban","Angle","Daylight","Clear","1","0"
"24","240166","2015","5","7","0","Urban","Angle","Dark - Lighted","Clear","1","2"
"24","240327","2015","11","4","11","Urban","Angle","Daylight","Clear","1","0"
"26","260234","2015","5","6","10","Urban","Angle","Daylight","Clear","1","1"
"26","260407","2015","7","3","19","Urban","Angle","Daylight","Clear","1","0"
"29","290230","2015","5","5","14","Urban","Angle","Daylight","Clear","1","0"
"29","290475","2015","8","2","21","Urban","Angle","Dark - Lighted","Clear","1","0"
"29","290361","2015","6","1","16","Urban","Angle","Daylight","Clear","1","0"
"29","290470","2015","7","6","10","Urban","Angle","Daylight","Clear","1","0"
"36","361060","2015","11","2","16","Urban","Angle","Dark - Not Lighted","Clear","1","0"
"36","360666","2015","9","6","16","Urban","Angle","Daylight","Clear","1","0"
"36","360829","2015","11","2","12","Urban","Angle","Daylight","Clear","1","0"
"36","360701","2015","9","3","14","Urban","Angle","Daylight","Clear","1","0"
"40","400128","2015","3","1","17","Urban","Angle","Daylight","Clear","1","1"
"22","220576","2015","11","2","12","Urban","Angle","Daylight","Clear","1","1"
"22","220695","2015","5","6","11","Urban","Angle","Daylight","Clear","1","0"
"22","220584","2015","10","2","21","Urban","Angle","Dark - Lighted","Clear","1","0"
"22","220041","2015","1","5","11","Urban","Angle","Daylight","Clear","1","0"
"22","220502","2015","10","2","15","Urban","Angle","Daylight","Clear","1","0"
"22","220697","2015","8","2","9","Urban","Angle","Daylight","Clear","1","0"
"22","220277","2015","6","6","11","Urban","Angle","Daylight","Clear","1","0"
"22","220334","2015","7","2","20","Urban","Angle","Dark - Lighted","Clear","1","0"
"22","220186","2015","4","5","5","Urban","Angle","Dark - Lighted","Clear","1","0"
"22","220350","2015","7","5","21","Urban","Angle","Dark - Not Lighted","Clear","1","0"
"22","220210","2015","5","5","14","Urban","Angle","Daylight","Clear","1","0"
"22","220678","2015","12","5","12","Urban","Angle","Daylight","Clear","1","0"
"22","220067","2015","2","5","19","Urban","Angle","Dark - Not Lighted","Clear","1","0"
"27","270348","2015","10","2","14","Urban","Angle","Daylight","Clear","1","0"
"47","470704","2015","10","6","6","Urban","Angle","Dark - Lighted","Clear","1","0"
"47","470768","2015","11","1","17","Urban","Angle","Dark - Not Lighted","Clear","1","0"
"47","470923","2015","11","5","19","Urban","Angle","Dark - Lighted","Clear","1","0"
"55","550460","2015","11","2","17","Urban","Angle","Dark - Lighted","Clear","1","0"
"34","340247","2015","7","1","20","Urban","Angle","Dusk","Clear","1","1"
"9","90126","2015","9","6","21","Urban","Angle","Dark - Lighted","Clear","1","1"
"9","90123","2015","9","7","15","Urban","Angle","Daylight","Clear","1","0"
"9","90190","2015","7","7","0","Urban","Angle","Dark - Lighted","Clear","1","1"
"9","90075","2015","4","5","14","Urban","Angle","Daylight","Clear","1","0"
"9","90251","2015","3","6","23","Urban","Angle","Dark - Lighted","Clear","1","0"
"9","90080","2015","5","3","17","Urban","Angle","Daylight","Clear","1","0"
"9","90062","2015","2","6","20","Urban","Angle","Daylight","Clear","1","0"
"9","90226","2015","5","3","4","Urban","Angle","Dark - Lighted","Clear","1","0"
"28","280238","2015","6","1","12","Urban","Angle","Daylight","Clear","1","0"
"42","420413","2015","6","3","15","Urban","Angle","Daylight","Clear","1","0"
"42","420254","2015","5","6","12","Urban","Angle","Daylight","Clear","1","0"
"42","420070","2015","2","1","17","Urban","Angle","Dusk","Clear","1","1"
"42","420744","2015","8","2","15","Urban","Angle","Daylight","Clear","1","0"
"42","420624","2015","9","6","15","Urban","Angle","Daylight","Clear","1","0"
"42","420324","2015","5","1","15","Urban","Angle","Daylight","Clear","1","0"
"42","420794","2015","8","2","7","Urban","Angle","Daylight","Clear","1","0"
"42","420755","2015","8","5","19","Urban","Angle","Dusk","Clear","1","0"
"42","420753","2015","8","5","15","Urban","Angle","Daylight","Clear","1","0"
"42","420214","2015","4","1","17","Urban","Angle","Daylight","Clear","1","1"
"42","421051","2015","11","1","4","Urban","Angle","Dark - Lighted","Clear","1","1"
"42","420608","2015","7","1","14","Urban","Angle","Daylight","Clear","1","0"
"42","420808","2015","8","6","22","Urban","Angle","Dark - Lighted","Clear","1","0"
"42","420160","2015","3","6","13","Urban","Angle","Daylight","Clear","1","0"
"42","420768","2015","4","4","20","Urban","Angle","Dusk","Clear","1","0"
"25","250207","2015","12","5","19","Urban","Angle","Dark - Lighted","Clear","1","1"
"33","330077","2015","10","3","16","Urban","Angle","Daylight","Clear","1","0"
"33","330022","2015","5","5","18","Urban","Angle","Daylight","Clear","1","1"
"45","450533","2015","8","7","23","Urban","Angle","Dark - Lighted","Clear","1","0"
"45","450723","2015","1","7","13","Urban","Angle","Daylight","Clear","1","0"
"45","450651","2015","10","6","15","Urban","Angle","Daylight","Clear","1","0"
"45","450769","2015","11","7","22","Urban","Angle","Dark - Lighted","Clear","1","0"
"45","450381","2015","6","7","21","Urban","Angle","Dark - Lighted","Clear","1","1"
"45","450335","2015","3","2","16","Urban","Angle","Daylight","Clear","1","0"
"45","450093","2015","2","7","6","Urban","Angle","Dark - Not Lighted","Clear","1","1"
"45","450752","2015","10","4","6","Urban","Angle","Dawn","Clear","1","0"
"45","450058","2015","1","7","5","Urban","Angle","Dark - Not Lighted","Clear","1","1"
"45","450858","2015","12","4","15","Urban","Angle","Daylight","Clear","1","0"
"45","450660","2015","10","1","2","Urban","Angle","Dark - Lighted","Clear","1","1"
"45","450787","2015","11","5","10","Urban","Angle","Daylight","Clear","1","0"
"45","450385","2015","6","6","12","Urban","Angle","Daylight","Clear","1","0"
"45","450853","2015","12","1","18","Urban","Angle","Dark - Lighted","Clear","2","1"
"39","390322","2015","2","7","19","Urban","Angle","Dark - Lighted","Clear","1","0"
"39","390285","2015","4","7","12","Urban","Angle","Daylight","Clear","1","0"
"39","390442","2015","6","1","4","Urban","Angle","Dark - Lighted","Clear","2","1"
"39","390172","2015","1","5","12","Urban","Angle","Daylight","Clear","1","0"
"39","390511","2015","8","1","0","Urban","Angle","Dark - Lighted","Clear","1","1"
"39","390608","2015","8","7","21","Urban","Angle","Dark - Not Lighted","Clear","1","1"
"39","390640","2015","8","7","13","Urban","Angle","Daylight","Clear","1","0"
"39","390510","2015","7","1","0","Urban","Angle","Dark - Lighted","Clear","1","1"
"16","160129","2015","9","2","12","Urban","Angle","Daylight","Clear","1","0"
"48","482117","2015","9","7","20","Urban","Angle","Dark - Not Lighted","Clear","1","0"
"15","150080","2015","12","6","22","Urban","Angle","Dark - Lighted","Clear","1","0"
"15","150008","2015","1","3","8","Urban","Angle","Daylight","Clear","1","0"
"1","10027","2015","1","7","14","Urban","Angle","Daylight","Clear","1","0"
"1","10387","2015","7","5","19","Urban","Angle","Dusk","Clear","1","0"
"13","131187","2015","11","7","22","Urban","Angle","Dark - Lighted","Clear","1","0"
"13","130678","2015","7","1","15","Urban","Angle","Daylight","Clear","1","0"
"13","130390","2015","4","5","18","Urban","Angle","Daylight","Clear","1","0"
"13","130765","2015","8","1","21","Urban","Angle","Dusk","Clear","2","0"
"17","170761","2015","11","3","16","Urban","Angle","Daylight","Clear","1","1"
"24","240434","2015","12","7","14","Urban","Angle","Daylight","Clear","1","1"
"24","240407","2015","11","2","2","Urban","Angle","Dark - Lighted","Clear","1","0"
"24","240307","2015","9","1","13","Urban","Angle","Daylight","Clear","2","0"
"24","240332","2015","9","1","11","Urban","Angle","Daylight","Clear","1","0"
"40","400131","2015","2","6","14","Urban","Angle","Daylight","Clear","1","0"
"27","270214","2015","8","7","23","Urban","Angle","Dark - Lighted","Clear","2","2"
"27","270292","2015","10","1","14","Urban","Angle","Daylight","Clear","1","0"
"27","270310","2015","10","7","13","Urban","Angle","Daylight","Clear","1","0"
"27","270379","2015","9","2","14","Urban","Angle","Daylight","Clear","1","0"
"27","270311","2015","10","7","15","Urban","Angle","Daylight","Clear","1","1"
"47","470249","2015","4","3","14","Urban","Angle","Daylight","Clear","1","0"
"34","340319","2015","7","6","16","Urban","Angle","Daylight","Clear","1","0"
"34","340438","2015","8","4","15","Urban","Angle","Daylight","Clear","1","0"
"34","340384","2015","10","3","6","Urban","Angle","Daylight","Clear","1","0"
"34","340456","2015","9","2","11","Urban","Angle","Daylight","Clear","1","0"
"34","340425","2015","12","3","16","Urban","Angle","Dark - Not Lighted","Clear","1","0"
"34","340242","2015","7","6","22","Urban","Angle","Dark - Lighted","Clear","1","1"
"34","340011","2015","1","2","14","Urban","Angle","Daylight","Clear","1","0"
"34","340117","2015","5","1","10","Urban","Angle","Daylight","Clear","1","0"
"53","530508","2015","12","4","10","Urban","Angle","Daylight","Clear","1","0"
"53","530345","2015","9","5","14","Urban","Angle","Daylight","Clear","1","0"
"46","460050","2015","7","2","18","Urban","Angle","Daylight","Clear","1","0"
"16","160038","2015","4","3","0","Urban","Angle","Dark - Lighted","Clear","1","1"
"32","320270","2015","11","7","15","Urban","Angle","Daylight","Clear","1","0"
"32","320282","2015","11","3","17","Urban","Angle","Dark - Lighted","Clear","1","1"
"18","180786","2015","10","5","10","Urban","Angle","Daylight","Clear","1","0"
"18","180769","2015","12","5","11","Urban","Angle","Daylight","Clear","1","0"
"18","180728","2015","12","7","19","Urban","Angle","Dark - Not Lighted","Clear","1","1"
"18","180762","2015","12","6","1","Urban","Angle","Dark - Lighted","Clear","1","0"
"29","290143","2015","3","4","11","Urban","Angle","Daylight","Clear","1","0"
"19","190103","2015","4","6","8","Urban","Angle","Daylight","Clear","1","0"
"19","190153","2015","8","6","9","Urban","Angle","Daylight","Clear","1","0"
"19","190162","2015","8","3","20","Urban","Angle","Dusk","Clear","2","1"
"39","390774","2015","9","4","20","Urban","Angle","Dark - Lighted","Clear","1","0"
"39","390171","2015","3","7","13","Urban","Angle","Daylight","Clear","1","0"
"39","390581","2015","7","6","15","Urban","Angle","Daylight","Clear","1","0"
"39","391057","2015","11","2","12","Urban","Angle","Daylight","Clear","1","0"
"39","390430","2015","7","4","11","Urban","Angle","Daylight","Clear","1","0"
"39","390927","2015","11","5","13","Urban","Angle","Daylight","Clear","1","0"
"39","390583","2015","8","7","21","Urban","Angle","Dark - Lighted","Clear","1","1"
"49","490221","2015","11","1","18","Urban","Angle","Dark - Lighted","Clear","1","0"
"49","490084","2015","5","7","5","Urban","Angle","Dark - Lighted","Clear","1","0"
"16","160028","2015","3","7","21","Urban","Angle","Dark - Not Lighted","Clear","2","1"
"48","482410","2015","10","1","19","Urban","Angle","Dark - Lighted","Clear","1","0"
"48","481110","2015","5","4","18","Urban","Angle","Daylight","Clear","1","0"
"48","482214","2015","9","1","14","Urban","Angle","Daylight","Clear","1","0"
"48","481840","2015","8","6","6","Urban","Angle","Dawn","Clear","1","0"
"48","482864","2015","11","1","13","Urban","Angle","Daylight","Clear","1","0"
"48","480446","2015","3","6","17","Urban","Angle","Daylight","Clear","1","0"
"48","480150","2015","1","6","17","Urban","Angle","Daylight","Clear","1","0"
"48","482673","2015","11","6","12","Urban","Angle","Daylight","Clear","2","0"
"48","482353","2015","9","4","14","Urban","Angle","Daylight","Clear","1","0"
"48","480381","2015","1","3","16","Urban","Angle","Daylight","Clear","1","0"
"48","480775","2015","4","2","12","Urban","Angle","Daylight","Clear","1","0"
"48","482133","2015","9","6","9","Urban","Angle","Daylight","Clear","1","0"
"48","482054","2015","9","7","21","Urban","Angle","Dark - Lighted","Clear","4","0"
"48","481075","2015","3","1","15","Urban","Angle","Daylight","Clear","1","1"
"48","482137","2015","9","1","15","Urban","Angle","Daylight","Clear","1","0"
"48","482256","2015","8","6","15","Urban","Angle","Daylight","Clear","1","0"
"48","483177","2015","12","6","19","Urban","Angle","Dark - Lighted","Clear","1","0"
"48","481479","2015","7","6","16","Urban","Angle","Daylight","Clear","1","0"
"48","480042","2015","1","4","12","Urban","Angle","Daylight","Clear","1","0"
"48","481870","2015","8","7","22","Urban","Angle","Dark - Not Lighted","Clear","1","0"
"48","483098","2015","12","5","9","Urban","Angle","Daylight","Clear","2","0"
"48","480174","2015","1","3","20","Urban","Angle","Dark - Lighted","Clear","1","1"
"2","20019","2015","5","4","20","Urban","Angle","Daylight","Clear","1","1"
"20","200191","2015","8","6","15","Urban","Angle","Daylight","Clear","1","0"
"20","200256","2015","10","6","15","Urban","Angle","Daylight","Clear","1","0"
"20","200087","2015","4","1","15","Urban","Angle","Daylight","Clear","1","1"
"32","320245","2015","9","5","19","Urban","Angle","Dark - Lighted","Clear","1","1"
"32","320177","2015","11","7","6","Urban","Angle","Dawn","Clear","1","1"
"32","320140","2015","4","4","7","Urban","Angle","Daylight","Clear","1","0"