"state_number","consecutive_number","year_of_crash","month_of_crash","day_of_week","hour_of_crash","land_use_name","manner_of_collision_name","light_condition_name","atmospheric_conditions_name","number_of_fatalities","number_of_drunk_drivers"
"47","470029","2015","1","6","22","Urban","Front-to-Front","Dark - Not Lighted","Clear","1","1"
"55","550362","2015","11","6","21","Urban","Front-to-Front","Dark - Lighted","Clear","1","2"
"53","530036","2015","1","4","16","Urban","Front-to-Front","Daylight","Clear","1","0"
"53","530456","2015","11","6","14","Urban","Front-to-Front","Daylight","Clear","1","0"
"28","280322","2015","8","6","14","Urban","Front-to-Front","Daylight","Clear","1","0"
"37","371059","2015","11","6","7","Urban","Front-to-Front","Daylight","Clear","1","0"
"48","481022","2015","5","6","19","Urban","Front-to-Front","Daylight","Clear","1","1"
"48","481780","2015","7","5","0","Urban","Front-to-Front","Dark - Not Lighted","Clear","1","0"
"48","480390","2015","1","1","6","Urban","Front-to-Front","Dark - Not Lighted","Clear","1","0"
"25","250163","2015","10","6","15","Urban","Front-to-Front","Daylight","Clear","1","1"
"25","250253","2015","11","5","20","Urban","Front-to-Front","Daylight","Clear","1","0"
"10","100074","2015","7","5","15","Urban","Front-to-Front","Daylight","Clear","1","2"
"27","270004","2015","1","6","10","Urban","Angle","Daylight","Clear","1","0"
"54","540072","2015","4","3","10","Urban","Angle","Daylight","Clear","1","0"
"39","390197","2015","3","1","11","Urban","Angle","Daylight","Clear","1","0"
"39","390705","2015","7","2","21","Urban","Angle","Daylight","Clear","1","0"
"48","481073","2015","3","3","14","Urban","Angle","Daylight","Clear","1","0"
"1","10329","2015","6","6","5","Urban","Angle","Daylight","Clear","1","0"
"12","120798","2015","4","5","8","Urban","Angle","Daylight","Clear","1","0"
"12","120321","2015","3","6","16","Urban","Angle","Daylight","Clear","1","0"
"13","130557","2015","6","3","8","Urban","Angle","Daylight","Clear","1","0"
"17","170476","2015","7","7","21","Urban","Angle","Dark - Not Lighted","Clear","1","1"
"17","170787","2015","11","6","5","Urban","Angle","Dark - Not Lighted","Clear","1","0"
"29","290402","2015","7","7","14","Urban","Angle","Daylight","Clear","1","0"
"22","220336","2015","7","4","20","Urban","Angle","Dark - Not Lighted","Clear","1","0"
"9","90005","2015","1","2","15","Urban","Angle","Daylight","Clear","1","0"
"54","540156","2015","8","2","20","Urban","Angle","Dusk","Clear","1","1"
"45","450730","2015","8","1","16","Urban","Angle","Daylight","Clear","1","0"
"45","450911","2015","11","7","9","Urban","Angle","Daylight","Clear","1","0"
"45","450694","2015","10","6","17","Urban","Angle","Daylight","Clear","1","0"
"8","80062","2015","2","7","8","Urban","Angle","Daylight","Clear","1","0"
"17","170775","2015","11","5","9","Urban","Angle","Daylight","Clear","1","0"
"36","360552","2015","7","3","16","Urban","Angle","Daylight","Clear","1","0"
"27","270038","2015","3","4","15","Urban","Angle","Daylight","Clear","1","0"
"47","470017","2015","1","5","1","Urban","Angle","Dark - Not Lighted","Clear","1","1"
"34","340372","2015","10","1","12","Urban","Angle","Daylight","Clear","1","0"
"34","340349","2015","10","5","7","Urban","Angle","Daylight","Clear","1","0"
"34","340054","2015","2","5","7","Urban","Angle","Daylight","Clear","1","0"
"32","320288","2015","12","6","23","Urban","Angle","Dark - Lighted","Clear","1","0"
"48","481928","2015","8","6","22","Urban","Angle","Dark - Not Lighted","Clear","1","0"
"48","481642","2015","7","6","9","Urban","Angle","Daylight","Clear","1","0"
"41","410192","2015","8","1","20","Urban","Angle","Dusk","Clear","1","1"
"4","40790","2015","11","1","12","Urban","Angle","Daylight","Clear","1","0"
"17","170298","2015","4","1","14","Urban","Angle","Daylight","Clear","1","1"
"24","240296","2015","8","3","17","Urban","Angle","Daylight","Clear","2","0"
"26","260016","2015","1","1","15","Urban","Angle","Daylight","Clear","1","1"
"29","290427","2015","7","6","9","Urban","Angle","Daylight","Clear","1","0"
"40","400217","2015","6","7","16","Urban","Angle","Daylight","Clear","1","0"
"55","550226","2015","6","5","23","Urban","Angle","Dark - Lighted","Clear","1","1"
"48","482324","2015","10","3","7","Urban","Angle","Daylight","Clear","1","0"
"48","483150","2015","12","4","7","Urban","Angle","Daylight","Clear","1","0"
"48","481100","2015","5","7","17","Urban","Angle","Daylight","Clear","1","0"
"48","482006","2015","8","6","21","Urban","Angle","Dark - Not Lighted","Clear","1","0"
"48","482307","2015","10","1","9","Urban","Angle","Daylight","Clear","1","0"
"25","250087","2015","6","6","11","Urban","Angle","Daylight","Clear","1","0"
"25","250031","2015","3","5","7","Urban","Angle","Daylight","Clear","1","0"
"42","421088","2015","11","4","9","Urban","Sideswipe - Same Direction","Daylight","Clear","1","2"
"12","120604","2015","4","7","18","Urban","Sideswipe - Same Direction","Daylight","Clear","1","0"
"34","340401","2015","12","2","13","Urban","Sideswipe - Same Direction","Daylight","Clear","1","0"
"48","480801","2015","4","6","19","Urban","Sideswipe - Same Direction","Daylight","Clear","2","0"
"13","130058","2015","1","3","13","Urban","Sideswipe - Same Direction","Daylight","Clear","1","0"
"18","180560","2015","9","4","23","Urban","Sideswipe - Same Direction","Dark - Not Lighted","Clear","1","1"
"17","170894","2015","8","5","23","Urban","Sideswipe - Same Direction","Dark - Lighted","Clear","1","2"
"17","170829","2015","11","5","16","Urban","Sideswipe - Same Direction","Daylight","Clear","1","0"
"16","160041","2015","5","7","8","Urban","Sideswipe - Opposite Direction","Daylight","Clear","1","0"
"54","540230","2015","11","5","15","Urban","Sideswipe - Opposite Direction","Daylight","Clear","1","0"
"48","482168","2015","9","6","12","Urban","Sideswipe - Opposite Direction","Daylight","Clear","1","0"
"12","120126","2015","1","1","16","Urban","Sideswipe - Opposite Direction","Daylight","Clear","1","0"
"17","170182","2015","4","7","14","Urban","Sideswipe - Opposite Direction","Daylight","Clear","1","0"
"26","260369","2015","7","6","17","Urban","Sideswipe - Opposite Direction","Daylight","Clear","1","0"
"42","420199","2015","4","2","5","Urban","Sideswipe - Opposite Direction","Dawn","Clear","1","0"
"27","270207","2015","8","2","18","Urban","Sideswipe - Opposite Direction","Daylight","Clear","1","1"
"48","483039","2015","12","4","16","Urban","Sideswipe - Opposite Direction","Daylight","Clear","1","0"
"35","350212","2015","10","4","18","Urban","Rear-to-Side","Dark - Not Lighted","Clear","1","0"
"48","481130","2015","5","1","19","Urban","Other (End-Swipes and Others)","Daylight","Clear","2","0"
"12","122050","2015","8","7","1","Urban","Non documente","Dark - Lighted","Clear","1","0"
"9","90250","2015","9","3","14","Urban","Angle","Daylight","Clear","1","0"
"54","540129","2015","7","2","18","Urban","Angle","Daylight","Clear","1","1"
"45","450008","2015","1","2","16","Urban","Angle","Daylight","Clear","1","0"
"15","150020","2015","3","6","12","Urban","Angle","Daylight","Clear","1","1"
"34","340356","2015","9","5","16","Urban","Angle","Daylight","Clear","1","0"
"16","160026","2015","3","6","13","Urban","Angle","Daylight","Clear","1","1"
"48","480152","2015","1","7","4","Urban","Angle","Dark - Lighted","Clear","1","0"
"37","371228","2015","12","2","6","Urban","Angle","Dark - Not Lighted","Clear","1","0"
"53","530354","2015","6","2","9","Urban","Angle","Daylight","Clear","1","0"
"53","530300","2015","8","7","16","Urban","Angle","Daylight","Clear","1","0"
"1","10577","2015","10","1","16","Urban","Front-to-Front","Daylight","Clear","1","0"
"47","470711","2015","10","5","22","Urban","Front-to-Front","Dark - Lighted","Clear","1","0"
"22","220279","2015","6","2","22","Urban","Front-to-Rear","Dark - Lighted","Clear","1","1"
"24","240038","2015","2","6","16","Urban","Angle","Daylight","Clear","1","0"
"36","360380","2015","6","7","3","Urban","Front-to-Rear","Dawn","Clear","1","0"
"42","420481","2015","7","5","21","Urban","Not Collision with Motor Vehicle in Transport (Not Necessarily in Transport for 2005-2009)","Dark - Not Lighted","Clear","1","1"
"12","120136","2015","1","3","12","Urban","Not Collision with Motor Vehicle in Transport (Not Necessarily in Transport for 2005-2009)","Daylight","Clear","1","0"
"8","80317","2015","8","3","20","Urban","Not Collision with Motor Vehicle in Transport (Not Necessarily in Transport for 2005-2009)","Dark - Not Lighted","Clear","1","1"
"17","170717","2015","3","6","16","Urban","Not Collision with Motor Vehicle in Transport (Not Necessarily in Transport for 2005-2009)","Daylight","Clear","1","0"
"34","340502","2015","11","7","11","Urban","Not Collision with Motor Vehicle in Transport (Not Necessarily in Transport for 2005-2009)","Daylight","Clear","1","0"
"23","230084","2015","8","5","15","Urban","Front-to-Rear","Daylight","Clear","1","0"
"49","490049","2015","3","5","10","Urban","Front-to-Rear","Daylight","Clear","1","0"
"17","170815","2015","10","6","7","Urban","Front-to-Rear","Dark - Lighted","Clear","1","0"
"36","360474","2015","6","5","10","Urban","Front-to-Rear","Daylight","Clear","2","0"
"36","360031","2015","1","6","22","Urban","Front-to-Rear","Dark - Not Lighted","Clear","1","0"
"47","470764","2015","11","7","2","Urban","Front-to-Rear","Dark - Lighted","Clear","1","1"
"41","410297","2015","3","2","16","Urban","Front-to-Rear","Daylight","Clear","1","0"
"39","390095","2015","2","1","2","Urban","Front-to-Rear","Dark - Not Lighted","Clear","1","2"
"48","481241","2015","6","2","15","Urban","Front-to-Rear","Daylight","Clear","1","0"
"17","170515","2015","8","2","19","Urban","Front-to-Rear","Daylight","Clear","1","1"
"53","530519","2015","11","6","12","Urban","Front-to-Rear","Daylight","Clear","1","0"
"48","482426","2015","10","2","20","Urban","Front-to-Rear","Dark - Not Lighted","Clear","1","0"
"39","390418","2015","6","5","6","Urban","Front-to-Front","Dawn","Clear","2","0"
"48","482915","2015","12","7","14","Urban","Front-to-Front","Daylight","Clear","1","0"
"21","210679","2015","12","5","21","Urban","Front-to-Front","Dark - Not Lighted","Clear","2","1"
"45","450472","2015","7","5","22","Urban","Front-to-Front","Dark - Lighted","Clear","1","1"
"24","240409","2015","11","5","23","Urban","Front-to-Front","Dark - Lighted","Clear","2","0"
"34","340373","2015","10","5","16","Urban","Front-to-Front","Daylight","Clear","1","0"
"34","340133","2015","4","3","11","Urban","Front-to-Front","Daylight","Clear","1","0"
"34","340188","2015","6","4","14","Urban","Front-to-Front","Daylight","Clear","1","0"
"34","340066","2015","2","3","16","Urban","Front-to-Front","Daylight","Clear","1","0"
"48","482341","2015","10","6","17","Urban","Front-to-Front","Daylight","Clear","1","0"
"32","320191","2015","7","6","15","Urban","Front-to-Front","Daylight","Clear","1","0"
"1","10548","2015","9","5","11","Urban","Front-to-Front","Daylight","Clear","1","0"
"4","40421","2015","6","7","22","Urban","Front-to-Front","Dark - Lighted","Clear","1","1"
"4","40449","2015","7","3","15","Urban","Front-to-Front","Daylight","Clear","1","1"
"25","250129","2015","7","1","17","Urban","Front-to-Front","Daylight","Clear","1","0"
"12","122602","2015","12","1","22","Urban","Angle","Dark - Lighted","Clear","1","0"
"13","130462","2015","5","4","16","Urban","Angle","Daylight","Clear","1","2"
"17","170705","2015","10","4","10","Urban","Angle","Daylight","Clear","1","1"
"45","450563","2015","8","1","9","Urban","Angle","Daylight","Clear","2","0"
"45","450352","2015","6","4","16","Urban","Angle","Daylight","Clear","1","0"
"45","450262","2015","3","6","19","Urban","Angle","Dusk","Clear","1","0"
"17","170638","2015","9","4","21","Urban","Angle","Dark - Lighted","Clear","2","0"
"17","170646","2015","10","3","17","Urban","Angle","Dusk","Clear","1","1"
"34","340271","2015","9","1","14","Urban","Angle","Daylight","Clear","1","0"
"48","483220","2015","9","3","17","Urban","Angle","Daylight","Clear","1","0"
"48","481369","2015","6","1","12","Urban","Angle","Daylight","Clear","1","0"
"4","40203","2015","3","1","23","Urban","Angle","Dark - Not Lighted","Clear","1","1"
"17","170826","2015","11","1","8","Urban","Angle","Daylight","Clear","1","0"
"26","260029","2015","1","6","13","Urban","Angle","Daylight","Clear","2","1"
"13","130250","2015","3","2","8","Urban","Sideswipe - Opposite Direction","Daylight","Clear","1","1"
"33","330049","2015","7","6","15","Urban","Other (End-Swipes and Others)","Daylight","Clear","1","0"
"1","10058","2015","2","1","14","Urban","Not Collision with Motor Vehicle in Transport (Not Necessarily in Transport for 2005-2009)","Daylight","Clear","1","0"
"4","40367","2015","6","1","17","Urban","Not Collision with Motor Vehicle in Transport (Not Necessarily in Transport for 2005-2009)","Daylight","Clear","1","0"
"42","420238","2015","4","1","12","Urban","Not Collision with Motor Vehicle in Transport (Not Necessarily in Transport for 2005-2009)","Daylight","Clear","1","0"
"45","450849","2015","11","4","12","Urban","Not Collision with Motor Vehicle in Transport (Not Necessarily in Transport for 2005-2009)","Daylight","Clear","1","0"
"13","131205","2015","12","5","17","Urban","Not Collision with Motor Vehicle in Transport (Not Necessarily in Transport for 2005-2009)","Dark - Lighted","Clear","1","0"
"39","390395","2015","5","5","16","Urban","Front-to-Rear","Daylight","Clear","1","0"
"12","120329","2015","1","6","13","Urban","Front-to-Rear","Daylight","Clear","1","0"
"22","220358","2015","7","2","15","Urban","Front-to-Rear","Daylight","Clear","1","0"
"55","550047","2015","2","3","15","Urban","Front-to-Rear","Daylight","Clear","1","0"
"4","40300","2015","5","6","20","Urban","Front-to-Rear","Dark - Lighted","Clear","1","1"
"48","481844","2015","3","7","13","Urban","Front-to-Rear","Daylight","Clear","1","0"
"49","490253","2015","12","5","17","Urban","Front-to-Front","Dusk","Clear","1","0"
"13","130901","2015","9","4","21","Urban","Front-to-Front","Dark - Not Lighted","Clear","1","0"
"13","130405","2015","4","1","20","Urban","Front-to-Front","Dark - Not Lighted","Clear","1","1"
"42","420773","2015","7","5","12","Urban","Front-to-Front","Daylight","Clear","1","0"
"33","330033","2015","6","3","18","Urban","Front-to-Front","Daylight","Clear","1","1"
"39","390201","2015","4","4","8","Urban","Front-to-Front","Daylight","Clear","1","1"
"48","480116","2015","1","1","21","Urban","Front-to-Front","Dark - Lighted","Clear","1","1"
"13","130777","2015","8","5","20","Urban","Angle","Daylight","Clear","1","0"
"10","100100","2015","11","4","21","Urban","Angle","Dark - Not Lighted","Clear","1","0"
"42","421042","2015","11","3","19","Urban","Angle","Dark - Lighted","Clear","1","1"
"25","250014","2015","2","5","19","Urban","Angle","Dark - Lighted","Clear","1","0"
"39","390761","2015","9","4","16","Urban","Angle","Daylight","Clear","1","0"
"39","390914","2015","11","1","14","Urban","Angle","Daylight","Clear","1","1"
"48","480974","2015","5","1","14","Urban","Angle","Daylight","Clear","1","1"
"48","480779","2015","2","5","21","Urban","Angle","Dark - Lighted","Clear","1","0"
"32","320023","2015","1","7","20","Urban","Angle","Dark - Lighted","Clear","1","0"
"12","122598","2015","12","6","16","Urban","Angle","Daylight","Clear","1","0"
"13","130528","2015","6","2","5","Urban","Angle","Dark - Lighted","Clear","1","0"
"13","130122","2015","2","7","22","Urban","Angle","Dark - Not Lighted","Clear","2","0"
"13","130085","2015","1","3","7","Urban","Angle","Daylight","Clear","1","0"
"18","180674","2015","10","5","19","Urban","Angle","Dark - Not Lighted","Clear","1","0"
"5","50348","2015","9","1","19","Urban","Angle","Dark - Not Lighted","Clear","2","2"
"8","80140","2015","4","6","12","Urban","Angle","Daylight","Clear","1","1"
"8","80385","2015","9","4","19","Urban","Angle","Dark - Not Lighted","Clear","1","0"
"24","240260","2015","8","7","16","Urban","Angle","Daylight","Clear","1","0"
"24","240468","2015","9","7","18","Urban","Angle","Daylight","Clear","1","0"
"36","360488","2015","7","5","21","Urban","Angle","Dark - Lighted","Clear","1","0"
"22","220272","2015","6","2","8","Urban","Angle","Daylight","Clear","1","0"
"22","220597","2015","10","2","6","Urban","Angle","Dark - Not Lighted","Clear","1","0"
"42","421027","2015","11","5","19","Urban","Angle","Dark - Lighted","Clear","1","1"
"42","421009","2015","11","6","11","Urban","Angle","Daylight","Clear","1","0"
"42","420157","2015","3","3","12","Urban","Angle","Daylight","Clear","1","0"
"42","420414","2015","6","2","18","Urban","Angle","Daylight","Clear","1","0"
"42","420068","2015","2","6","13","Urban","Angle","Daylight","Clear","1","1"
"25","250096","2015","7","3","16","Urban","Angle","Daylight","Clear","1","0"
"45","450121","2015","2","7","16","Urban","Angle","Daylight","Clear","1","1"
"45","450251","2015","4","5","20","Urban","Angle","Dark - Lighted","Clear","1","0"
"45","450883","2015","12","2","13","Urban","Angle","Daylight","Clear","1","0"
"48","482560","2015","10","2","16","Urban","Angle","Daylight","Clear","1","0"
"48","483239","2015","7","2","12","Urban","Angle","Daylight","Clear","1","0"
"13","130866","2015","9","2","22","Urban","Angle","Dark - Not Lighted","Clear","1","1"
"13","130588","2015","6","5","20","Urban","Angle","Daylight","Clear","1","0"
"17","170609","2015","8","6","18","Urban","Angle","Daylight","Clear","1","1"
"27","270324","2015","11","1","18","Urban","Angle","Dark - Lighted","Clear","1","1"
"19","190060","2015","4","2","17","Urban","Angle","Dusk","Clear","1","0"
"39","390489","2015","7","2","9","Urban","Angle","Daylight","Clear","1","0"
"48","481754","2015","7","5","22","Urban","Angle","Dark - Lighted","Clear","1","1"
"48","482756","2015","11","3","17","Urban","Angle","Daylight","Clear","1","0"
"48","482713","2015","11","4","19","Urban","Angle","Dark - Lighted","Clear","1","0"
"48","480313","2015","2","6","14","Urban","Angle","Daylight","Clear","1","1"
"32","320208","2015","9","5","14","Urban","Angle","Daylight","Clear","1","0"
"41","410320","2015","8","6","13","Urban","Angle","Daylight","Clear","1","1"
"4","40317","2015","5","3","9","Urban","Angle","Daylight","Clear","1","0"
"17","170405","2015","5","6","13","Urban","Angle","Daylight","Clear","1","0"
"26","260388","2015","7","4","20","Urban","Angle","Daylight","Clear","1","1"
"29","290696","2015","10","1","19","Urban","Angle","Dark - Lighted","Clear","1","1"
"29","290686","2015","10","7","20","Urban","Angle","Dark - Lighted","Clear","1","0"
"31","310079","2015","5","1","16","Urban","Angle","Daylight","Clear","1","0"
"36","360671","2015","9","7","22","Urban","Angle","Dark - Lighted","Clear","1","0"
"40","400342","2015","7","4","12","Urban","Angle","Daylight","Clear","1","0"
"47","470276","2015","5","6","17","Urban","Angle","Daylight","Clear","1","0"
"47","470829","2015","12","1","2","Urban","Angle","Dark - Lighted","Clear","1","1"
"55","550291","2015","4","6","0","Urban","Angle","Dark - Lighted","Clear","1","2"
"53","530307","2015","8","4","9","Urban","Angle","Daylight","Clear","1","0"
"48","483198","2015","5","4","15","Urban","Angle","Daylight","Clear","1","0"
"48","482720","2015","11","6","17","Urban","Angle","Dark - Not Lighted","Clear","1","0"
"48","480854","2015","4","6","18","Urban","Angle","Daylight","Clear","1","0"
"48","481494","2015","7","1","16","Urban","Angle","Daylight","Clear","1","1"
"48","481375","2015","6","4","21","Urban","Angle","Dark - Not Lighted","Clear","1","1"
"37","370147","2015","2","4","16","Urban","Sideswipe - Opposite Direction","Daylight","Clear","1","0"
"19","190050","2015","4","4","16","Urban","Other (End-Swipes and Others)","Daylight","Clear","1","1"
"25","250198","2015","11","6","9","Urban","Front-to-Front","Daylight","Clear","1","0"
"39","390944","2015","11","4","14","Urban","Angle","Daylight","Clear","1","0"
"26","260910","2015","12","5","18","Rural","Not Collision with Motor Vehicle in Transport (Not Necessarily in Transport for 2005-2009)","Dusk","Clear","1","0"
"17","170447","2015","7","1","17","Rural","Not Collision with Motor Vehicle in Transport (Not Necessarily in Transport for 2005-2009)","Daylight","Clear","1","0"
"47","470790","2015","10","4","","Rural","Not Collision with Motor Vehicle in Transport (Not Necessarily in Transport for 2005-2009)","Dark - Not Lighted","Clear","1","0"
"45","450677","2015","10","7","11","Rural","Not Collision with Motor Vehicle in Transport (Not Necessarily in Transport for 2005-2009)","Daylight","Clear","1","0"
"27","270344","2015","12","4","15","Rural","Front-to-Rear","Daylight","Clear","1","0"
"18","180637","2015","10","5","7","Rural","Sideswipe - Opposite Direction","Dark - Not Lighted","Clear","1","0"
"13","130525","2015","5","1","0","Urban","Not Collision with Motor Vehicle in Transport (Not Necessarily in Transport for 2005-2009)","Dark - Lighted","Clear","1","0"
"12","121460","2015","7","4","21","Urban","Front-to-Front","Dark - Not Lighted","Clear","1","0"
"24","240162","2015","5","5","19","Urban","Front-to-Front","Dusk","Clear","1","0"
"45","450691","2015","10","5","13","Urban","Angle","Daylight","Clear","1","0"
"32","320239","2015","11","7","19","Urban","Angle","Dark - Lighted","Clear","1","1"
"29","290471","2015","7","1","16","Urban","Angle","Daylight","Clear","1","0"
"45","450866","2015","12","1","19","Urban","Sideswipe - Same Direction","Dusk","Clear","1","0"
"12","120225","2015","2","4","20","Urban","Not Collision with Motor Vehicle in Transport (Not Necessarily in Transport for 2005-2009)","Dusk","Clear","1","0"
"45","450090","2015","2","5","20","Urban","Not Collision with Motor Vehicle in Transport (Not Necessarily in Transport for 2005-2009)","Dark - Lighted","Clear","1","0"
"39","390445","2015","7","7","2","Urban","Not Collision with Motor Vehicle in Transport (Not Necessarily in Transport for 2005-2009)","Dark - Lighted","Clear","1","0"
"34","340112","2015","1","6","6","Urban","Not Collision with Motor Vehicle in Transport (Not Necessarily in Transport for 2005-2009)","Dark - Lighted","Clear","1","0"
"39","391050","2015","12","7","21","Urban","Not Collision with Motor Vehicle in Transport (Not Necessarily in Transport for 2005-2009)","Dark - Not Lighted","Clear","1","0"
"4","40212","2015","4","4","19","Urban","Not Collision with Motor Vehicle in Transport (Not Necessarily in Transport for 2005-2009)","Dark - Lighted","Clear","1","0"
"4","40492","2015","7","5","20","Urban","Not Collision with Motor Vehicle in Transport (Not Necessarily in Transport for 2005-2009)","Dark - Lighted","Clear","1","0"
"4","40740","2015","11","6","18","Urban","Not Collision with Motor Vehicle in Transport (Not Necessarily in Transport for 2005-2009)","Dark - Lighted","Clear","1","0"
"40","400473","2015","11","1","0","Urban","Not Collision with Motor Vehicle in Transport (Not Necessarily in Transport for 2005-2009)","Dark - Lighted","Clear","1","0"
"47","470612","2015","9","3","22","Urban","Not Collision with Motor Vehicle in Transport (Not Necessarily in Transport for 2005-2009)","Dark - Lighted","Clear","1","0"
"12","121068","2015","5","2","15","Urban","Front-to-Rear","Daylight","Clear","1","0"
"9","90018","2015","4","5","17","Urban","Front-to-Rear","Daylight","Clear","1","0"
"48","480303","2015","2","3","17","Urban","Front-to-Rear","Dusk","Clear","1","1"
"48","482618","2015","11","1","0","Urban","Front-to-Rear","Dark - Not Lighted","Clear","1","0"
"47","470081","2015","1","4","20","Urban","Angle","Dark - Not Lighted","Clear","1","0"
"8","80228","2015","6","7","14","Urban","Sideswipe - Same Direction","Daylight","Clear","1","0"
"34","340361","2015","10","7","22","Urban","Front-to-Front","Dark - Lighted","Clear","2","1"
"12","122375","2015","12","3","16","Urban","Not Collision with Motor Vehicle in Transport (Not Necessarily in Transport for 2005-2009)","Dark - Not Lighted","Clear","1","0"
"13","130665","2015","7","5","17","Urban","Not Collision with Motor Vehicle in Transport (Not Necessarily in Transport for 2005-2009)","Daylight","Clear","1","0"
"4","40324","2015","5","6","20","Urban","Not Collision with Motor Vehicle in Transport (Not Necessarily in Transport for 2005-2009)","Dark - Lighted","Clear","1","0"
"15","150021","2015","4","1","13","Urban","Not Collision with Motor Vehicle in Transport (Not Necessarily in Transport for 2005-2009)","Daylight","Clear","1","0"
"47","470749","2015","11","3","9","Rural","Not Collision with Motor Vehicle in Transport (Not Necessarily in Transport for 2005-2009)","Daylight","Clear","2","0"
"53","530390","2015","9","3","10","Urban","Angle","Daylight","Clear","1","0"
"4","40614","2015","9","1","16","Urban","Non documente","Daylight","Clear","1","0"
"12","120113","2015","1","5","18","Urban","Not Collision with Motor Vehicle in Transport (Not Necessarily in Transport for 2005-2009)","Dark - Not Lighted","Clear","1","0"
"48","483241","2015","7","5","1","Urban","Not Collision with Motor Vehicle in Transport (Not Necessarily in Transport for 2005-2009)","Dark - Not Lighted","Clear","1","0"
"19","190093","2015","6","2","12","Urban","Front-to-Rear","Daylight","Clear","1","0"
"48","481744","2015","7","6","23","Urban","Front-to-Rear","Dark - Not Lighted","Clear","2","0"
"18","180234","2015","5","4","17","Rural","Not Collision with Motor Vehicle in Transport (Not Necessarily in Transport for 2005-2009)","Daylight","Clear","1","0"
"4","40488","2015","7","4","12","Rural","Not Collision with Motor Vehicle in Transport (Not Necessarily in Transport for 2005-2009)","Daylight","Clear","1","0"
"5","50236","2015","7","7","12","Rural","Front-to-Rear","Daylight","Clear","3","0"
"5","50246","2015","7","5","22","Rural","Front-to-Rear","Dark - Not Lighted","Clear","2","1"
"39","390413","2015","6","1","0","Rural","Front-to-Rear","Dark - Not Lighted","Clear","2","1"
"48","480198","2015","1","7","16","Rural","Front-to-Rear","Daylight","Clear","1","0"
"21","210572","2015","11","3","14","Rural","Front-to-Front","Daylight","Clear","1","0"
"36","361026","2015","11","2","17","Rural","Front-to-Front","Dark - Lighted","Clear","1","0"
"39","390515","2015","8","1","18","Rural","Front-to-Front","Daylight","Clear","1","0"
"18","180482","2015","8","2","14","Rural","Front-to-Front","Daylight","Clear","1","0"
"50","500021","2015","7","5","17","Rural","Front-to-Front","Daylight","Clear","1","0"
"5","50080","2015","3","7","15","Rural","Front-to-Front","Daylight","Clear","1","0"
"21","210060","2015","1","2","8","Rural","Front-to-Front","Daylight","Clear","1","0"
"24","240217","2015","7","2","13","Rural","Front-to-Front","Daylight","Clear","1","0"
"26","260204","2015","1","2","18","Rural","Front-to-Front","Dark - Lighted","Clear","1","0"
"22","220252","2015","5","7","15","Rural","Front-to-Front","Daylight","Clear","1","0"
"42","420104","2015","2","1","15","Rural","Front-to-Front","Daylight","Clear","1","0"
"54","540211","2015","10","6","18","Rural","Front-to-Front","Daylight","Clear","3","0"
"37","371253","2015","12","7","21","Rural","Front-to-Front","Dark - Not Lighted","Clear","1","0"
"26","260439","2015","7","5","11","Rural","Front-to-Front","Daylight","Clear","1","0"
"27","270178","2015","7","3","15","Rural","Front-to-Front","Daylight","Clear","2","0"
"48","482355","2015","9","7","18","Rural","Front-to-Front","Dusk","Clear","1","0"
"48","482643","2015","11","4","13","Rural","Front-to-Front","Daylight","Clear","1","1"
"39","390365","2015","6","3","10","Rural","Angle","Daylight","Clear","2","0"
"48","482186","2015","9","6","0","Rural","Angle","Dark - Lighted","Clear","4","0"
"1","10746","2015","10","5","17","Rural","Angle","Dark - Not Lighted","Clear","1","0"
"4","40732","2015","11","2","5","Rural","Angle","Dark - Not Lighted","Clear","1","0"
"13","130663","2015","7","4","21","Rural","Angle","Dark - Not Lighted","Clear","1","0"
"18","180454","2015","8","6","15","Rural","Angle","Daylight","Clear","1","0"
"18","180399","2015","7","7","18","Rural","Angle","Daylight","Clear","1","0"
"18","180288","2015","6","5","14","Rural","Angle","Daylight","Clear","1","0"
"18","180208","2015","5","2","22","Rural","Angle","Dark - Not Lighted","Clear","2","0"
"18","180430","2015","8","4","9","Rural","Angle","Daylight","Clear","1","0"
"21","210432","2015","9","3","8","Rural","Angle","Daylight","Clear","1","0"
"21","210334","2015","7","5","9","Rural","Angle","Daylight","Clear","1","0"
"40","400583","2015","12","5","15","Rural","Angle","Daylight","Clear","1","0"
"40","400571","2015","12","4","12","Rural","Angle","Daylight","Clear","1","0"
"42","420327","2015","5","4","21","Rural","Angle","Dark - Not Lighted","Clear","1","0"
"19","190097","2015","6","7","10","Rural","Angle","Daylight","Clear","2","0"
"39","390812","2015","9","3","16","Rural","Angle","Daylight","Clear","1","0"
"39","391045","2015","12","7","20","Rural","Angle","Dark - Lighted","Clear","1","0"
"39","390328","2015","5","4","15","Rural","Angle","Daylight","Clear","1","0"
"39","390735","2015","9","3","15","Rural","Angle","Daylight","Clear","1","0"
"39","390658","2015","7","7","19","Rural","Angle","Daylight","Clear","1","1"
"39","390265","2015","5","1","20","Rural","Angle","Dusk","Clear","1","0"
"39","390932","2015","11","2","14","Rural","Angle","Daylight","Clear","1","1"
"39","390314","2015","5","4","7","Rural","Angle","Daylight","Clear","1","0"
"16","160124","2015","9","3","15","Rural","Angle","Daylight","Clear","1","0"
"48","480822","2015","4","7","13","Rural","Angle","Daylight","Clear","1","0"
"48","481574","2015","7","7","13","Rural","Angle","Daylight","Clear","2","1"
"41","410184","2015","7","3","12","Rural","Angle","Daylight","Clear","1","0"
"1","10385","2015","7","4","10","Rural","Angle","Daylight","Clear","1","0"
"4","40525","2015","8","6","6","Rural","Angle","Dawn","Clear","1","0"
"4","40446","2015","7","1","15","Rural","Angle","Daylight","Clear","1","0"
"13","130315","2015","4","5","16","Rural","Angle","Daylight","Clear","2","0"
"13","130310","2015","4","4","16","Rural","Angle","Daylight","Clear","1","0"
"18","180617","2015","10","3","17","Rural","Angle","Daylight","Clear","1","0"
"18","180638","2015","10","7","17","Rural","Angle","Daylight","Clear","1","0"
"18","180534","2015","9","5","12","Rural","Angle","Daylight","Clear","2","0"
"18","180585","2015","9","2","16","Rural","Angle","Daylight","Clear","1","0"
"18","180652","2015","10","4","8","Rural","Angle","Daylight","Clear","1","0"