"state_number","consecutive_number","year_of_crash","month_of_crash","day_of_week","hour_of_crash","land_use_name","manner_of_collision_name","light_condition_name","atmospheric_conditions_name","number_of_fatalities","number_of_drunk_drivers"
"22","220583","2015","11","5","10","Rural","Not Collision with Motor Vehicle in Transport (Not Necessarily in Transport for 2005-2009)","Daylight","Clear","1","0"
"13","131274","2015","12","6","6","Rural","Not Collision with Motor Vehicle in Transport (Not Necessarily in Transport for 2005-2009)","Dark - Not Lighted","Clear","1","0"
"19","190126","2015","7","3","16","Rural","Front-to-Rear","Daylight","Clear","1","0"
"39","390387","2015","6","7","12","Rural","Front-to-Rear","Daylight","Clear","1","0"
"18","180523","2015","9","5","13","Rural","Front-to-Rear","Daylight","Clear","1","0"
"30","300176","2015","11","5","18","Rural","Front-to-Rear","Dark - Not Lighted","Clear","1","0"
"31","310148","2015","9","6","20","Rural","Front-to-Rear","Dark - Not Lighted","Clear","1","0"
"31","310016","2015","1","5","14","Rural","Front-to-Rear","Daylight","Clear","1","0"
"55","550351","2015","9","6","15","Rural","Front-to-Rear","Daylight","Clear","1","0"
"35","350058","2015","3","2","17","Rural","Front-to-Rear","Daylight","Clear","1","0"
"37","370913","2015","9","3","8","Rural","Front-to-Rear","Daylight","Clear","1","1"
"45","450545","2015","8","7","10","Rural","Front-to-Rear","Daylight","Clear","1","0"
"31","310075","2015","5","7","18","Rural","Front-to-Rear","Daylight","Clear","2","1"
"37","371100","2015","11","5","11","Rural","Front-to-Rear","Daylight","Clear","1","0"
"45","450029","2015","1","3","10","Rural","Front-to-Rear","Daylight","Clear","1","0"
"12","121245","2015","7","4","20","Rural","Front-to-Rear","Dusk","Clear","1","1"
"48","482400","2015","10","5","6","Rural","Front-to-Front","Dawn","Clear","1","0"
"1","10271","2015","5","6","22","Rural","Front-to-Front","Dark - Lighted","Clear","1","0"
"12","122075","2015","11","1","6","Rural","Front-to-Front","Dark - Not Lighted","Clear","1","0"
"5","50315","2015","8","5","20","Rural","Front-to-Front","Dark - Not Lighted","Clear","1","1"
"24","240453","2015","12","5","17","Rural","Front-to-Front","Dusk","Clear","1","0"
"29","290482","2015","8","7","21","Rural","Front-to-Front","Dark - Not Lighted","Clear","1","0"
"35","350153","2015","8","1","14","Rural","Front-to-Front","Daylight","Clear","1","0"
"37","371060","2015","7","7","18","Rural","Front-to-Front","Daylight","Clear","1","0"
"37","371105","2015","11","6","16","Rural","Front-to-Front","Daylight","Clear","1","0"
"39","390206","2015","4","1","12","Rural","Front-to-Front","Daylight","Clear","1","0"
"12","121102","2015","6","4","17","Rural","Front-to-Front","Daylight","Clear","2","0"
"18","180603","2015","9","1","12","Rural","Front-to-Front","Daylight","Clear","1","0"
"36","360776","2015","6","2","14","Rural","Front-to-Front","Daylight","Clear","1","0"
"36","360125","2015","1","6","10","Rural","Front-to-Front","Daylight","Clear","1","0"
"47","470228","2015","4","3","12","Rural","Front-to-Front","Daylight","Clear","1","0"
"55","550396","2015","9","6","11","Rural","Front-to-Front","Daylight","Clear","1","0"
"34","340420","2015","12","7","21","Rural","Front-to-Front","Dark - Not Lighted","Clear","1","0"
"53","530118","2015","4","3","17","Rural","Front-to-Front","Daylight","Clear","1","0"
"37","371010","2015","10","6","8","Rural","Front-to-Front","Daylight","Clear","1","0"
"37","370720","2015","8","7","11","Rural","Front-to-Front","Daylight","Clear","1","0"
"2","20036","2015","8","4","13","Rural","Front-to-Front","Daylight","Clear","2","0"
"26","260462","2015","7","6","16","Rural","Front-to-Front","Daylight","Clear","1","0"
"48","482163","2015","9","5","21","Rural","Angle","Dark - Not Lighted","Clear","1","0"
"19","190018","2015","2","4","14","Rural","Angle","Daylight","Clear","2","0"
"19","190067","2015","4","5","19","Rural","Angle","Daylight","Clear","1","0"
"19","190265","2015","12","5","16","Rural","Angle","Dark - Not Lighted","Clear","1","0"
"19","190007","2015","1","6","15","Rural","Angle","Daylight","Clear","2","0"
"19","190217","2015","10","2","16","Rural","Angle","Daylight","Clear","1","0"
"19","190180","2015","8","6","16","Rural","Angle","Daylight","Clear","4","0"
"39","390962","2015","11","4","18","Rural","Angle","Dark - Not Lighted","Clear","1","0"
"39","390618","2015","8","4","5","Rural","Angle","Dark - Not Lighted","Clear","1","0"
"39","390533","2015","7","3","18","Rural","Angle","Daylight","Clear","1","0"
"39","390830","2015","10","1","16","Rural","Angle","Daylight","Clear","2","0"
"39","390690","2015","9","2","14","Rural","Angle","Daylight","Clear","1","0"
"39","390195","2015","4","6","14","Rural","Angle","Daylight","Clear","1","0"
"39","390732","2015","9","5","10","Rural","Angle","Daylight","Clear","1","0"
"39","390035","2015","1","2","8","Rural","Angle","Daylight","Clear","1","0"
"39","390711","2015","9","3","9","Rural","Angle","Daylight","Clear","1","0"
"16","160079","2015","6","5","16","Rural","Angle","Daylight","Clear","1","0"
"48","482999","2015","12","3","5","Rural","Angle","Dark - Not Lighted","Clear","1","0"
"48","482804","2015","11","2","8","Rural","Angle","Daylight","Clear","1","0"
"48","481349","2015","6","3","14","Rural","Angle","Daylight","Clear","1","0"
"48","483168","2015","12","3","18","Rural","Angle","Dark - Lighted","Clear","1","1"
"48","483152","2015","12","2","8","Rural","Angle","Daylight","Clear","1","0"
"48","480105","2015","1","6","18","Rural","Angle","Dark - Not Lighted","Clear","1","1"
"48","482716","2015","11","5","7","Rural","Angle","Daylight","Clear","2","0"
"48","480153","2015","1","1","2","Rural","Angle","Dark - Not Lighted","Clear","1","2"
"48","482154","2015","9","4","8","Rural","Angle","Daylight","Clear","1","0"
"48","481707","2015","7","1","5","Rural","Angle","Dark - Lighted","Clear","1","1"
"48","481350","2015","6","3","9","Rural","Angle","Daylight","Clear","1","0"
"48","482871","2015","12","3","19","Rural","Angle","Dark - Not Lighted","Clear","2","0"
"48","481307","2015","4","1","14","Rural","Angle","Daylight","Clear","1","0"
"48","481416","2015","6","6","6","Rural","Angle","Daylight","Clear","2","1"
"48","481027","2015","5","7","18","Rural","Angle","Daylight","Clear","2","0"
"48","482437","2015","10","6","18","Rural","Angle","Daylight","Clear","3","0"
"48","481277","2015","6","3","17","Rural","Angle","Daylight","Clear","1","1"
"48","480276","2015","2","6","12","Rural","Angle","Daylight","Clear","1","1"
"48","481399","2015","6","3","17","Rural","Angle","Daylight","Clear","2","0"
"48","482820","2015","11","1","18","Rural","Angle","Dark - Not Lighted","Clear","2","1"
"48","482890","2015","12","5","9","Rural","Angle","Daylight","Clear","1","0"
"48","482081","2015","9","6","9","Rural","Angle","Daylight","Clear","1","0"
"48","480585","2015","3","2","17","Rural","Angle","Daylight","Clear","1","0"
"48","481199","2015","6","2","1","Rural","Angle","Dark - Not Lighted","Clear","1","1"
"20","200075","2015","4","6","18","Rural","Angle","Daylight","Clear","2","0"
"20","200038","2015","2","4","19","Rural","Angle","Dark - Not Lighted","Clear","1","0"
"20","200325","2015","12","3","1","Rural","Angle","Dark - Not Lighted","Clear","1","1"
"20","200143","2015","7","4","14","Rural","Angle","Daylight","Clear","1","0"
"20","200216","2015","9","4","10","Rural","Angle","Daylight","Clear","1","0"
"20","200326","2015","12","3","14","Rural","Angle","Daylight","Clear","1","0"
"20","200217","2015","9","6","15","Rural","Angle","Daylight","Clear","1","0"
"20","200070","2015","4","2","13","Rural","Angle","Daylight","Clear","1","0"
"20","200095","2015","5","7","10","Rural","Angle","Daylight","Clear","1","0"
"32","320085","2015","5","1","11","Rural","Angle","Daylight","Clear","2","0"
"1","10035","2015","1","4","9","Rural","Angle","Daylight","Clear","1","0"
"1","10322","2015","6","7","12","Rural","Angle","Daylight","Clear","1","0"
"1","10170","2015","4","4","20","Rural","Angle","Dark - Lighted","Clear","1","0"
"1","10083","2015","3","1","3","Rural","Angle","Dark - Lighted","Clear","4","2"
"1","10631","2015","11","5","14","Rural","Angle","Daylight","Clear","1","0"
"12","121000","2015","6","4","14","Rural","Angle","Daylight","Clear","2","0"
"12","121427","2015","7","2","10","Rural","Angle","Daylight","Clear","5","0"
"12","120072","2015","1","7","15","Rural","Angle","Daylight","Clear","1","0"
"12","120869","2015","5","4","15","Rural","Angle","Daylight","Clear","1","0"
"12","122333","2015","10","4","11","Rural","Angle","Daylight","Clear","1","0"
"12","122369","2015","12","1","15","Rural","Angle","Daylight","Clear","1","0"
"12","121203","2015","6","2","12","Rural","Angle","Daylight","Clear","1","1"
"12","120568","2015","4","7","20","Rural","Angle","Dark - Lighted","Clear","1","1"
"12","122392","2015","10","5","8","Rural","Angle","Daylight","Clear","1","0"
"12","120162","2015","1","7","11","Rural","Angle","Daylight","Clear","3","0"
"13","130479","2015","5","2","14","Rural","Angle","Daylight","Clear","1","0"
"13","131011","2015","10","2","10","Rural","Angle","Daylight","Clear","1","0"
"13","131013","2015","10","4","8","Rural","Angle","Daylight","Clear","1","0"
"13","130623","2015","6","6","15","Rural","Angle","Daylight","Clear","1","0"
"13","130117","2015","2","6","15","Rural","Angle","Daylight","Clear","2","0"
"13","130892","2015","9","1","14","Rural","Angle","Daylight","Clear","1","0"
"13","130746","2015","8","1","8","Rural","Angle","Daylight","Clear","2","0"
"18","180382","2015","7","7","10","Rural","Angle","Daylight","Clear","2","0"
"18","180308","2015","6","5","6","Rural","Angle","Dawn","Clear","1","0"
"18","180464","2015","8","2","10","Rural","Angle","Daylight","Clear","1","0"
"18","180519","2015","9","4","5","Rural","Angle","Dark - Not Lighted","Clear","1","0"
"18","180487","2015","8","6","18","Rural","Angle","Dusk","Clear","1","0"
"30","300028","2015","4","5","7","Rural","Angle","Daylight","Clear","1","0"
"30","300161","2015","8","2","20","Rural","Angle","Dusk","Clear","1","1"
"30","300137","2015","9","1","18","Rural","Angle","Daylight","Clear","1","0"
"30","300096","2015","7","6","16","Rural","Angle","Daylight","Clear","1","0"
"56","560039","2015","5","3","9","Rural","Angle","Daylight","Clear","1","0"
"5","50433","2015","11","4","22","Rural","Angle","Dark - Not Lighted","Clear","1","0"
"5","50291","2015","8","1","11","Rural","Angle","Daylight","Clear","2","0"
"5","50380","2015","10","6","19","Rural","Angle","Dark - Not Lighted","Clear","1","0"
"5","50332","2015","9","3","10","Rural","Angle","Daylight","Clear","1","0"
"5","50213","2015","6","3","9","Rural","Angle","Daylight","Clear","1","0"
"5","50094","2015","3","5","15","Rural","Angle","Daylight","Clear","1","0"
"5","50297","2015","8","3","9","Rural","Angle","Daylight","Clear","1","0"
"5","50351","2015","9","5","7","Rural","Angle","Daylight","Clear","1","0"
"8","80218","2015","6","1","12","Rural","Angle","Daylight","Clear","1","0"
"8","80279","2015","7","7","11","Rural","Angle","Daylight","Clear","1","0"
"8","80124","2015","4","3","11","Rural","Angle","Daylight","Clear","1","0"
"8","80410","2015","10","1","17","Rural","Angle","Daylight","Clear","1","0"
"8","80298","2015","8","1","15","Rural","Angle","Daylight","Clear","1","0"
"10","100060","2015","11","4","13","Rural","Angle","Daylight","Clear","1","0"
"17","170612","2015","8","7","16","Rural","Angle","Daylight","Clear","2","0"
"17","170423","2015","7","3","13","Rural","Angle","Daylight","Clear","1","0"
"17","170634","2015","9","3","17","Rural","Angle","Daylight","Clear","1","0"
"21","210250","2015","6","5","12","Rural","Angle","Daylight","Clear","1","0"
"21","210448","2015","9","5","15","Rural","Angle","Daylight","Clear","1","0"
"21","210420","2015","8","1","15","Rural","Angle","Daylight","Clear","1","0"
"21","210382","2015","8","4","12","Rural","Angle","Daylight","Clear","1","0"
"24","240047","2015","3","1","19","Rural","Angle","Dark - Lighted","Clear","1","0"
"24","240155","2015","5","4","9","Rural","Angle","Daylight","Clear","1","0"
"26","260695","2015","10","3","15","Rural","Angle","Daylight","Clear","1","0"
"29","290561","2015","9","6","13","Rural","Angle","Daylight","Clear","2","0"
"29","290543","2015","9","5","20","Rural","Angle","Dark - Not Lighted","Clear","1","0"
"29","290669","2015","10","5","16","Rural","Angle","Daylight","Clear","1","0"
"29","290284","2015","6","5","19","Rural","Angle","Daylight","Clear","1","0"
"29","290030","2015","1","6","10","Rural","Angle","Daylight","Clear","1","0"
"29","290672","2015","11","3","9","Rural","Angle","Daylight","Clear","2","0"
"29","290349","2015","7","6","15","Rural","Angle","Daylight","Clear","1","0"
"29","290282","2015","6","3","8","Rural","Angle","Daylight","Clear","1","0"
"29","290375","2015","6","7","17","Rural","Angle","Daylight","Clear","1","0"
"29","290640","2015","10","5","6","Rural","Angle","Dark - Not Lighted","Clear","1","0"
"31","310044","2015","3","4","20","Rural","Angle","Dark - Not Lighted","Clear","1","0"
"31","310084","2015","5","3","17","Rural","Angle","Daylight","Clear","2","0"
"31","310152","2015","9","7","9","Rural","Angle","Daylight","Clear","2","0"
"36","360458","2015","6","6","18","Rural","Angle","Daylight","Clear","1","0"
"36","360102","2015","2","7","1","Rural","Angle","Dark - Not Lighted","Clear","1","0"
"36","360248","2015","5","1","10","Rural","Angle","Daylight","Clear","3","0"
"40","400326","2015","7","6","18","Rural","Angle","Daylight","Clear","2","0"
"40","400259","2015","7","7","20","Rural","Angle","Daylight","Clear","1","0"
"40","400592","2015","12","5","18","Rural","Angle","Dark - Not Lighted","Clear","1","1"
"40","400442","2015","10","3","7","Rural","Angle","Daylight","Clear","1","0"
"40","400448","2015","10","3","16","Rural","Angle","Daylight","Clear","1","0"
"40","400176","2015","4","7","21","Rural","Angle","Dark - Not Lighted","Clear","2","0"
"40","400394","2015","7","4","11","Rural","Angle","Daylight","Clear","1","0"
"40","400079","2015","2","6","3","Rural","Angle","Dark - Not Lighted","Clear","2","1"
"22","220514","2015","10","4","20","Rural","Angle","Dusk","Clear","2","0"
"22","220266","2015","5","6","20","Rural","Angle","Dark - Not Lighted","Clear","1","0"
"22","220407","2015","7","6","21","Rural","Angle","Dark - Not Lighted","Clear","1","1"
"22","220250","2015","5","5","21","Rural","Angle","Dark - Unknown Lighting","Clear","2","0"
"27","270150","2015","6","1","14","Rural","Angle","Daylight","Clear","1","0"
"27","270078","2015","4","4","16","Rural","Angle","Daylight","Clear","1","0"
"27","270297","2015","10","5","18","Rural","Angle","Daylight","Clear","1","0"
"27","270262","2015","9","1","20","Rural","Angle","Dark - Lighted","Clear","1","0"
"27","270235","2015","8","7","22","Rural","Angle","Dark - Not Lighted","Clear","1","0"
"27","270333","2015","11","2","19","Rural","Angle","Dark - Lighted","Clear","1","0"
"27","270149","2015","6","1","9","Rural","Angle","Daylight","Clear","1","1"
"27","270203","2015","7","5","12","Rural","Angle","Daylight","Clear","2","0"
"27","270193","2015","7","4","15","Rural","Angle","Daylight","Clear","1","0"
"47","470849","2015","12","5","15","Rural","Angle","Daylight","Clear","3","0"
"47","470157","2015","3","2","11","Rural","Angle","Daylight","Clear","1","0"
"47","470623","2015","9","5","18","Rural","Angle","Dusk","Clear","2","0"
"47","470506","2015","8","6","12","Rural","Angle","Daylight","Clear","1","0"
"47","470246","2015","5","7","21","Rural","Angle","Dark - Not Lighted","Clear","1","1"
"47","470014","2015","1","3","16","Rural","Angle","Daylight","Clear","1","1"
"47","470717","2015","8","6","8","Rural","Angle","Daylight","Clear","1","0"
"47","470336","2015","6","5","13","Rural","Angle","Daylight","Clear","1","0"
"47","470755","2015","7","4","14","Rural","Angle","Daylight","Clear","1","0"
"47","470507","2015","8","2","20","Rural","Angle","Dark - Not Lighted","Clear","1","0"
"55","550303","2015","8","7","14","Rural","Angle","Daylight","Clear","2","0"
"55","550097","2015","4","1","0","Rural","Angle","Dark - Not Lighted","Clear","1","0"
"55","550204","2015","6","5","14","Rural","Angle","Daylight","Clear","1","0"
"55","550527","2015","5","7","17","Rural","Angle","Daylight","Clear","1","0"
"35","350129","2015","7","5","5","Rural","Angle","Dawn","Clear","1","0"
"35","350253","2015","12","5","20","Rural","Angle","Dark - Lighted","Clear","1","0"
"53","530381","2015","9","5","16","Rural","Angle","Daylight","Clear","1","0"
"28","280569","2015","12","2","22","Rural","Angle","Dark - Not Lighted","Clear","1","0"
"28","280205","2015","5","4","21","Rural","Angle","Dark - Not Lighted","Clear","1","0"
"28","280133","2015","4","4","12","Rural","Angle","Daylight","Clear","1","0"
"28","280121","2015","3","3","14","Rural","Angle","Daylight","Clear","1","0"
"28","280534","2015","12","2","13","Rural","Angle","Daylight","Clear","1","0"
"28","280081","2015","3","6","15","Rural","Angle","Daylight","Clear","1","0"
"28","280554","2015","12","2","11","Rural","Angle","Daylight","Clear","1","0"
"28","280292","2015","7","3","13","Rural","Angle","Daylight","Clear","2","1"
"28","280566","2015","12","7","18","Rural","Angle","Dark - Not Lighted","Clear","2","0"
"28","280441","2015","10","1","20","Rural","Angle","Dark - Not Lighted","Clear","1","0"
"28","280543","2015","12","4","15","Rural","Angle","Daylight","Clear","1","0"
"28","280339","2015","8","7","12","Rural","Angle","Daylight","Clear","1","0"
"28","280503","2015","11","6","16","Rural","Angle","Daylight","Clear","2","0"
"28","280358","2015","8","3","11","Rural","Angle","Daylight","Clear","1","0"
"28","280127","2015","4","7","16","Rural","Angle","Daylight","Clear","2","0"
"38","380089","2015","9","1","21","Rural","Angle","Dark - Not Lighted","Clear","2","1"
"38","380021","2015","3","5","15","Rural","Angle","Daylight","Clear","1","0"
"42","420113","2015","2","5","13","Rural","Angle","Daylight","Clear","2","0"
"42","421030","2015","9","1","18","Rural","Angle","Dark - Lighted","Clear","1","0"
"44","440014","2015","5","7","17","Rural","Angle","Daylight","Clear","1","0"
"46","460090","2015","7","5","17","Rural","Angle","Daylight","Clear","1","0"
"46","460055","2015","7","3","16","Rural","Angle","Daylight","Clear","1","0"
"54","540162","2015","8","4","15","Rural","Angle","Daylight","Clear","1","0"
"37","370186","2015","2","5","15","Rural","Angle","Daylight","Clear","1","0"
"37","370098","2015","2","3","18","Rural","Angle","Dark - Not Lighted","Clear","1","0"
"37","371173","2015","12","5","19","Rural","Angle","Dark - Not Lighted","Clear","1","1"
"37","371019","2015","10","6","10","Rural","Angle","Daylight","Clear","1","0"
"37","370673","2015","5","1","18","Rural","Angle","Daylight","Clear","1","1"
"37","370814","2015","6","3","20","Rural","Angle","Daylight","Clear","1","1"
"37","371132","2015","11","7","2","Rural","Angle","Dark - Not Lighted","Clear","1","2"
"37","370939","2015","9","5","16","Rural","Angle","Daylight","Clear","1","0"
"37","370713","2015","8","5","6","Rural","Angle","Dark - Not Lighted","Clear","1","0"
"37","370749","2015","8","5","11","Rural","Angle","Daylight","Clear","1","0"
"37","370834","2015","9","6","20","Rural","Angle","Dark - Not Lighted","Clear","2","0"
"37","370475","2015","5","2","15","Rural","Angle","Daylight","Clear","1","0"
"37","370656","2015","7","6","7","Rural","Angle","Daylight","Clear","2","0"
"37","370888","2015","9","6","11","Rural","Angle","Daylight","Clear","1","0"
"45","450382","2015","6","5","15","Rural","Angle","Daylight","Clear","1","0"
"45","450559","2015","8","7","22","Rural","Angle","Dark - Not Lighted","Clear","1","0"
"45","450912","2015","9","7","16","Rural","Angle","Daylight","Clear","1","0"
"45","450423","2015","7","2","19","Rural","Angle","Dusk","Clear","1","2"
"45","450749","2015","10","6","6","Rural","Angle","Dawn","Clear","1","0"
"45","450399","2015","6","3","16","Rural","Angle","Daylight","Clear","1","0"
"19","190043","2015","3","2","14","Rural","Angle","Daylight","Clear","1","0"
"39","390797","2015","10","2","9","Rural","Angle","Daylight","Clear","1","0"
"48","481596","2015","7","7","7","Rural","Angle","Daylight","Clear","2","0"
"48","481188","2015","5","5","10","Rural","Angle","Daylight","Clear","1","0"
"48","481794","2015","8","1","22","Rural","Angle","Dark - Lighted","Clear","1","1"
"48","480419","2015","1","1","18","Rural","Angle","Dark - Not Lighted","Clear","1","0"
"48","480881","2015","4","4","21","Rural","Angle","Dark - Not Lighted","Clear","1","0"
"48","481684","2015","7","7","18","Rural","Angle","Daylight","Clear","3","0"
"48","482379","2015","10","7","19","Rural","Angle","Dark - Not Lighted","Clear","1","0"
"48","482729","2015","11","1","18","Rural","Angle","Dark - Lighted","Clear","1","0"
"48","480888","2015","4","7","16","Rural","Angle","Daylight","Clear","1","0"
"48","481639","2015","7","5","11","Rural","Angle","Daylight","Clear","2","0"
"20","200276","2015","11","4","8","Rural","Angle","Daylight","Clear","1","0"
"20","200117","2015","5","5","15","Rural","Angle","Daylight","Clear","1","0"
"20","200205","2015","9","5","15","Rural","Angle","Daylight","Clear","1","1"
"20","200285","2015","11","7","15","Rural","Angle","Daylight","Clear","1","0"
"32","320212","2015","10","7","10","Rural","Angle","Daylight","Clear","1","0"
"41","410269","2015","9","4","9","Rural","Angle","Daylight","Clear","1","0"
"41","410318","2015","7","3","21","Rural","Angle","Dark - Lighted","Clear","1","0"
"1","10200","2015","4","4","11","Rural","Angle","Daylight","Clear","1","0"
"1","10721","2015","9","4","18","Rural","Angle","Dark - Lighted","Clear","1","0"
"1","10349","2015","6","4","14","Rural","Angle","Daylight","Clear","1","0"
"1","10594","2015","11","2","11","Rural","Angle","Daylight","Clear","1","0"
"1","10473","2015","8","6","11","Rural","Angle","Daylight","Clear","3","2"
"1","10469","2015","7","1","15","Rural","Angle","Daylight","Clear","1","0"
"4","40221","2015","4","3","7","Rural","Angle","Daylight","Clear","1","0"
"12","120835","2015","4","4","6","Rural","Angle","Dark - Not Lighted","Clear","1","0"
"12","120120","2015","1","7","18","Rural","Angle","Dark - Not Lighted","Clear","4","0"
"12","120123","2015","1","7","21","Rural","Angle","Dark - Not Lighted","Clear","1","0"
"12","120233","2015","2","4","11","Rural","Angle","Daylight","Clear","1","0"
"12","122257","2015","11","6","18","Rural","Angle","Dark - Lighted","Clear","1","0"
"12","121598","2015","8","7","19","Rural","Angle","Dusk","Clear","1","1"
"13","130587","2015","6","6","16","Rural","Angle","Daylight","Clear","1","0"
"13","131173","2015","11","2","15","Rural","Angle","Daylight","Clear","1","0"
"13","130497","2015","5","2","7","Rural","Angle","Daylight","Clear","1","0"
"13","131028","2015","10","6","11","Rural","Angle","Daylight","Clear","1","0"
"13","130371","2015","4","4","22","Rural","Angle","Dark - Not Lighted","Clear","1","0"
"13","130474","2015","4","4","4","Rural","Angle","Dark - Not Lighted","Clear","1","0"
"13","130102","2015","2","1","15","Rural","Angle","Daylight","Clear","1","0"
"13","130626","2015","6","6","17","Rural","Angle","Daylight","Clear","1","0"
"18","180497","2015","9","5","9","Rural","Angle","Daylight","Clear","1","0"
"18","180442","2015","6","4","18","Rural","Angle","Daylight","Clear","1","0"
"18","180666","2015","11","2","18","Rural","Angle","Dark - Not Lighted","Clear","1","0"
"18","180452","2015","7","5","8","Rural","Angle","Daylight","Clear","1","0"
"18","180641","2015","10","5","9","Rural","Angle","Daylight","Clear","1","0"
"18","180642","2015","10","6","16","Rural","Angle","Daylight","Clear","1","0"
"30","300005","2015","1","2","18","Rural","Angle","Dark - Lighted","Clear","1","0"
"5","50046","2015","2","2","19","Rural","Angle","Dark - Not Lighted","Clear","1","1"
"8","80189","2015","6","3","2","Rural","Angle","Dark - Not Lighted","Clear","1","0"
"8","80413","2015","10","7","21","Rural","Angle","Dark - Not Lighted","Clear","1","1"
"8","80404","2015","10","6","14","Rural","Angle","Daylight","Clear","1","1"
"17","170477","2015","7","4","12","Rural","Angle","Daylight","Clear","2","0"
"17","170342","2015","6","5","9","Rural","Angle","Daylight","Clear","1","0"
"17","170231","2015","5","5","16","Rural","Angle","Daylight","Clear","1","0"
"17","170245","2015","5","7","13","Rural","Angle","Daylight","Clear","1","0"
"17","170138","2015","4","4","22","Rural","Angle","Dark - Lighted","Clear","1","0"
"26","260231","2015","5","6","9","Rural","Angle","Daylight","Clear","1","0"
"26","260258","2015","5","1","15","Rural","Angle","Daylight","Clear","1","0"
"26","260224","2015","5","2","7","Rural","Angle","Daylight","Clear","1","0"
"26","260346","2015","7","5","12","Rural","Angle","Daylight","Clear","2","0"
"26","260472","2015","6","1","23","Rural","Angle","Non documente","Clear","1","0"
"26","260631","2015","9","7","17","Rural","Angle","Non documente","Clear","1","0"
"26","260840","2015","12","5","14","Rural","Angle","Daylight","Clear","1","0"
"26","260500","2015","8","4","16","Rural","Angle","Daylight","Clear","1","0"
"26","260256","2015","5","5","17","Rural","Angle","Daylight","Clear","1","1"
"26","260129","2015","4","4","16","Rural","Angle","Daylight","Clear","1","0"
"29","290709","2015","11","1","18","Rural","Angle","Dark - Not Lighted","Clear","1","0"
"29","290644","2015","10","6","13","Rural","Angle","Daylight","Clear","1","0"
"29","290599","2015","10","1","15","Rural","Angle","Daylight","Clear","1","0"
"29","290825","2015","7","6","12","Rural","Angle","Daylight","Clear","1","0"
"36","360261","2015","5","5","14","Rural","Angle","Daylight","Clear","1","0"
"36","360425","2015","7","2","16","Rural","Angle","Daylight","Clear","1","0"
"36","360560","2015","8","6","13","Rural","Angle","Daylight","Clear","1","0"
"36","360127","2015","2","4","11","Rural","Angle","Daylight","Clear","1","0"
"36","360668","2015","9","2","15","Rural","Angle","Daylight","Clear","1","0"
"36","360800","2015","10","6","16","Rural","Angle","Daylight","Clear","1","0"
"40","400043","2015","1","5","3","Rural","Angle","Dark - Not Lighted","Clear","1","1"
"40","400508","2015","11","5","4","Rural","Angle","Dark - Not Lighted","Clear","1","0"
"27","270143","2015","6","1","11","Rural","Angle","Daylight","Clear","1","0"
"27","270183","2015","7","6","14","Rural","Angle","Daylight","Clear","1","0"
"27","270309","2015","10","7","10","Rural","Angle","Daylight","Clear","1","0"
"47","470252","2015","4","4","11","Rural","Angle","Daylight","Clear","1","0"
"55","550497","2015","9","2","20","Rural","Angle","Dark - Not Lighted","Clear","1","1"
"55","550227","2015","7","6","11","Rural","Angle","Daylight","Clear","1","0"
"55","550178","2015","5","4","16","Rural","Angle","Daylight","Clear","1","1"
"55","550158","2015","5","2","18","Rural","Angle","Daylight","Clear","1","0"
"55","550191","2015","6","6","8","Rural","Angle","Daylight","Clear","1","0"
"55","550440","2015","9","3","8","Rural","Angle","Daylight","Clear","1","0"
"55","550322","2015","8","6","10","Rural","Angle","Daylight","Clear","1","0"
"55","550382","2015","11","2","12","Rural","Angle","Daylight","Clear","1","0"
"35","350178","2015","9","6","8","Rural","Angle","Daylight","Clear","1","0"
"9","90007","2015","2","3","4","Rural","Angle","Dark - Lighted","Clear","1","0"
"28","280302","2015","7","6","14","Rural","Angle","Daylight","Clear","1","1"
"28","280364","2015","8","2","20","Rural","Angle","Dark - Not Lighted","Clear","1","0"
"28","280285","2015","7","3","13","Rural","Angle","Daylight","Clear","1","0"
"28","280320","2015","8","5","16","Rural","Angle","Daylight","Clear","1","0"
"38","380014","2015","3","4","19","Rural","Angle","Dark - Not Lighted","Clear","3","0"
"42","420319","2015","5","2","16","Rural","Angle","Daylight","Clear","1","1"
"42","420262","2015","5","1","20","Rural","Angle","Dark - Not Lighted","Clear","1","0"
"42","420635","2015","7","7","19","Rural","Angle","Daylight","Clear","1","0"
"42","421076","2015","10","6","8","Rural","Angle","Daylight","Clear","1","0"
"42","420036","2015","1","2","7","Rural","Angle","Dawn","Clear","1","0"
"42","421003","2015","10","1","16","Rural","Angle","Daylight","Clear","1","0"
"46","460022","2015","4","5","18","Rural","Angle","Daylight","Clear","1","0"
"33","330052","2015","8","1","19","Rural","Angle","Daylight","Clear","1","0"
"54","540184","2015","9","1","15","Rural","Angle","Daylight","Clear","1","0"
"37","370620","2015","7","4","19","Rural","Angle","Daylight","Clear","1","0"
"37","370903","2015","9","6","22","Rural","Angle","Dark - Not Lighted","Clear","1","0"
"37","371277","2015","12","3","17","Rural","Angle","Daylight","Clear","1","0"
"37","370694","2015","7","4","16","Rural","Angle","Daylight","Clear","1","0"
"37","370934","2015","9","3","18","Rural","Angle","Daylight","Clear","1","0"
"37","371212","2015","12","7","18","Rural","Angle","Dark - Not Lighted","Clear","1","0"
"37","370690","2015","7","2","16","Rural","Angle","Daylight","Clear","1","1"
"37","370482","2015","6","6","12","Rural","Angle","Daylight","Clear","1","0"
"37","370821","2015","9","2","12","Rural","Angle","Daylight","Clear","1","0"
"37","370241","2015","4","6","18","Rural","Angle","Daylight","Clear","1","0"
"37","371176","2015","12","6","6","Rural","Angle","Dawn","Clear","1","0"
"37","370502","2015","6","5","19","Rural","Angle","Daylight","Clear","2","0"
"37","370175","2015","3","1","14","Rural","Angle","Daylight","Clear","1","0"
"37","371206","2015","12","6","12","Rural","Angle","Daylight","Clear","1","0"
"37","370459","2015","5","1","20","Rural","Angle","Dark - Not Lighted","Clear","1","1"
"37","370437","2015","5","6","15","Rural","Angle","Daylight","Clear","1","0"
"37","370770","2015","8","5","16","Rural","Angle","Daylight","Clear","1","0"
"37","370491","2015","6","2","16","Rural","Angle","Daylight","Clear","1","0"
"37","371099","2015","11","3","14","Rural","Angle","Daylight","Clear","1","0"
"37","370869","2015","9","5","7","Rural","Angle","Daylight","Clear","1","0"
"37","370212","2015","3","7","16","Rural","Angle","Daylight","Clear","1","0"
"37","370394","2015","5","6","16","Rural","Angle","Daylight","Clear","1","0"
"37","370727","2015","8","7","11","Rural","Angle","Daylight","Clear","1","0"
"37","371032","2015","10","2","13","Rural","Angle","Daylight","Clear","1","0"
"37","370129","2015","2","6","15","Rural","Angle","Daylight","Clear","1","0"
"37","370136","2015","2","7","20","Rural","Angle","Dark - Not Lighted","Clear","1","0"