"state_number","consecutive_number","year_of_crash","month_of_crash","day_of_week","hour_of_crash","land_use_name","manner_of_collision_name","light_condition_name","atmospheric_conditions_name","number_of_fatalities","number_of_drunk_drivers"
"46","460109","2015","12","6","14","Rural","Front-to-Front","Daylight","Clear","3","0"
"46","460102","2015","11","7","14","Rural","Front-to-Front","Daylight","Clear","3","0"
"25","250092","2015","7","6","0","Rural","Front-to-Front","Dark - Not Lighted","Clear","1","1"
"54","540051","2015","4","4","15","Rural","Front-to-Front","Daylight","Clear","1","0"
"37","370357","2015","5","3","17","Rural","Front-to-Front","Daylight","Clear","1","0"
"37","371269","2015","12","3","19","Rural","Front-to-Front","Dark - Not Lighted","Clear","1","1"
"37","370404","2015","5","5","14","Rural","Front-to-Front","Daylight","Clear","1","0"
"37","371005","2015","10","6","19","Rural","Front-to-Front","Dark - Not Lighted","Clear","1","0"
"37","370449","2015","5","7","20","Rural","Front-to-Front","Dusk","Clear","4","1"
"37","371184","2015","12","7","17","Rural","Front-to-Front","Daylight","Clear","2","2"
"45","450501","2015","8","2","17","Rural","Front-to-Front","Daylight","Clear","1","0"
"45","450294","2015","5","7","15","Rural","Front-to-Front","Daylight","Clear","1","0"
"45","450110","2015","1","4","22","Rural","Front-to-Front","Dark - Not Lighted","Clear","1","0"
"45","450310","2015","5","7","0","Rural","Front-to-Front","Dark - Not Lighted","Clear","1","0"
"45","450371","2015","6","7","18","Rural","Front-to-Front","Daylight","Clear","1","0"
"45","450732","2015","9","1","5","Rural","Front-to-Front","Dark - Unknown Lighting","Clear","1","1"
"45","450898","2015","12","7","1","Rural","Front-to-Front","Dark - Lighted","Clear","1","1"
"45","450396","2015","6","2","19","Rural","Front-to-Front","Daylight","Clear","2","1"
"45","450601","2015","9","3","11","Rural","Front-to-Front","Daylight","Clear","1","1"
"45","450605","2015","9","5","7","Rural","Front-to-Front","Daylight","Clear","1","1"
"45","450223","2015","4","1","20","Rural","Front-to-Front","Dusk","Clear","1","1"
"45","450532","2015","8","6","15","Rural","Front-to-Front","Daylight","Clear","1","0"
"45","450641","2015","7","5","21","Rural","Front-to-Front","Daylight","Clear","1","1"
"19","190191","2015","7","6","12","Rural","Front-to-Front","Daylight","Clear","1","0"
"19","190081","2015","5","3","16","Rural","Front-to-Front","Daylight","Clear","1","1"
"19","190049","2015","3","3","17","Rural","Front-to-Front","Daylight","Clear","1","0"
"39","390747","2015","9","2","19","Rural","Front-to-Front","Daylight","Clear","1","1"
"39","390142","2015","1","7","20","Rural","Front-to-Front","Dark - Not Lighted","Clear","1","0"
"39","390229","2015","4","4","14","Rural","Front-to-Front","Daylight","Clear","1","0"
"39","390109","2015","2","6","14","Rural","Front-to-Front","Daylight","Clear","3","1"
"49","490097","2015","4","1","21","Rural","Front-to-Front","Dark - Not Lighted","Clear","1","1"
"16","160141","2015","9","7","14","Rural","Front-to-Front","Daylight","Clear","1","0"
"23","230024","2015","5","5","4","Rural","Front-to-Front","Dawn","Clear","1","1"
"23","230139","2015","12","4","14","Rural","Front-to-Front","Daylight","Clear","1","0"
"23","230025","2015","5","7","2","Rural","Front-to-Front","Dark - Not Lighted","Clear","1","1"
"48","481919","2015","8","5","7","Rural","Front-to-Front","Daylight","Clear","2","0"
"48","480921","2015","5","1","3","Rural","Front-to-Front","Dark - Not Lighted","Clear","1","1"
"48","482445","2015","10","4","18","Rural","Front-to-Front","Dusk","Clear","1","0"
"48","481466","2015","7","4","18","Rural","Front-to-Front","Daylight","Clear","1","0"
"48","481261","2015","6","5","17","Rural","Front-to-Front","Daylight","Clear","1","0"
"48","481641","2015","7","6","18","Rural","Front-to-Front","Daylight","Clear","1","0"
"48","481718","2015","7","2","11","Rural","Front-to-Front","Daylight","Clear","1","1"
"48","480951","2015","4","2","7","Rural","Front-to-Front","Daylight","Clear","1","0"
"48","482846","2015","11","7","7","Rural","Front-to-Front","Daylight","Clear","2","1"
"15","150085","2015","8","6","17","Rural","Front-to-Front","Daylight","Clear","1","0"
"20","200006","2015","1","4","0","Rural","Front-to-Front","Dark - Not Lighted","Clear","1","1"
"20","200128","2015","6","3","16","Rural","Front-to-Front","Daylight","Clear","1","0"
"20","200266","2015","10","4","12","Rural","Front-to-Front","Daylight","Clear","1","0"
"20","200150","2015","7","4","14","Rural","Front-to-Front","Daylight","Clear","1","0"
"20","200029","2015","2","6","13","Rural","Front-to-Front","Daylight","Clear","1","0"
"20","200268","2015","10","1","16","Rural","Front-to-Front","Daylight","Clear","1","0"
"32","320162","2015","2","2","6","Rural","Front-to-Front","Daylight","Clear","2","0"
"41","410370","2015","1","6","15","Rural","Front-to-Front","Daylight","Clear","1","0"
"41","410138","2015","6","5","5","Rural","Front-to-Front","Dark - Not Lighted","Clear","1","0"
"41","410275","2015","10","2","6","Rural","Front-to-Front","Dawn","Clear","1","0"
"41","410121","2015","5","4","18","Rural","Front-to-Front","Daylight","Clear","1","1"
"41","410002","2015","1","5","19","Rural","Front-to-Front","Dark - Not Lighted","Clear","2","0"
"41","410259","2015","9","1","19","Rural","Front-to-Front","Dark - Not Lighted","Clear","1","0"
"41","410140","2015","6","1","10","Rural","Front-to-Front","Daylight","Clear","1","1"
"1","10610","2015","10","5","8","Rural","Front-to-Front","Daylight","Clear","1","1"
"1","10491","2015","9","7","3","Rural","Front-to-Front","Dark - Not Lighted","Clear","1","0"
"1","10348","2015","6","1","15","Rural","Front-to-Front","Daylight","Clear","3","1"
"4","40033","2015","1","6","19","Rural","Front-to-Front","Dark - Not Lighted","Clear","1","0"
"4","40808","2015","12","6","16","Rural","Front-to-Front","Daylight","Clear","2","0"
"12","121098","2015","6","2","20","Rural","Front-to-Front","Dark - Not Lighted","Clear","1","0"
"12","120038","2015","1","5","12","Rural","Front-to-Front","Daylight","Clear","1","0"
"12","121261","2015","6","3","14","Rural","Front-to-Front","Daylight","Clear","5","1"
"12","122100","2015","9","2","20","Rural","Front-to-Front","Dark - Not Lighted","Clear","3","1"
"12","121659","2015","9","3","19","Rural","Front-to-Front","Daylight","Clear","1","0"
"12","122031","2015","10","6","0","Rural","Front-to-Front","Dark - Not Lighted","Clear","1","0"
"13","130283","2015","3","5","7","Rural","Front-to-Front","Daylight","Clear","1","0"
"13","130829","2015","8","7","18","Rural","Front-to-Front","Daylight","Clear","3","1"
"18","180434","2015","8","1","21","Rural","Front-to-Front","Dark - Not Lighted","Clear","1","1"
"56","560126","2015","12","4","6","Rural","Front-to-Front","Dawn","Clear","2","0"
"5","50118","2015","4","1","16","Rural","Front-to-Front","Daylight","Clear","1","1"
"5","50211","2015","6","7","17","Rural","Front-to-Front","Daylight","Clear","1","0"
"5","50285","2015","8","5","16","Rural","Front-to-Front","Daylight","Clear","2","0"
"8","80105","2015","2","4","9","Rural","Front-to-Front","Daylight","Clear","1","0"
"8","80498","2015","12","2","17","Rural","Front-to-Front","Dusk","Clear","2","0"
"17","170853","2015","12","7","13","Rural","Front-to-Front","Daylight","Clear","1","1"
"17","170334","2015","6","5","11","Rural","Front-to-Front","Daylight","Clear","1","0"
"17","170712","2015","10","6","18","Rural","Front-to-Front","Daylight","Clear","1","0"
"17","170400","2015","7","3","8","Rural","Front-to-Front","Daylight","Clear","2","0"
"17","170193","2015","4","3","4","Rural","Front-to-Front","Dark - Not Lighted","Clear","1","1"
"17","170779","2015","11","4","17","Rural","Front-to-Front","Dark - Not Lighted","Clear","1","0"
"17","170335","2015","6","7","13","Rural","Front-to-Front","Daylight","Clear","1","0"
"21","210408","2015","8","5","15","Rural","Front-to-Front","Daylight","Clear","1","1"
"21","210662","2015","12","5","17","Rural","Front-to-Front","Dusk","Clear","4","0"
"21","210649","2015","12","6","17","Rural","Front-to-Front","Dark - Not Lighted","Clear","4","1"
"26","260458","2015","8","1","14","Rural","Front-to-Front","Daylight","Clear","2","0"
"29","290488","2015","8","2","17","Rural","Front-to-Front","Daylight","Clear","2","0"
"29","290712","2015","11","4","6","Rural","Front-to-Front","Dark - Not Lighted","Clear","1","0"
"29","290768","2015","12","7","1","Rural","Front-to-Front","Dark - Not Lighted","Clear","2","2"
"31","310040","2015","3","3","17","Rural","Front-to-Front","Dusk","Clear","2","0"
"31","310132","2015","8","1","19","Rural","Front-to-Front","Daylight","Clear","1","0"
"36","360218","2015","5","7","4","Rural","Front-to-Front","Dark - Lighted","Clear","1","2"
"36","360904","2015","11","4","18","Rural","Front-to-Front","Dark - Not Lighted","Clear","1","0"
"36","360564","2015","6","1","17","Rural","Front-to-Front","Daylight","Clear","1","1"
"36","360629","2015","9","2","9","Rural","Front-to-Front","Daylight","Clear","1","1"
"36","360194","2015","4","7","21","Rural","Front-to-Front","Dark - Not Lighted","Clear","1","0"
"36","360530","2015","8","1","13","Rural","Front-to-Front","Daylight","Clear","1","1"
"36","360726","2015","10","5","13","Rural","Front-to-Front","Daylight","Clear","1","0"
"36","360130","2015","3","6","21","Rural","Front-to-Front","Dark - Not Lighted","Clear","1","0"
"36","360674","2015","9","4","19","Rural","Front-to-Front","Daylight","Clear","2","1"
"36","360993","2015","12","3","15","Rural","Front-to-Front","Daylight","Clear","1","0"
"36","360561","2015","8","4","16","Rural","Front-to-Front","Daylight","Clear","1","0"
"36","360600","2015","8","1","12","Rural","Front-to-Front","Daylight","Clear","1","0"
"27","270296","2015","10","4","8","Rural","Front-to-Front","Daylight","Clear","1","0"
"27","270192","2015","7","4","6","Rural","Front-to-Front","Daylight","Clear","1","0"
"47","470605","2015","9","4","14","Rural","Front-to-Front","Daylight","Clear","1","0"
"47","470422","2015","7","7","4","Rural","Front-to-Front","Dark - Not Lighted","Clear","1","1"
"55","550031","2015","2","3","14","Rural","Front-to-Front","Daylight","Clear","2","0"
"55","550045","2015","2","2","15","Rural","Front-to-Front","Daylight","Clear","1","0"
"55","550357","2015","9","4","15","Rural","Front-to-Front","Daylight","Clear","1","0"
"55","550067","2015","3","7","2","Rural","Front-to-Front","Dark - Not Lighted","Clear","1","1"
"53","530394","2015","10","1","0","Rural","Front-to-Front","Dark - Not Lighted","Clear","2","1"
"53","530344","2015","9","5","12","Rural","Front-to-Front","Daylight","Clear","1","0"
"53","530438","2015","11","7","23","Rural","Front-to-Front","Dark - Not Lighted","Clear","1","1"
"53","530185","2015","6","7","20","Rural","Front-to-Front","Dusk","Clear","4","1"
"28","280175","2015","5","5","18","Rural","Front-to-Front","Daylight","Clear","2","1"
"38","380065","2015","8","7","3","Rural","Front-to-Front","Dark - Not Lighted","Clear","1","0"
"42","420077","2015","2","2","8","Rural","Front-to-Front","Daylight","Clear","1","0"
"42","420873","2015","10","3","20","Rural","Front-to-Front","Dark - Lighted","Clear","1","0"
"42","420930","2015","11","1","16","Rural","Front-to-Front","Daylight","Clear","1","1"
"42","420682","2015","7","4","6","Rural","Front-to-Front","Daylight","Clear","1","0"
"42","420604","2015","8","1","2","Rural","Front-to-Front","Dark - Not Lighted","Clear","3","1"
"46","460076","2015","8","7","9","Rural","Front-to-Front","Daylight","Clear","2","1"
"33","330096","2015","12","7","16","Rural","Front-to-Front","Dusk","Clear","2","0"
"54","540160","2015","8","6","12","Rural","Front-to-Front","Daylight","Clear","1","0"
"54","540121","2015","7","2","17","Rural","Front-to-Front","Daylight","Clear","1","0"
"37","370522","2015","6","2","11","Rural","Front-to-Front","Daylight","Clear","1","0"
"37","370630","2015","7","6","13","Rural","Front-to-Front","Daylight","Clear","1","0"
"37","370884","2015","9","3","15","Rural","Front-to-Front","Daylight","Clear","1","0"
"37","370026","2015","1","1","21","Rural","Front-to-Front","Dark - Not Lighted","Clear","1","0"
"37","370546","2015","6","1","2","Rural","Front-to-Front","Dark - Not Lighted","Clear","1","2"
"37","370561","2015","6","3","5","Rural","Front-to-Front","Dawn","Clear","1","0"
"37","370545","2015","6","2","11","Rural","Front-to-Front","Daylight","Clear","1","0"
"37","370769","2015","8","4","14","Rural","Front-to-Front","Daylight","Clear","1","1"
"37","370294","2015","4","7","10","Rural","Front-to-Front","Daylight","Clear","2","0"
"37","370353","2015","5","2","7","Rural","Front-to-Front","Daylight","Clear","1","0"
"37","370901","2015","9","5","7","Rural","Front-to-Front","Daylight","Clear","2","0"
"37","371018","2015","10","6","18","Rural","Front-to-Front","Daylight","Clear","1","0"
"37","370766","2015","8","1","15","Rural","Front-to-Front","Daylight","Clear","1","1"
"37","370293","2015","4","6","22","Rural","Front-to-Front","Dark - Not Lighted","Clear","1","0"
"37","370159","2015","3","3","15","Rural","Front-to-Front","Daylight","Clear","1","0"
"37","370902","2015","9","3","18","Rural","Front-to-Front","Daylight","Clear","1","0"
"37","370134","2015","2","7","10","Rural","Front-to-Front","Daylight","Clear","1","0"
"37","371027","2015","10","5","7","Rural","Front-to-Front","Daylight","Clear","1","1"
"37","370267","2015","4","4","20","Rural","Front-to-Front","Dark - Not Lighted","Clear","1","0"
"37","370703","2015","7","1","13","Rural","Front-to-Front","Daylight","Clear","1","0"
"37","370640","2015","7","1","16","Rural","Front-to-Front","Daylight","Clear","2","1"
"37","370837","2015","9","1","23","Rural","Front-to-Front","Dark - Not Lighted","Clear","1","0"
"37","370259","2015","4","7","23","Rural","Front-to-Front","Dark - Not Lighted","Clear","1","0"
"37","370731","2015","8","2","11","Rural","Front-to-Front","Daylight","Clear","3","1"
"37","370017","2015","1","3","7","Rural","Front-to-Front","Dark - Not Lighted","Clear","1","0"
"37","370362","2015","5","5","20","Rural","Front-to-Front","Dark - Not Lighted","Clear","1","0"
"37","370180","2015","3","7","13","Rural","Front-to-Front","Daylight","Clear","1","1"
"37","370835","2015","9","1","11","Rural","Front-to-Front","Daylight","Clear","1","0"
"37","371120","2015","11","7","14","Rural","Front-to-Front","Daylight","Clear","1","0"
"37","370251","2015","4","6","13","Rural","Front-to-Front","Daylight","Clear","1","1"
"37","370402","2015","5","4","13","Rural","Front-to-Front","Daylight","Clear","2","0"
"37","370537","2015","6","3","15","Rural","Front-to-Front","Daylight","Clear","1","0"
"37","370089","2015","1","5","19","Rural","Front-to-Front","Dark - Lighted","Clear","1","0"
"45","450799","2015","11","4","17","Rural","Front-to-Front","Daylight","Clear","1","0"
"45","450574","2015","9","5","15","Rural","Front-to-Front","Daylight","Clear","1","0"
"45","450556","2015","8","6","9","Rural","Front-to-Front","Daylight","Clear","1","0"
"26","260044","2015","2","1","3","Rural","Front-to-Front","Dark - Not Lighted","Clear","1","1"
"36","360456","2015","5","2","16","Rural","Front-to-Front","Daylight","Clear","1","0"
"37","370348","2015","4","3","9","Rural","Front-to-Front","Daylight","Clear","1","0"
"17","170115","2015","4","6","15","Rural","Front-to-Front","Daylight","Clear","1","0"
"2","20040","2015","8","7","15","Rural","Front-to-Front","Daylight","Clear","1","0"
"48","481564","2015","7","3","13","Rural","Front-to-Front","Daylight","Clear","1","0"
"48","480715","2015","4","2","15","Rural","Front-to-Front","Daylight","Clear","1","0"
"39","390086","2015","2","4","13","Rural","Angle","Daylight","Clear","2","1"
"39","390176","2015","3","3","8","Rural","Angle","Daylight","Clear","1","0"
"49","490042","2015","3","3","18","Rural","Angle","Daylight","Clear","2","1"
"48","481823","2015","8","7","2","Rural","Angle","Dark - Not Lighted","Clear","1","0"
"48","480764","2015","4","7","16","Rural","Angle","Daylight","Clear","2","0"
"48","481693","2015","5","6","16","Rural","Angle","Daylight","Clear","1","0"
"48","480337","2015","2","4","11","Rural","Angle","Daylight","Clear","1","0"
"48","480690","2015","4","6","18","Rural","Angle","Daylight","Clear","1","1"
"48","481887","2015","8","5","15","Rural","Angle","Daylight","Clear","1","0"
"48","481755","2015","7","5","15","Rural","Angle","Daylight","Clear","1","0"
"48","481782","2015","7","6","8","Rural","Angle","Daylight","Clear","1","0"
"48","481694","2015","6","2","22","Rural","Angle","Dark - Not Lighted","Clear","2","0"
"48","481533","2015","7","1","16","Rural","Angle","Daylight","Clear","1","0"
"20","200129","2015","6","6","12","Rural","Angle","Daylight","Clear","1","0"
"20","200243","2015","10","5","3","Rural","Angle","Dark - Not Lighted","Clear","1","0"
"32","320041","2015","3","1","12","Rural","Angle","Daylight","Clear","1","0"
"41","410135","2015","6","5","20","Rural","Angle","Dusk","Clear","1","1"
"1","10635","2015","11","7","20","Rural","Angle","Dark - Not Lighted","Clear","1","1"
"1","10036","2015","1","2","14","Rural","Angle","Daylight","Clear","2","0"
"1","10401","2015","7","4","23","Rural","Angle","Dark - Not Lighted","Clear","1","1"
"4","40814","2015","12","4","22","Rural","Angle","Dark - Not Lighted","Clear","1","0"
"4","40306","2015","5","5","5","Rural","Angle","Daylight","Clear","1","1"
"12","121987","2015","10","7","16","Rural","Angle","Daylight","Clear","2","0"
"12","120998","2015","6","2","10","Rural","Angle","Daylight","Clear","1","0"
"13","131234","2015","12","5","14","Rural","Angle","Daylight","Clear","1","0"
"13","130108","2015","2","3","9","Rural","Angle","Daylight","Clear","1","0"
"13","130020","2015","1","5","0","Rural","Angle","Dark - Not Lighted","Clear","1","0"
"18","180480","2015","8","4","14","Rural","Angle","Daylight","Clear","1","0"
"18","180545","2015","9","3","17","Rural","Angle","Daylight","Clear","1","0"
"30","300145","2015","10","5","17","Rural","Angle","Daylight","Clear","1","0"
"5","50468","2015","12","2","11","Rural","Angle","Daylight","Clear","1","0"
"8","80059","2015","2","5","6","Rural","Angle","Daylight","Clear","1","0"
"17","170416","2015","6","1","16","Rural","Angle","Daylight","Clear","1","1"
"21","210485","2015","8","5","14","Rural","Angle","Daylight","Clear","1","0"
"29","290265","2015","5","3","20","Rural","Angle","Daylight","Clear","1","1"
"31","310174","2015","10","7","19","Rural","Angle","Dark - Not Lighted","Clear","4","1"
"36","360583","2015","8","1","13","Rural","Angle","Daylight","Clear","1","1"
"36","360260","2015","4","4","14","Rural","Angle","Daylight","Clear","1","0"
"36","360565","2015","8","6","0","Rural","Angle","Dark - Not Lighted","Clear","1","1"
"40","400022","2015","1","7","6","Rural","Angle","Dark - Not Lighted","Clear","1","0"
"40","400074","2015","3","5","0","Rural","Angle","Dark - Not Lighted","Clear","1","0"
"22","220226","2015","5","7","0","Rural","Angle","Dark - Not Lighted","Clear","2","1"
"47","470356","2015","6","7","21","Rural","Angle","Dark - Not Lighted","Clear","1","1"
"34","340032","2015","1","3","23","Rural","Angle","Dark - Not Lighted","Clear","1","0"
"35","350152","2015","8","3","13","Rural","Angle","Daylight","Clear","1","0"
"28","280515","2015","11","4","8","Rural","Angle","Daylight","Clear","2","0"
"42","420370","2015","5","3","7","Rural","Angle","Daylight","Clear","1","0"
"39","390327","2015","5","2","17","Rural","Angle","Daylight","Clear","1","0"
"16","160165","2015","11","7","18","Rural","Angle","Dark - Not Lighted","Clear","1","0"
"23","230015","2015","3","3","10","Rural","Angle","Daylight","Clear","1","1"
"23","230043","2015","6","5","17","Rural","Angle","Daylight","Clear","1","1"
"48","481262","2015","6","5","6","Rural","Angle","Dawn","Clear","1","0"
"4","40520","2015","8","2","7","Rural","Angle","Daylight","Clear","1","0"
"4","40623","2015","10","7","18","Rural","Angle","Dark - Not Lighted","Clear","1","0"
"4","40379","2015","6","5","11","Rural","Angle","Daylight","Clear","1","0"
"12","121643","2015","8","4","17","Rural","Angle","Daylight","Clear","1","0"
"12","121123","2015","6","3","6","Rural","Angle","Daylight","Clear","1","0"
"13","130917","2015","9","7","18","Rural","Angle","Daylight","Clear","1","0"
"13","131258","2015","12","4","18","Rural","Angle","Dark - Not Lighted","Clear","1","0"
"18","180782","2015","12","4","18","Rural","Angle","Dark - Not Lighted","Clear","4","1"
"5","50358","2015","6","2","8","Rural","Angle","Daylight","Clear","1","0"
"8","80257","2015","7","5","13","Rural","Angle","Daylight","Clear","1","0"
"17","170732","2015","10","7","17","Rural","Angle","Daylight","Clear","1","1"
"21","210634","2015","12","5","21","Rural","Angle","Dark - Not Lighted","Clear","1","1"
"21","210328","2015","7","1","11","Rural","Angle","Daylight","Clear","1","0"
"26","260804","2015","12","4","8","Rural","Angle","Daylight","Clear","1","0"
"26","260054","2015","2","2","15","Rural","Angle","Daylight","Clear","1","0"
"26","260088","2015","1","7","15","Rural","Angle","Daylight","Clear","1","0"
"36","360595","2015","8","3","11","Rural","Angle","Daylight","Clear","1","0"
"36","360945","2015","12","4","17","Rural","Angle","Dark - Not Lighted","Clear","1","0"
"36","360881","2015","11","5","19","Rural","Angle","Dark - Not Lighted","Clear","1","0"
"36","360189","2015","3","6","0","Rural","Angle","Dark - Lighted","Clear","1","1"
"40","400570","2015","12","4","14","Rural","Angle","Daylight","Clear","1","0"
"47","470130","2015","3","6","9","Rural","Angle","Daylight","Clear","1","0"
"47","470217","2015","4","7","20","Rural","Angle","Dark - Not Lighted","Clear","1","2"
"55","550035","2015","2","4","16","Rural","Angle","Daylight","Clear","3","1"
"55","550054","2015","2","1","20","Rural","Angle","Dark - Not Lighted","Clear","1","0"
"34","340127","2015","3","7","0","Rural","Angle","Dark - Lighted","Clear","2","0"
"35","350105","2015","6","3","14","Rural","Angle","Daylight","Clear","1","0"
"37","370320","2015","4","6","7","Rural","Angle","Daylight","Clear","1","0"
"37","370252","2015","4","7","20","Rural","Angle","Dusk","Clear","2","1"
"37","370654","2015","7","1","21","Rural","Angle","Dark - Not Lighted","Clear","1","1"
"37","370557","2015","6","6","14","Rural","Angle","Daylight","Clear","1","0"
"37","370020","2015","1","3","7","Rural","Angle","Daylight","Clear","1","0"
"37","370896","2015","9","3","14","Rural","Angle","Daylight","Clear","1","0"
"37","370155","2015","3","4","14","Rural","Angle","Daylight","Clear","1","0"
"45","450653","2015","8","4","5","Rural","Angle","Dawn","Clear","1","1"
"20","200308","2015","11","1","13","Rural","Angle","Daylight","Clear","2","0"
"10","100026","2015","6","3","14","Rural","Angle","Daylight","Clear","1","0"
"5","50321","2015","9","3","8","Rural","Sideswipe - Same Direction","Daylight","Clear","1","0"
"40","400047","2015","1","4","13","Rural","Sideswipe - Same Direction","Daylight","Clear","1","0"
"55","550104","2015","4","1","1","Rural","Sideswipe - Same Direction","Dark - Not Lighted","Clear","1","2"
"28","280401","2015","9","1","2","Rural","Sideswipe - Same Direction","Dark - Not Lighted","Clear","1","1"
"46","460089","2015","10","6","17","Rural","Sideswipe - Same Direction","Daylight","Clear","1","0"
"37","370733","2015","8","4","9","Rural","Sideswipe - Same Direction","Daylight","Clear","1","0"
"45","450707","2015","10","2","11","Rural","Sideswipe - Same Direction","Daylight","Clear","1","1"
"12","122448","2015","12","3","17","Rural","Sideswipe - Same Direction","Dark - Not Lighted","Clear","1","0"
"12","120614","2015","3","2","11","Rural","Sideswipe - Same Direction","Daylight","Clear","1","0"
"30","300182","2015","11","1","8","Rural","Sideswipe - Same Direction","Daylight","Clear","1","0"
"28","280326","2015","8","7","10","Rural","Sideswipe - Same Direction","Daylight","Clear","1","0"
"37","371074","2015","10","7","3","Rural","Sideswipe - Same Direction","Dark - Lighted","Clear","1","0"
"1","10507","2015","9","1","23","Rural","Sideswipe - Same Direction","Dark - Lighted","Clear","1","1"
"49","490234","2015","11","6","12","Rural","Sideswipe - Opposite Direction","Daylight","Clear","2","0"
"16","160037","2015","4","1","17","Rural","Sideswipe - Opposite Direction","Daylight","Clear","1","1"
"20","200071","2015","4","2","14","Rural","Sideswipe - Opposite Direction","Daylight","Clear","1","0"
"20","200028","2015","2","4","13","Rural","Sideswipe - Opposite Direction","Daylight","Clear","1","0"
"32","320215","2015","10","4","19","Rural","Sideswipe - Opposite Direction","Dark - Unknown Lighting","Clear","1","0"
"1","10450","2015","8","7","13","Rural","Sideswipe - Opposite Direction","Daylight","Clear","1","0"
"4","40078","2015","2","1","5","Rural","Sideswipe - Opposite Direction","Dark - Not Lighted","Clear","1","0"
"5","50106","2015","3","5","6","Rural","Sideswipe - Opposite Direction","Dark - Not Lighted","Clear","2","1"
"8","80244","2015","7","6","15","Rural","Sideswipe - Opposite Direction","Daylight","Clear","1","0"
"8","80316","2015","8","3","12","Rural","Sideswipe - Opposite Direction","Daylight","Clear","1","0"
"8","80343","2015","9","1","14","Rural","Sideswipe - Opposite Direction","Daylight","Clear","1","0"
"17","170036","2015","1","5","13","Rural","Sideswipe - Opposite Direction","Daylight","Clear","1","0"
"17","170839","2015","12","5","17","Rural","Sideswipe - Opposite Direction","Dark - Not Lighted","Clear","1","1"
"36","360305","2015","1","3","15","Rural","Sideswipe - Opposite Direction","Daylight","Clear","1","0"
"55","550230","2015","7","3","2","Rural","Sideswipe - Opposite Direction","Dark - Not Lighted","Clear","1","0"
"9","90092","2015","5","7","8","Rural","Sideswipe - Opposite Direction","Daylight","Clear","1","0"
"46","460081","2015","9","7","16","Rural","Sideswipe - Opposite Direction","Daylight","Clear","1","1"
"37","370116","2015","2","6","6","Rural","Sideswipe - Opposite Direction","Dark - Not Lighted","Clear","1","0"
"13","130617","2015","6","4","6","Rural","Sideswipe - Opposite Direction","Dawn","Clear","1","0"
"50","500031","2015","9","6","16","Rural","Sideswipe - Opposite Direction","Daylight","Clear","1","0"
"21","210617","2015","8","3","5","Rural","Sideswipe - Opposite Direction","Dark - Not Lighted","Clear","1","0"
"27","270213","2015","8","6","10","Rural","Sideswipe - Opposite Direction","Daylight","Clear","1","0"
"37","370787","2015","8","5","9","Rural","Sideswipe - Opposite Direction","Daylight","Clear","1","0"
"37","370179","2015","3","4","10","Rural","Sideswipe - Opposite Direction","Daylight","Clear","1","0"
"37","370368","2015","5","3","22","Rural","Sideswipe - Opposite Direction","Daylight","Clear","1","0"
"37","370822","2015","9","6","18","Rural","Sideswipe - Opposite Direction","Daylight","Clear","1","0"
"37","371196","2015","12","4","13","Rural","Sideswipe - Opposite Direction","Daylight","Clear","1","0"
"37","370763","2015","8","6","14","Rural","Sideswipe - Opposite Direction","Daylight","Clear","1","0"
"48","481378","2015","6","6","7","Rural","Rear-to-Side","Daylight","Clear","2","0"
"32","320065","2015","2","7","7","Rural","Other (End-Swipes and Others)","Daylight","Clear","2","0"
"26","260888","2015","5","5","10","Rural","Other (End-Swipes and Others)","Daylight","Clear","1","0"
"20","200261","2015","9","2","19","Rural","Front-to-Front","Dark - Not Lighted","Clear","1","0"
"48","481781","2015","7","6","21","Rural","Angle","Dark - Not Lighted","Clear","1","0"
"32","320166","2015","7","6","12","Rural","Angle","Daylight","Clear","1","1"
"37","371014","2015","10","6","14","Rural","Angle","Daylight","Clear","1","0"
"37","370811","2015","8","7","15","Rural","Angle","Daylight","Clear","2","0"
"37","370638","2015","7","4","22","Rural","Angle","Dark - Not Lighted","Clear","1","1"
"18","180374","2015","7","1","21","Rural","Angle","Dusk","Clear","1","0"
"17","170886","2015","12","5","15","Rural","Angle","Daylight","Clear","1","0"
"47","470815","2015","12","4","19","Rural","Angle","Dark - Lighted","Clear","1","0"
"37","370289","2015","4","6","15","Rural","Angle","Daylight","Clear","1","0"
"37","370489","2015","6","3","18","Rural","Angle","Daylight","Clear","1","0"
"37","370359","2015","5","1","20","Rural","Angle","Dusk","Clear","1","1"
"37","370853","2015","9","7","11","Rural","Angle","Daylight","Clear","1","0"
"37","370160","2015","3","3","10","Rural","Angle","Daylight","Clear","2","0"
"8","80085","2015","3","7","17","Rural","Front-to-Front","Daylight","Clear","2","1"
"48","482823","2015","11","2","17","Rural","Angle","Dark - Not Lighted","Clear","1","0"
"26","260778","2015","10","3","15","Rural","Angle","Daylight","Clear","1","0"
"39","390216","2015","4","5","7","Rural","Front-to-Rear","Daylight","Clear","1","0"
"55","550288","2015","8","4","12","Rural","Front-to-Rear","Daylight","Clear","1","0"
"10","100111","2015","9","7","21","Rural","Front-to-Rear","Dark - Lighted","Clear","1","1"
"48","482964","2015","12","6","18","Rural","Angle","Dark - Not Lighted","Clear","1","1"
"18","180097","2015","2","5","20","Rural","Angle","Dark - Not Lighted","Clear","1","0"
"18","180706","2015","11","7","8","Rural","Angle","Daylight","Clear","1","0"
"38","380044","2015","6","3","10","Rural","Angle","Daylight","Clear","1","0"
"37","371187","2015","12","5","22","Rural","Angle","Daylight","Clear","1","0"
"42","420456","2015","6","5","13","Rural","Angle","Daylight","Clear","2","0"
"8","80392","2015","9","6","13","Rural","Not Collision with Motor Vehicle in Transport (Not Necessarily in Transport for 2005-2009)","Daylight","Clear","2","0"
"8","80330","2015","9","3","22","Rural","Not Collision with Motor Vehicle in Transport (Not Necessarily in Transport for 2005-2009)","Dark - Not Lighted","Clear","1","1"
"12","121417","2015","7","6","20","Rural","Not Collision with Motor Vehicle in Transport (Not Necessarily in Transport for 2005-2009)","Dusk","Clear","1","2"
"19","190140","2015","7","3","16","Rural","Front-to-Rear","Daylight","Clear","2","0"
"19","190091","2015","5","5","23","Rural","Front-to-Rear","Dark - Lighted","Clear","1","1"
"48","481842","2015","8","1","2","Rural","Front-to-Rear","Dark - Lighted","Clear","1","1"
"48","480848","2015","4","4","20","Rural","Front-to-Rear","Dark - Not Lighted","Clear","2","1"
"48","482050","2015","9","6","22","Rural","Front-to-Rear","Dark - Not Lighted","Clear","1","1"
"20","200278","2015","11","7","22","Rural","Front-to-Rear","Dark - Lighted","Clear","1","2"