"state_number","consecutive_number","year_of_crash","month_of_crash","day_of_week","hour_of_crash","land_use_name","manner_of_collision_name","light_condition_name","atmospheric_conditions_name","number_of_fatalities","number_of_drunk_drivers"
"20","200096","2015","5","2","15","Rural","Front-to-Rear","Daylight","Clear","1","0"
"12","120661","2015","4","5","12","Rural","Front-to-Rear","Daylight","Clear","1","0"
"8","80451","2015","11","3","18","Rural","Front-to-Rear","Dark - Not Lighted","Clear","1","0"
"24","240346","2015","10","3","5","Rural","Front-to-Rear","Dark - Not Lighted","Clear","1","0"
"47","470426","2015","7","3","11","Rural","Front-to-Rear","Daylight","Clear","1","0"
"35","350256","2015","12","5","10","Rural","Front-to-Rear","Daylight","Clear","1","0"
"28","280558","2015","12","7","11","Rural","Front-to-Rear","Daylight","Clear","1","0"
"38","380113","2015","12","6","15","Rural","Front-to-Rear","Daylight","Clear","1","0"
"37","370658","2015","7","4","22","Rural","Front-to-Rear","Dark - Not Lighted","Clear","1","1"
"45","450413","2015","6","4","13","Rural","Front-to-Rear","Daylight","Clear","1","0"
"48","480803","2015","4","7","15","Rural","Front-to-Rear","Daylight","Clear","1","1"
"20","200030","2015","2","6","10","Rural","Front-to-Rear","Daylight","Clear","1","0"
"12","120484","2015","3","3","13","Rural","Front-to-Rear","Daylight","Clear","1","0"
"13","131211","2015","12","6","9","Rural","Front-to-Rear","Daylight","Clear","1","0"
"21","210568","2015","11","3","7","Rural","Front-to-Rear","Daylight","Clear","1","0"
"36","360330","2015","6","5","15","Rural","Front-to-Rear","Daylight","Clear","1","0"
"27","270223","2015","8","2","17","Rural","Front-to-Rear","Daylight","Clear","1","0"
"26","260281","2015","6","4","13","Rural","Front-to-Rear","Daylight","Clear","1","0"
"48","480826","2015","4","3","3","Rural","Front-to-Rear","Dark - Lighted","Clear","2","1"
"1","10352","2015","7","5","18","Rural","Front-to-Front","Daylight","Clear","1","0"
"18","180238","2015","5","7","21","Rural","Front-to-Front","Dusk","Clear","1","0"
"18","180094","2015","2","3","17","Rural","Front-to-Front","Daylight","Clear","1","0"
"21","210690","2015","12","5","13","Rural","Front-to-Front","Daylight","Clear","1","0"
"47","470510","2015","8","4","17","Rural","Front-to-Front","Daylight","Clear","1","0"
"12","121886","2015","9","1","10","Rural","Front-to-Front","Daylight","Clear","1","0"
"17","170597","2015","9","6","19","Rural","Front-to-Front","Daylight","Clear","1","0"
"29","290187","2015","2","2","14","Rural","Front-to-Front","Daylight","Clear","1","0"
"36","360743","2015","10","6","22","Rural","Front-to-Front","Dark - Not Lighted","Clear","1","1"
"37","370643","2015","7","2","12","Rural","Front-to-Front","Daylight","Clear","1","0"
"39","390125","2015","2","4","15","Rural","Angle","Daylight","Clear","1","0"
"20","200206","2015","9","6","16","Rural","Angle","Daylight","Clear","1","0"
"1","10539","2015","8","5","4","Rural","Angle","Dark - Not Lighted","Clear","1","0"
"5","50458","2015","12","6","13","Rural","Angle","Daylight","Clear","1","0"
"17","170439","2015","7","3","6","Rural","Angle","Daylight","Clear","1","0"
"24","240345","2015","9","4","13","Rural","Angle","Daylight","Clear","1","0"
"12","120061","2015","1","1","18","Rural","Angle","Daylight","Clear","1","0"
"9","90115","2015","9","6","16","Rural","Angle","Daylight","Clear","2","0"
"39","390679","2015","8","3","13","Rural","Angle","Daylight","Clear","1","0"
"12","122316","2015","11","3","18","Rural","Angle","Dark - Not Lighted","Clear","1","0"
"38","380105","2015","11","1","21","Rural","Sideswipe - Same Direction","Dark - Not Lighted","Clear","1","1"
"42","420451","2015","6","2","14","Rural","Not Collision with Motor Vehicle in Transport (Not Necessarily in Transport for 2005-2009)","Daylight","Clear","1","0"
"42","420446","2015","6","1","13","Rural","Not Collision with Motor Vehicle in Transport (Not Necessarily in Transport for 2005-2009)","Daylight","Clear","1","0"
"37","370649","2015","7","7","19","Rural","Not Collision with Motor Vehicle in Transport (Not Necessarily in Transport for 2005-2009)","Daylight","Clear","1","0"
"40","400187","2015","6","4","11","Rural","Front-to-Rear","Daylight","Clear","1","0"
"28","280147","2015","4","6","8","Rural","Front-to-Rear","Daylight","Clear","1","0"
"37","370479","2015","5","4","6","Rural","Front-to-Rear","Dawn","Clear","1","0"
"45","450796","2015","11","2","10","Rural","Front-to-Rear","Daylight","Clear","1","0"
"45","450496","2015","7","5","10","Rural","Front-to-Rear","Daylight","Clear","1","0"
"48","482039","2015","9","5","7","Rural","Front-to-Rear","Dawn","Clear","1","0"
"1","10174","2015","4","4","5","Rural","Front-to-Rear","Dark - Not Lighted","Clear","1","0"
"12","120937","2015","5","7","15","Rural","Front-to-Rear","Daylight","Clear","1","1"
"56","560040","2015","5","5","12","Rural","Front-to-Rear","Daylight","Clear","1","0"
"27","270331","2015","11","2","9","Rural","Front-to-Rear","Daylight","Clear","1","0"
"12","121252","2015","7","1","11","Rural","Front-to-Front","Daylight","Clear","1","0"
"45","450099","2015","2","2","6","Rural","Front-to-Front","Dawn","Clear","1","0"
"50","500033","2015","9","2","17","Rural","Front-to-Front","Daylight","Clear","1","0"
"23","230127","2015","11","3","13","Rural","Angle","Daylight","Clear","1","0"
"48","481944","2015","8","6","18","Rural","Angle","Daylight","Clear","1","0"
"48","482577","2015","10","4","9","Rural","Angle","Daylight","Clear","1","0"
"1","10592","2015","10","7","2","Rural","Angle","Dark - Not Lighted","Clear","1","1"
"12","120190","2015","2","7","10","Rural","Angle","Daylight","Clear","2","0"
"13","130898","2015","9","3","13","Rural","Angle","Daylight","Clear","1","0"
"5","50270","2015","8","1","9","Rural","Angle","Daylight","Clear","1","0"
"5","50279","2015","8","6","16","Rural","Angle","Daylight","Clear","1","0"
"21","210355","2015","7","7","13","Rural","Angle","Daylight","Clear","1","0"
"21","210527","2015","10","1","18","Rural","Angle","Daylight","Clear","2","0"
"31","310010","2015","1","6","18","Rural","Angle","Dark - Not Lighted","Clear","1","0"
"22","220465","2015","9","3","11","Rural","Angle","Daylight","Clear","1","0"
"42","420257","2015","5","6","14","Rural","Angle","Daylight","Clear","2","0"
"42","420878","2015","10","2","18","Rural","Angle","Dusk","Clear","1","0"
"42","420486","2015","7","6","18","Rural","Angle","Daylight","Clear","1","1"
"54","540204","2015","10","5","5","Rural","Angle","Dark - Not Lighted","Clear","1","0"
"23","230138","2015","12","2","10","Rural","Angle","Daylight","Clear","1","0"
"48","481568","2015","7","7","10","Rural","Angle","Daylight","Clear","1","0"
"48","483132","2015","12","5","22","Rural","Angle","Dark - Lighted","Clear","1","1"
"12","121604","2015","8","4","7","Rural","Angle","Daylight","Clear","1","0"
"12","121702","2015","9","7","11","Rural","Angle","Daylight","Clear","1","0"
"13","130254","2015","3","3","7","Rural","Angle","Dark - Not Lighted","Clear","1","0"
"13","130333","2015","4","4","15","Rural","Angle","Daylight","Clear","1","0"
"17","170378","2015","6","2","13","Rural","Angle","Daylight","Clear","1","0"
"26","260478","2015","8","2","21","Rural","Angle","Dark - Not Lighted","Clear","1","0"
"31","310038","2015","3","3","9","Rural","Angle","Daylight","Clear","1","0"
"42","420042","2015","1","7","17","Rural","Angle","Dark - Not Lighted","Clear","1","1"
"37","370490","2015","6","7","23","Rural","Angle","Dark - Not Lighted","Clear","1","2"
"37","370255","2015","4","1","10","Rural","Angle","Daylight","Clear","1","0"
"48","483255","2015","10","2","13","Rural","Not Collision with Motor Vehicle in Transport (Not Necessarily in Transport for 2005-2009)","Daylight","Clear","1","0"
"12","120804","2015","5","6","16","Rural","Angle","Daylight","Clear","1","0"
"40","400310","2015","6","5","10","Rural","Angle","Daylight","Clear","1","0"
"39","391065","2015","12","5","16","Urban","Not Collision with Motor Vehicle in Transport (Not Necessarily in Transport for 2005-2009)","Daylight","Clear","1","0"
"4","40677","2015","11","7","16","Urban","Not Collision with Motor Vehicle in Transport (Not Necessarily in Transport for 2005-2009)","Daylight","Clear","1","0"
"22","220525","2015","10","4","19","Urban","Not Collision with Motor Vehicle in Transport (Not Necessarily in Transport for 2005-2009)","Dark - Lighted","Clear","1","0"
"45","450778","2015","11","6","18","Urban","Not Collision with Motor Vehicle in Transport (Not Necessarily in Transport for 2005-2009)","Dark - Not Lighted","Clear","1","0"
"45","450141","2015","3","1","18","Urban","Not Collision with Motor Vehicle in Transport (Not Necessarily in Transport for 2005-2009)","Daylight","Clear","1","0"
"20","200051","2015","2","3","8","Urban","Not Collision with Motor Vehicle in Transport (Not Necessarily in Transport for 2005-2009)","Daylight","Clear","1","0"
"32","320128","2015","8","4","19","Urban","Not Collision with Motor Vehicle in Transport (Not Necessarily in Transport for 2005-2009)","Dark - Lighted","Clear","1","0"
"12","121906","2015","9","4","18","Urban","Not Collision with Motor Vehicle in Transport (Not Necessarily in Transport for 2005-2009)","Daylight","Clear","1","0"
"12","122061","2015","10","1","17","Urban","Not Collision with Motor Vehicle in Transport (Not Necessarily in Transport for 2005-2009)","Daylight","Clear","1","0"
"12","120935","2015","5","5","7","Urban","Not Collision with Motor Vehicle in Transport (Not Necessarily in Transport for 2005-2009)","Daylight","Clear","1","2"
"48","481892","2015","8","2","21","Urban","Not Collision with Motor Vehicle in Transport (Not Necessarily in Transport for 2005-2009)","Dark - Lighted","Clear","1","0"
"47","470706","2015","10","3","15","Urban","Not Collision with Motor Vehicle in Transport (Not Necessarily in Transport for 2005-2009)","Daylight","Clear","1","0"
"48","481212","2015","6","6","19","Urban","Not Collision with Motor Vehicle in Transport (Not Necessarily in Transport for 2005-2009)","Daylight","Clear","1","1"
"12","120699","2015","4","6","16","Urban","Front-to-Rear","Daylight","Clear","1","0"
"12","121362","2015","7","1","19","Urban","Front-to-Rear","Daylight","Clear","1","1"
"30","300044","2015","5","6","13","Urban","Front-to-Rear","Daylight","Clear","1","0"
"34","340035","2015","2","1","11","Urban","Front-to-Rear","Daylight","Clear","1","0"
"45","450233","2015","4","5","10","Urban","Front-to-Rear","Daylight","Clear","1","0"
"45","450319","2015","5","1","6","Urban","Front-to-Rear","Daylight","Clear","1","1"
"45","450247","2015","3","5","2","Urban","Front-to-Rear","Dark - Not Lighted","Clear","1","1"
"49","490112","2015","6","5","3","Urban","Front-to-Rear","Dark - Lighted","Clear","1","0"
"15","150024","2015","3","1","14","Urban","Front-to-Rear","Daylight","Clear","1","0"
"1","10314","2015","6","1","17","Urban","Front-to-Rear","Daylight","Clear","1","1"
"12","121070","2015","5","6","22","Urban","Front-to-Rear","Dark - Lighted","Clear","2","1"
"12","120768","2015","2","1","18","Urban","Front-to-Rear","Daylight","Clear","1","0"
"12","121927","2015","8","2","0","Urban","Front-to-Rear","Dark - Lighted","Clear","1","0"
"12","120355","2015","3","1","23","Urban","Front-to-Rear","Dark - Lighted","Clear","1","0"
"13","130611","2015","6","2","5","Urban","Front-to-Rear","Dark - Not Lighted","Clear","1","0"
"24","240248","2015","8","2","7","Urban","Front-to-Rear","Daylight","Clear","1","0"
"36","360439","2015","7","2","23","Urban","Front-to-Rear","Dark - Lighted","Clear","1","0"
"42","421075","2015","10","3","23","Urban","Front-to-Rear","Dark - Lighted","Clear","1","1"
"25","250056","2015","6","4","15","Urban","Front-to-Rear","Daylight","Clear","1","0"
"37","370299","2015","3","3","6","Urban","Front-to-Rear","Dark - Not Lighted","Clear","1","0"
"17","170855","2015","12","6","9","Urban","Front-to-Rear","Daylight","Clear","1","0"
"55","550270","2015","6","5","12","Urban","Front-to-Rear","Daylight","Clear","1","0"
"48","482055","2015","9","7","1","Urban","Front-to-Rear","Dark - Not Lighted","Clear","1","0"
"4","40234","2015","4","7","6","Urban","Front-to-Rear","Daylight","Clear","1","1"
"26","260158","2015","1","2","19","Urban","Front-to-Rear","Dark - Lighted","Clear","1","1"
"36","360505","2015","8","4","1","Urban","Front-to-Rear","Dark - Lighted","Clear","1","0"
"48","480652","2015","3","2","21","Urban","Front-to-Front","Dark - Not Lighted","Clear","1","0"
"48","482028","2015","9","3","10","Urban","Front-to-Front","Daylight","Clear","2","0"
"12","122726","2015","12","4","18","Urban","Front-to-Front","Dark - Lighted","Clear","1","1"
"12","122323","2015","11","7","20","Urban","Front-to-Front","Dark - Not Lighted","Clear","1","0"
"12","120336","2015","1","5","18","Urban","Front-to-Front","Dark - Lighted","Clear","1","0"
"12","120359","2015","3","5","10","Urban","Front-to-Front","Daylight","Clear","1","0"
"12","120977","2015","5","7","21","Urban","Front-to-Front","Dark - Lighted","Clear","1","0"
"13","130421","2015","4","5","8","Urban","Front-to-Front","Daylight","Clear","1","0"
"5","50496","2015","9","4","8","Urban","Front-to-Front","Daylight","Clear","1","0"
"8","80394","2015","7","3","17","Urban","Front-to-Front","Daylight","Clear","1","0"
"8","80149","2015","4","2","6","Urban","Front-to-Front","Dawn","Clear","1","0"
"31","310144","2015","9","5","9","Urban","Front-to-Front","Daylight","Clear","1","0"
"54","540185","2015","9","1","13","Urban","Front-to-Front","Daylight","Clear","1","1"
"45","450317","2015","5","4","5","Urban","Front-to-Front","Dark - Not Lighted","Clear","1","0"
"48","480616","2015","3","1","4","Urban","Front-to-Front","Dark - Not Lighted","Clear","1","1"
"48","482064","2015","9","1","2","Urban","Front-to-Front","Dark - Lighted","Clear","1","0"
"48","482223","2015","9","6","22","Urban","Front-to-Front","Dark - Lighted","Clear","1","1"
"12","120502","2015","3","6","5","Urban","Front-to-Front","Dark - Lighted","Clear","1","0"
"12","121979","2015","10","5","23","Urban","Front-to-Front","Dark - Lighted","Clear","1","1"
"12","122429","2015","12","5","7","Urban","Front-to-Front","Daylight","Clear","1","0"
"12","120417","2015","3","3","17","Urban","Front-to-Front","Daylight","Clear","1","0"
"12","121340","2015","7","3","9","Urban","Front-to-Front","Daylight","Clear","1","0"
"12","121251","2015","7","1","13","Urban","Front-to-Front","Daylight","Clear","1","0"
"8","80091","2015","3","4","18","Urban","Front-to-Front","Daylight","Clear","1","0"
"8","80363","2015","9","5","20","Urban","Front-to-Front","Dark - Lighted","Clear","1","0"
"17","170235","2015","5","5","14","Urban","Front-to-Front","Daylight","Clear","1","0"
"17","170567","2015","8","7","10","Urban","Front-to-Front","Daylight","Clear","1","1"
"17","170892","2015","8","7","15","Urban","Front-to-Front","Daylight","Clear","1","0"
"24","240348","2015","9","5","18","Urban","Front-to-Front","Daylight","Clear","1","1"
"29","290788","2015","11","5","13","Urban","Front-to-Front","Daylight","Clear","1","0"
"36","360126","2015","1","5","14","Urban","Front-to-Front","Daylight","Clear","1","0"
"36","360223","2015","5","3","4","Urban","Front-to-Front","Dark - Lighted","Clear","1","1"
"36","360684","2015","8","1","19","Urban","Front-to-Front","Dusk","Clear","1","0"
"36","360542","2015","8","3","14","Urban","Front-to-Front","Daylight","Clear","1","0"
"22","220654","2015","12","6","21","Urban","Front-to-Front","Dark - Lighted","Clear","1","2"
"47","470322","2015","6","4","17","Urban","Front-to-Front","Daylight","Clear","1","0"
"42","420759","2015","8","6","18","Urban","Front-to-Front","Daylight","Clear","1","0"
"25","250204","2015","12","1","23","Urban","Front-to-Front","Dark - Lighted","Clear","1","0"
"37","370929","2015","9","5","21","Urban","Front-to-Front","Dark - Lighted","Clear","1","0"
"39","390742","2015","8","3","20","Urban","Front-to-Front","Dusk","Clear","1","0"
"12","122088","2015","10","7","8","Urban","Front-to-Front","Daylight","Clear","1","0"
"20","200120","2015","6","2","21","Urban","Front-to-Front","Dark - Lighted","Clear","1","0"
"1","10143","2015","3","2","0","Urban","Front-to-Front","Dark - Lighted","Clear","1","2"
"8","80513","2015","11","3","21","Urban","Front-to-Front","Dark - Lighted","Clear","1","0"
"24","240389","2015","11","4","5","Urban","Front-to-Front","Dark - Lighted","Clear","1","0"
"26","260502","2015","8","7","13","Urban","Front-to-Front","Daylight","Clear","1","0"
"29","290077","2015","2","3","1","Urban","Front-to-Front","Dark - Lighted","Clear","1","1"
"36","360835","2015","11","2","11","Urban","Front-to-Front","Daylight","Clear","1","0"
"47","470307","2015","5","7","14","Urban","Front-to-Front","Daylight","Clear","1","0"
"55","550434","2015","11","2","17","Urban","Front-to-Front","Dark - Lighted","Clear","1","0"
"48","480924","2015","5","2","20","Urban","Front-to-Front","Dusk","Clear","1","0"
"48","480911","2015","5","1","12","Urban","Front-to-Front","Daylight","Clear","1","1"
"48","481990","2015","8","5","22","Urban","Front-to-Front","Dark - Not Lighted","Clear","1","2"
"48","480719","2015","4","3","18","Urban","Front-to-Front","Dusk","Clear","1","1"
"53","530274","2015","8","2","10","Urban","Angle","Daylight","Clear","1","0"
"19","190185","2015","9","5","7","Urban","Angle","Daylight","Clear","1","0"
"19","190004","2015","1","7","20","Urban","Angle","Dark - Lighted","Clear","1","1"
"19","190245","2015","11","1","18","Urban","Angle","Dark - Lighted","Clear","2","1"
"39","390659","2015","7","4","10","Urban","Angle","Daylight","Clear","1","0"
"39","390998","2015","12","5","21","Urban","Angle","Dark - Lighted","Clear","1","0"
"39","390331","2015","5","7","17","Urban","Angle","Daylight","Clear","1","0"
"49","490260","2015","12","7","17","Urban","Angle","Dark - Lighted","Clear","1","0"
"16","160029","2015","3","3","12","Urban","Angle","Daylight","Clear","1","0"
"23","230096","2015","9","4","13","Urban","Angle","Daylight","Clear","2","0"
"48","482399","2015","10","5","9","Urban","Angle","Daylight","Clear","1","0"
"48","481874","2015","6","6","15","Urban","Angle","Daylight","Clear","1","1"
"48","481720","2015","7","3","9","Urban","Angle","Daylight","Clear","1","0"
"48","481123","2015","5","7","3","Urban","Angle","Dark - Lighted","Clear","1","0"
"48","480838","2015","4","7","16","Urban","Angle","Daylight","Clear","1","0"
"48","481268","2015","6","1","17","Urban","Angle","Daylight","Clear","1","0"
"48","481086","2015","5","6","13","Urban","Angle","Daylight","Clear","1","0"
"48","482464","2015","10","7","18","Urban","Angle","Dusk","Clear","2","0"
"48","480970","2015","5","7","21","Urban","Angle","Dark - Lighted","Clear","1","0"
"48","483114","2015","12","6","12","Urban","Angle","Daylight","Clear","1","0"
"48","482896","2015","12","5","17","Urban","Angle","Daylight","Clear","1","0"
"48","482968","2015","12","7","2","Urban","Angle","Dark - Not Lighted","Clear","1","1"
"20","200198","2015","8","5","22","Urban","Angle","Dark - Lighted","Clear","1","1"
"41","410228","2015","7","6","20","Urban","Angle","Dusk","Clear","1","0"
"41","410300","2015","10","2","15","Urban","Angle","Daylight","Clear","1","0"
"41","410013","2015","1","3","16","Urban","Angle","Dark - Not Lighted","Clear","1","0"
"41","410240","2015","7","6","14","Urban","Angle","Daylight","Clear","1","0"
"1","10416","2015","8","6","17","Urban","Angle","Daylight","Clear","1","0"
"1","10580","2015","10","3","8","Urban","Angle","Daylight","Clear","1","0"
"1","10419","2015","8","6","10","Urban","Angle","Daylight","Clear","2","0"
"1","10615","2015","10","7","23","Urban","Angle","Dark - Lighted","Clear","1","0"
"1","10214","2015","4","5","20","Urban","Angle","Dark - Not Lighted","Clear","1","1"
"1","10410","2015","8","7","12","Urban","Angle","Daylight","Clear","1","0"
"1","10570","2015","10","1","0","Urban","Angle","Dark - Not Lighted","Clear","1","1"
"1","10005","2015","1","4","7","Urban","Angle","Daylight","Clear","1","0"
"1","10161","2015","3","2","15","Urban","Angle","Daylight","Clear","1","0"
"4","40775","2015","12","3","19","Urban","Angle","Dark - Not Lighted","Clear","1","0"
"4","40736","2015","11","2","18","Urban","Angle","Dark - Lighted","Clear","1","0"
"12","120159","2015","1","7","7","Urban","Angle","Daylight","Clear","1","1"
"12","122479","2015","12","1","9","Urban","Angle","Daylight","Clear","1","0"
"12","121933","2015","9","5","18","Urban","Angle","Daylight","Clear","1","0"
"12","122435","2015","11","5","0","Urban","Angle","Dark - Lighted","Clear","1","0"
"12","121627","2015","8","3","18","Urban","Angle","Daylight","Clear","3","0"
"12","121361","2015","7","1","14","Urban","Angle","Daylight","Clear","1","0"
"12","122070","2015","10","3","20","Urban","Angle","Dark - Lighted","Clear","2","1"
"12","122224","2015","10","7","19","Urban","Angle","Dark - Lighted","Clear","1","0"
"12","120459","2015","3","3","10","Urban","Angle","Daylight","Clear","1","0"
"12","120034","2015","1","3","7","Urban","Angle","Daylight","Clear","1","0"
"12","122685","2015","12","2","18","Urban","Angle","Dark - Not Lighted","Clear","1","0"
"12","122341","2015","12","3","12","Urban","Angle","Daylight","Clear","1","0"
"12","120823","2015","1","5","16","Urban","Angle","Daylight","Clear","1","0"
"12","121844","2015","9","4","17","Urban","Angle","Daylight","Clear","1","0"
"12","121303","2015","7","4","14","Urban","Angle","Daylight","Clear","1","0"
"12","122680","2015","10","6","13","Urban","Angle","Daylight","Clear","1","0"
"12","120388","2015","3","5","23","Urban","Angle","Dark - Lighted","Clear","1","0"
"12","120105","2015","1","4","18","Urban","Angle","Dusk","Clear","1","0"
"12","121103","2015","6","2","10","Urban","Angle","Daylight","Clear","1","0"
"12","121485","2015","6","6","19","Urban","Angle","Daylight","Clear","1","0"
"12","122246","2015","11","5","16","Urban","Angle","Dusk","Clear","1","0"
"12","120222","2015","2","3","14","Urban","Angle","Daylight","Clear","1","0"
"12","120715","2015","4","2","16","Urban","Angle","Daylight","Clear","1","0"
"12","121821","2015","9","4","11","Urban","Angle","Daylight","Clear","1","0"
"12","121771","2015","9","1","6","Urban","Angle","Dark - Lighted","Clear","1","0"
"12","122461","2015","12","2","22","Urban","Angle","Dark - Lighted","Clear","1","0"
"12","120140","2015","1","4","12","Urban","Angle","Daylight","Clear","1","0"
"12","120043","2015","1","6","13","Urban","Angle","Daylight","Clear","1","0"
"12","120967","2015","5","1","3","Urban","Angle","Dark - Lighted","Clear","1","1"
"12","121188","2015","7","4","15","Urban","Angle","Daylight","Clear","1","0"
"12","121435","2015","7","6","11","Urban","Angle","Daylight","Clear","1","0"
"12","121135","2015","6","1","15","Urban","Angle","Daylight","Clear","1","1"
"12","121737","2015","9","5","19","Urban","Angle","Daylight","Clear","1","0"
"12","120109","2015","1","4","22","Urban","Angle","Dark - Lighted","Clear","1","0"
"12","121893","2015","9","4","15","Urban","Angle","Daylight","Clear","1","0"
"12","120910","2015","5","3","17","Urban","Angle","Daylight","Clear","1","0"
"12","121071","2015","5","7","22","Urban","Angle","Dark - Not Lighted","Clear","2","2"
"12","120811","2015","5","5","7","Urban","Angle","Daylight","Clear","1","0"
"12","122379","2015","12","1","11","Urban","Angle","Daylight","Clear","1","0"
"12","121347","2015","5","7","1","Urban","Angle","Dark - Lighted","Clear","1","1"
"12","120205","2015","2","4","11","Urban","Angle","Daylight","Clear","1","0"
"12","120065","2015","1","5","22","Urban","Angle","Dark - Lighted","Clear","2","0"
"12","120908","2015","5","7","15","Urban","Angle","Daylight","Clear","1","0"
"12","121974","2015","10","2","21","Urban","Angle","Dark - Lighted","Clear","1","0"
"12","122146","2015","11","7","18","Urban","Angle","Dusk","Clear","1","0"
"12","122228","2015","11","1","0","Urban","Angle","Dark - Lighted","Clear","1","0"
"12","122363","2015","12","6","7","Urban","Angle","Daylight","Clear","1","0"
"12","120800","2015","4","7","17","Urban","Angle","Daylight","Clear","1","1"
"12","121038","2015","5","6","12","Urban","Angle","Daylight","Clear","1","0"
"12","121819","2015","9","2","19","Urban","Angle","Dusk","Clear","1","0"
"12","120855","2015","5","6","7","Urban","Angle","Daylight","Clear","1","0"
"12","120285","2015","3","2","14","Urban","Angle","Daylight","Clear","1","0"
"12","121185","2015","5","5","15","Urban","Angle","Daylight","Clear","1","0"
"12","121114","2015","6","1","16","Urban","Angle","Daylight","Clear","1","0"
"13","131094","2015","10","4","0","Urban","Angle","Dark - Lighted","Clear","1","0"
"13","130428","2015","5","7","20","Urban","Angle","Dark - Not Lighted","Clear","1","0"
"13","130759","2015","8","6","13","Urban","Angle","Daylight","Clear","1","0"
"13","130643","2015","7","4","10","Urban","Angle","Daylight","Clear","1","0"
"13","130309","2015","4","4","15","Urban","Angle","Daylight","Clear","1","0"
"13","131232","2015","12","5","17","Urban","Angle","Dark - Not Lighted","Clear","1","0"
"13","130788","2015","6","7","22","Urban","Angle","Dark - Not Lighted","Clear","1","0"
"13","130899","2015","9","3","11","Urban","Angle","Daylight","Clear","1","0"
"13","131193","2015","11","1","13","Urban","Angle","Daylight","Clear","2","0"
"13","130895","2015","9","2","21","Urban","Angle","Dark - Lighted","Clear","2","0"
"13","130840","2015","9","3","9","Urban","Angle","Daylight","Clear","1","0"
"13","131208","2015","12","6","14","Urban","Angle","Daylight","Clear","1","0"
"13","130857","2015","9","1","21","Urban","Angle","Dark - Not Lighted","Clear","1","0"
"13","130742","2015","8","7","10","Urban","Angle","Daylight","Clear","1","0"
"13","130295","2015","1","3","7","Urban","Angle","Daylight","Clear","1","0"
"13","131212","2015","12","7","21","Urban","Angle","Dark - Not Lighted","Clear","1","0"
"18","180402","2015","7","6","19","Urban","Angle","Daylight","Clear","1","1"
"18","180583","2015","10","6","17","Urban","Angle","Daylight","Clear","1","0"
"56","560128","2015","12","1","11","Urban","Angle","Daylight","Clear","1","0"
"5","50120","2015","4","3","15","Urban","Angle","Daylight","Clear","1","0"
"5","50434","2015","11","5","17","Urban","Angle","Dark - Lighted","Clear","1","0"
"5","50363","2015","10","2","4","Urban","Angle","Dark - Not Lighted","Clear","1","0"
"5","50216","2015","6","5","9","Urban","Angle","Daylight","Clear","1","0"
"5","50123","2015","4","5","20","Urban","Angle","Dark - Lighted","Clear","1","0"
"5","50418","2015","11","3","17","Urban","Angle","Dusk","Clear","1","1"
"5","50258","2015","7","5","11","Urban","Angle","Daylight","Clear","1","0"
"5","50377","2015","10","3","17","Urban","Angle","Daylight","Clear","2","0"
"8","80465","2015","11","3","15","Urban","Angle","Daylight","Clear","1","0"
"8","80036","2015","1","3","11","Urban","Angle","Daylight","Clear","1","0"
"8","80230","2015","4","2","15","Urban","Angle","Daylight","Clear","1","0"
"8","80435","2015","10","4","13","Urban","Angle","Daylight","Clear","1","0"
"8","80265","2015","7","2","1","Urban","Angle","Dark - Lighted","Clear","1","0"
"8","80436","2015","10","1","19","Urban","Angle","Dark - Lighted","Clear","1","0"
"8","80042","2015","2","7","17","Urban","Angle","Daylight","Clear","1","0"
"8","80397","2015","10","6","20","Urban","Angle","Dark - Lighted","Clear","2","1"
"8","80419","2015","10","4","17","Urban","Angle","Daylight","Clear","1","0"
"8","80491","2015","12","5","14","Urban","Angle","Daylight","Clear","1","0"
"8","80391","2015","9","7","0","Urban","Angle","Dark - Lighted","Clear","1","1"
"17","170356","2015","6","1","4","Urban","Angle","Dark - Lighted","Clear","1","2"
"17","170243","2015","4","2","16","Urban","Angle","Daylight","Clear","1","0"
"17","170430","2015","7","5","22","Urban","Angle","Dark - Not Lighted","Clear","1","1"
"17","170814","2015","10","4","23","Urban","Angle","Dark - Lighted","Clear","2","1"
"17","170183","2015","4","5","4","Urban","Angle","Dark - Lighted","Clear","1","1"
"21","210286","2015","6","3","19","Urban","Angle","Daylight","Clear","1","1"
"21","210520","2015","10","5","17","Urban","Angle","Daylight","Clear","1","1"
"21","210680","2015","12","3","7","Urban","Angle","Daylight","Clear","1","0"
"24","240096","2015","4","2","15","Urban","Angle","Daylight","Clear","1","0"
"24","240005","2015","1","7","1","Urban","Angle","Dark - Lighted","Clear","5","0"
"24","240385","2015","11","1","17","Urban","Angle","Dark - Lighted","Clear","1","0"
"24","240422","2015","12","6","15","Urban","Angle","Daylight","Clear","1","0"
"26","260374","2015","7","1","1","Urban","Angle","Dark - Lighted","Clear","1","1"
"29","290326","2015","6","1","10","Urban","Angle","Daylight","Clear","1","0"
"29","290790","2015","12","6","18","Urban","Angle","Dark - Lighted","Clear","1","0"
"29","290180","2015","4","2","17","Urban","Angle","Daylight","Clear","1","0"
"29","290274","2015","6","2","21","Urban","Angle","Dark - Lighted","Clear","2","1"
"29","290228","2015","5","3","21","Urban","Angle","Dark - Not Lighted","Clear","1","0"
"29","290370","2015","5","2","16","Urban","Angle","Daylight","Clear","1","0"
"29","290524","2015","8","1","16","Urban","Angle","Daylight","Clear","1","0"
"31","310201","2015","10","7","14","Urban","Angle","Daylight","Clear","1","0"
"31","310182","2015","11","6","21","Urban","Angle","Dark - Lighted","Clear","1","0"
"36","360014","2015","1","4","15","Urban","Angle","Daylight","Clear","1","0"
"36","360171","2015","4","7","6","Urban","Angle","Dawn","Clear","1","0"
"36","360431","2015","7","1","1","Urban","Angle","Dark - Lighted","Clear","1","1"
"40","400505","2015","11","4","11","Urban","Angle","Daylight","Clear","1","0"
"40","400431","2015","10","6","17","Urban","Angle","Daylight","Clear","1","0"
"40","400244","2015","7","4","9","Urban","Angle","Daylight","Clear","1","0"
"40","400292","2015","7","6","22","Urban","Angle","Dark - Not Lighted","Clear","1","0"
"22","220668","2015","12","6","17","Urban","Angle","Dark - Not Lighted","Clear","1","0"
"22","220445","2015","9","6","18","Urban","Angle","Daylight","Clear","1","1"
"22","220705","2015","7","2","9","Urban","Angle","Daylight","Clear","1","0"
"22","220401","2015","8","6","13","Urban","Angle","Daylight","Clear","1","0"
"22","220506","2015","9","6","19","Urban","Angle","Dusk","Clear","1","0"
"22","220526","2015","10","5","1","Urban","Angle","Dark - Lighted","Clear","1","0"
"22","220550","2015","11","1","16","Urban","Angle","Daylight","Clear","1","0"