"state_number","consecutive_number","year_of_crash","month_of_crash","day_of_week","hour_of_crash","land_use_name","manner_of_collision_name","light_condition_name","atmospheric_conditions_name","number_of_fatalities","number_of_drunk_drivers"
"22","220207","2015","5","3","17","Urban","Angle","Daylight","Clear","1","0"
"22","220080","2015","2","1","19","Urban","Angle","Dark - Lighted","Clear","1","0"
"22","220269","2015","6","5","8","Urban","Angle","Daylight","Clear","1","0"
"27","270196","2015","7","5","17","Urban","Angle","Daylight","Clear","1","0"
"27","270010","2015","1","7","12","Urban","Angle","Daylight","Clear","1","0"
"27","270188","2015","7","3","9","Urban","Angle","Daylight","Clear","1","0"
"27","270236","2015","8","2","7","Urban","Angle","Daylight","Clear","1","0"
"27","270261","2015","9","1","9","Urban","Angle","Daylight","Clear","1","0"
"47","470831","2015","12","1","15","Urban","Angle","Daylight","Clear","1","0"
"47","470909","2015","12","2","13","Urban","Angle","Daylight","Clear","1","0"
"47","470393","2015","7","1","23","Urban","Angle","Dark - Lighted","Clear","1","0"
"47","470260","2015","5","4","15","Urban","Angle","Daylight","Clear","1","1"
"47","470754","2015","6","2","22","Urban","Angle","Dark - Lighted","Clear","1","0"
"47","470689","2015","10","2","20","Urban","Angle","Dark - Lighted","Clear","1","0"
"47","470862","2015","12","1","3","Urban","Angle","Dark - Not Lighted","Clear","1","1"
"47","470233","2015","4","3","20","Urban","Angle","Dark - Not Lighted","Clear","1","0"
"47","470190","2015","4","7","16","Urban","Angle","Daylight","Clear","1","0"
"47","470301","2015","5","4","11","Urban","Angle","Daylight","Clear","1","0"
"47","470257","2015","5","1","8","Urban","Angle","Daylight","Clear","1","0"
"47","470839","2015","12","2","14","Urban","Angle","Daylight","Clear","1","1"
"47","470635","2015","8","6","20","Urban","Angle","Dark - Lighted","Clear","1","0"
"55","550284","2015","8","7","11","Urban","Angle","Daylight","Clear","1","0"
"34","340034","2015","2","5","20","Urban","Angle","Dark - Lighted","Clear","1","0"
"34","340094","2015","4","2","3","Urban","Angle","Dark - Lighted","Clear","1","0"
"34","340493","2015","10","7","23","Urban","Angle","Dark - Lighted","Clear","1","1"
"34","340322","2015","8","4","6","Urban","Angle","Daylight","Clear","2","0"
"34","340172","2015","6","5","9","Urban","Angle","Daylight","Clear","1","0"
"34","340422","2015","9","7","5","Urban","Angle","Dark - Lighted","Clear","1","1"
"34","340414","2015","12","7","21","Urban","Angle","Dark - Lighted","Clear","1","0"
"34","340340","2015","7","5","21","Urban","Angle","Dark - Lighted","Clear","1","0"
"35","350051","2015","3","7","16","Urban","Angle","Daylight","Clear","1","0"
"9","90066","2015","6","6","11","Urban","Angle","Daylight","Clear","1","0"
"9","90200","2015","5","7","15","Urban","Angle","Daylight","Clear","1","0"
"28","280200","2015","5","4","19","Urban","Angle","Daylight","Clear","3","2"
"28","280453","2015","10","5","8","Urban","Angle","Daylight","Clear","1","0"
"42","421082","2015","11","3","15","Urban","Angle","Daylight","Clear","1","0"
"42","420741","2015","9","6","8","Urban","Angle","Daylight","Clear","1","0"
"42","421058","2015","10","6","10","Urban","Angle","Daylight","Clear","1","0"
"42","420407","2015","6","2","16","Urban","Angle","Daylight","Clear","1","0"
"42","420851","2015","9","2","13","Urban","Angle","Daylight","Clear","1","0"
"42","420500","2015","7","6","16","Urban","Angle","Daylight","Clear","1","0"
"42","420935","2015","11","6","14","Urban","Angle","Daylight","Clear","1","0"
"42","420167","2015","1","4","20","Urban","Angle","Dark - Not Lighted","Clear","1","0"
"42","420790","2015","8","1","16","Urban","Angle","Daylight","Clear","1","0"
"44","440023","2015","6","1","18","Urban","Angle","Daylight","Clear","2","1"
"37","370187","2015","2","2","15","Urban","Angle","Daylight","Clear","1","0"
"37","370399","2015","5","3","20","Urban","Angle","Dark - Lighted","Clear","1","0"
"37","370343","2015","1","4","10","Urban","Angle","Daylight","Clear","1","0"
"37","370588","2015","4","4","12","Urban","Angle","Daylight","Clear","1","0"
"37","370711","2015","8","3","17","Urban","Angle","Daylight","Clear","1","0"
"37","370478","2015","5","6","9","Urban","Angle","Daylight","Clear","1","0"
"37","370480","2015","2","6","15","Urban","Angle","Daylight","Clear","1","0"
"37","370492","2015","6","6","20","Urban","Angle","Dusk","Clear","1","1"
"37","370443","2015","5","6","7","Urban","Angle","Daylight","Clear","1","0"
"45","450722","2015","10","7","3","Urban","Angle","Dark - Lighted","Clear","1","1"
"45","450355","2015","6","5","15","Urban","Angle","Daylight","Clear","1","0"
"45","450445","2015","7","6","7","Urban","Angle","Daylight","Clear","1","0"
"45","450881","2015","12","7","20","Urban","Angle","Dark - Lighted","Clear","1","1"
"45","450477","2015","7","6","18","Urban","Angle","Daylight","Clear","1","0"
"45","450842","2015","10","7","15","Urban","Angle","Daylight","Clear","1","0"
"45","450212","2015","2","6","18","Urban","Angle","Dark - Not Lighted","Clear","1","0"
"45","450340","2015","6","2","13","Urban","Angle","Daylight","Clear","1","0"
"45","450848","2015","11","3","17","Urban","Angle","Daylight","Clear","1","0"
"45","450336","2015","4","4","12","Urban","Angle","Daylight","Clear","1","0"
"45","450693","2015","10","6","10","Urban","Angle","Daylight","Clear","1","0"
"45","450206","2015","4","1","2","Urban","Angle","Dark - Not Lighted","Clear","1","1"
"45","450884","2015","12","1","18","Urban","Angle","Dark - Lighted","Clear","1","0"
"45","450323","2015","5","6","14","Urban","Angle","Daylight","Clear","1","0"
"45","450053","2015","1","6","11","Urban","Angle","Daylight","Clear","1","0"
"45","450626","2015","9","4","22","Urban","Angle","Dark - Lighted","Clear","1","0"
"45","450295","2015","3","3","21","Urban","Angle","Dark - Unknown Lighting","Clear","1","1"
"45","450744","2015","5","2","18","Urban","Angle","Daylight","Clear","1","0"
"45","450398","2015","6","3","10","Urban","Angle","Daylight","Clear","1","0"
"45","450671","2015","10","5","9","Urban","Angle","Daylight","Clear","1","0"
"45","450900","2015","12","7","20","Urban","Angle","Dark - Lighted","Clear","1","1"
"45","450243","2015","4","2","8","Urban","Angle","Daylight","Clear","1","0"
"45","450625","2015","9","4","21","Urban","Angle","Dusk","Clear","1","1"
"45","450061","2015","2","3","12","Urban","Angle","Daylight","Clear","1","0"
"45","450785","2015","11","4","7","Urban","Angle","Daylight","Clear","1","0"
"45","450046","2015","1","1","14","Urban","Angle","Daylight","Clear","1","0"
"45","450230","2015","4","4","20","Urban","Angle","Dark - Not Lighted","Clear","1","1"
"45","450531","2015","8","3","19","Urban","Angle","Daylight","Clear","1","1"
"45","450717","2015","10","6","18","Urban","Angle","Daylight","Clear","1","0"
"45","450457","2015","3","2","14","Urban","Angle","Daylight","Clear","1","0"
"45","450267","2015","4","5","21","Urban","Angle","Dark - Not Lighted","Clear","1","0"
"45","450750","2015","10","6","17","Urban","Angle","Daylight","Clear","1","0"
"39","390736","2015","9","5","22","Urban","Angle","Dark - Lighted","Clear","1","1"
"39","391044","2015","10","5","22","Urban","Angle","Dark - Lighted","Clear","1","1"
"39","391072","2015","12","3","21","Urban","Angle","Dark - Lighted","Clear","1","0"
"39","390264","2015","3","2","18","Urban","Angle","Daylight","Clear","1","0"
"39","390083","2015","2","2","19","Urban","Angle","Dark - Not Lighted","Clear","1","0"
"39","390160","2015","2","4","16","Urban","Angle","Dusk","Clear","1","0"
"39","390423","2015","6","4","18","Urban","Angle","Daylight","Clear","1","0"
"49","490058","2015","4","2","19","Urban","Angle","Daylight","Clear","1","0"
"49","490176","2015","7","1","15","Urban","Angle","Daylight","Clear","1","0"
"49","490226","2015","10","2","23","Urban","Angle","Dark - Unknown Lighting","Clear","1","0"
"49","490017","2015","1","6","6","Urban","Angle","Dark - Lighted","Clear","1","0"
"49","490026","2015","2","2","5","Urban","Angle","Dark - Lighted","Clear","1","0"
"16","160130","2015","7","6","23","Urban","Angle","Dark - Not Lighted","Clear","1","1"
"16","160194","2015","11","1","18","Urban","Angle","Dark - Lighted","Clear","1","0"
"16","160152","2015","7","5","18","Urban","Angle","Daylight","Clear","1","0"
"48","480394","2015","2","6","19","Urban","Angle","Daylight","Clear","1","0"
"48","481354","2015","4","5","20","Urban","Angle","Dark - Lighted","Clear","1","0"
"48","481700","2015","7","3","16","Urban","Angle","Daylight","Clear","1","0"
"48","483116","2015","12","3","19","Urban","Angle","Dark - Lighted","Clear","1","0"
"48","481734","2015","5","5","20","Urban","Angle","Dusk","Clear","1","1"
"48","482215","2015","9","1","1","Urban","Angle","Dark - Not Lighted","Clear","1","1"
"48","482177","2015","9","2","18","Urban","Angle","Daylight","Clear","1","0"
"48","480827","2015","4","4","12","Urban","Angle","Daylight","Clear","1","0"
"48","481314","2015","6","2","17","Urban","Angle","Daylight","Clear","1","0"
"48","481512","2015","7","3","21","Urban","Angle","Dark - Lighted","Clear","1","1"
"48","480923","2015","5","2","15","Urban","Angle","Daylight","Clear","1","0"
"48","481660","2015","7","2","13","Urban","Angle","Daylight","Clear","1","0"
"48","482350","2015","10","2","23","Urban","Angle","Dark - Lighted","Clear","1","1"
"48","481141","2015","5","6","18","Urban","Angle","Daylight","Clear","1","1"
"2","20034","2015","7","7","21","Urban","Angle","Dusk","Clear","1","0"
"15","150045","2015","7","2","20","Urban","Angle","Dark - Lighted","Clear","2","1"
"15","150077","2015","11","4","14","Urban","Angle","Daylight","Clear","1","0"
"20","200056","2015","3","5","20","Urban","Angle","Dark - Lighted","Clear","1","1"
"32","320279","2015","10","7","22","Urban","Angle","Dark - Lighted","Clear","1","0"
"32","320091","2015","2","2","11","Urban","Angle","Daylight","Clear","1","0"
"32","320214","2015","10","2","15","Urban","Angle","Daylight","Clear","1","0"
"32","320187","2015","7","4","15","Urban","Angle","Daylight","Clear","1","0"
"41","410246","2015","1","6","21","Urban","Angle","Dark - Not Lighted","Clear","1","0"
"41","410186","2015","4","4","5","Urban","Angle","Dark - Not Lighted","Clear","1","0"
"41","410185","2015","8","6","23","Urban","Angle","Dark - Not Lighted","Clear","1","1"
"41","410110","2015","5","6","8","Urban","Angle","Daylight","Clear","1","0"
"41","410255","2015","7","7","2","Urban","Angle","Dark - Lighted","Clear","1","1"
"1","10145","2015","3","3","20","Urban","Angle","Dark - Lighted","Clear","1","0"
"1","10091","2015","3","3","10","Urban","Angle","Daylight","Clear","1","0"
"1","10368","2015","7","7","0","Urban","Angle","Dark - Lighted","Clear","1","1"
"4","40142","2015","3","2","18","Urban","Angle","Dark - Lighted","Clear","1","0"
"4","40797","2015","12","5","18","Urban","Angle","Dark - Lighted","Clear","1","0"
"4","40627","2015","10","4","15","Urban","Angle","Daylight","Clear","1","0"
"4","40660","2015","10","6","22","Urban","Angle","Dark - Lighted","Clear","1","1"
"4","40019","2015","1","7","15","Urban","Angle","Daylight","Clear","1","0"
"4","40778","2015","12","2","12","Urban","Angle","Daylight","Clear","1","0"
"4","40666","2015","9","7","21","Urban","Angle","Dark - Lighted","Clear","1","0"
"4","40429","2015","7","1","7","Urban","Angle","Daylight","Clear","1","0"
"12","120647","2015","4","5","21","Urban","Angle","Dark - Lighted","Clear","1","0"
"12","120203","2015","2","3","19","Urban","Angle","Dark - Lighted","Clear","1","0"
"12","122242","2015","11","3","17","Urban","Angle","Daylight","Clear","1","0"
"12","120445","2015","1","7","18","Urban","Angle","Dark - Lighted","Clear","1","0"
"12","121008","2015","5","5","8","Urban","Angle","Daylight","Clear","1","0"
"12","120876","2015","5","6","10","Urban","Angle","Daylight","Clear","1","0"
"12","122353","2015","11","2","10","Urban","Angle","Daylight","Clear","1","0"
"12","121177","2015","6","5","15","Urban","Angle","Daylight","Clear","2","0"
"12","120906","2015","5","4","11","Urban","Angle","Daylight","Clear","1","0"
"12","122729","2015","12","7","1","Urban","Angle","Dark - Lighted","Clear","1","0"
"12","122787","2015","7","5","5","Urban","Angle","Dark - Lighted","Clear","1","0"
"12","121263","2015","6","6","15","Urban","Angle","Daylight","Clear","1","0"
"12","122215","2015","11","6","18","Urban","Angle","Dark - Not Lighted","Clear","1","1"
"12","120771","2015","2","2","19","Urban","Angle","Dark - Lighted","Clear","1","0"
"12","121035","2015","5","3","5","Urban","Angle","Dark - Lighted","Clear","1","0"
"12","122127","2015","11","4","14","Urban","Angle","Daylight","Clear","2","0"
"12","121615","2015","8","5","7","Urban","Angle","Daylight","Clear","1","0"
"12","122504","2015","12","7","3","Urban","Angle","Dark - Lighted","Clear","1","1"
"12","120901","2015","5","1","23","Urban","Angle","Dark - Lighted","Clear","1","0"
"12","121642","2015","8","4","10","Urban","Angle","Daylight","Clear","1","0"
"12","120911","2015","5","2","18","Urban","Angle","Daylight","Clear","1","0"
"12","120708","2015","5","3","13","Urban","Angle","Daylight","Clear","3","0"
"12","122115","2015","10","2","6","Urban","Angle","Dawn","Clear","1","0"
"12","120254","2015","2","5","0","Urban","Angle","Dark - Lighted","Clear","1","1"
"12","121119","2015","6","6","6","Urban","Angle","Daylight","Clear","1","0"
"12","122799","2015","4","7","18","Urban","Angle","Daylight","Clear","1","0"
"12","122024","2015","10","1","20","Urban","Angle","Dark - Not Lighted","Clear","1","0"
"12","121493","2015","7","6","10","Urban","Angle","Daylight","Clear","1","0"
"12","122000","2015","10","5","17","Urban","Angle","Daylight","Clear","1","0"
"12","121728","2015","8","1","12","Urban","Angle","Daylight","Clear","1","0"
"12","120389","2015","3","6","11","Urban","Angle","Daylight","Clear","1","0"
"12","120451","2015","1","3","21","Urban","Angle","Dark - Lighted","Clear","1","0"
"12","122427","2015","11","2","20","Urban","Angle","Dark - Lighted","Clear","1","0"
"12","122018","2015","10","6","7","Urban","Angle","Daylight","Clear","1","0"
"12","120220","2015","2","2","12","Urban","Angle","Daylight","Clear","1","0"
"12","121368","2015","7","7","1","Urban","Angle","Dark - Lighted","Clear","1","1"
"12","122191","2015","11","6","0","Urban","Angle","Dark - Lighted","Clear","1","0"
"12","122335","2015","11","2","19","Urban","Angle","Dark - Lighted","Clear","1","0"
"12","122381","2015","4","3","15","Urban","Angle","Daylight","Clear","1","1"
"12","120078","2015","1","3","18","Urban","Angle","Dark - Not Lighted","Clear","1","0"
"12","120481","2015","4","4","16","Urban","Angle","Daylight","Clear","2","0"
"12","122304","2015","11","4","13","Urban","Angle","Daylight","Clear","1","0"
"12","122526","2015","12","2","16","Urban","Angle","Daylight","Clear","2","0"
"12","122311","2015","11","6","9","Urban","Angle","Daylight","Clear","1","0"
"12","122806","2015","12","4","11","Urban","Angle","Daylight","Clear","1","0"
"12","120210","2015","2","6","20","Urban","Angle","Dark - Lighted","Clear","1","2"
"12","122216","2015","11","1","17","Urban","Angle","Dark - Lighted","Clear","1","0"
"12","120658","2015","4","6","8","Urban","Angle","Daylight","Clear","1","0"
"12","121963","2015","8","6","15","Urban","Angle","Daylight","Clear","1","0"
"12","122676","2015","2","4","22","Urban","Angle","Dark - Lighted","Clear","1","0"
"12","120599","2015","2","7","20","Urban","Angle","Dark - Lighted","Clear","1","0"
"12","122113","2015","11","7","12","Urban","Angle","Daylight","Clear","1","0"
"12","121297","2015","5","6","11","Urban","Angle","Daylight","Clear","1","0"
"12","122017","2015","10","3","13","Urban","Angle","Daylight","Clear","1","0"
"12","122752","2015","9","2","15","Urban","Angle","Daylight","Clear","1","0"
"12","120129","2015","1","1","1","Urban","Angle","Dark - Lighted","Clear","1","0"
"12","121162","2015","6","4","12","Urban","Angle","Daylight","Clear","1","0"
"12","122098","2015","10","6","19","Urban","Angle","Dark - Lighted","Clear","1","0"
"12","121787","2015","8","3","17","Urban","Angle","Daylight","Clear","1","0"
"12","120141","2015","1","4","18","Urban","Angle","Dusk","Clear","1","1"
"13","131048","2015","10","6","18","Urban","Angle","Daylight","Clear","1","1"
"13","130014","2015","1","3","14","Urban","Angle","Daylight","Clear","1","0"
"13","130858","2015","9","1","2","Urban","Angle","Dark - Not Lighted","Clear","1","1"
"13","130486","2015","5","5","7","Urban","Angle","Daylight","Clear","1","0"
"13","130915","2015","9","6","11","Urban","Angle","Daylight","Clear","1","0"
"13","130817","2015","8","2","20","Urban","Angle","Dusk","Clear","1","0"
"13","131330","2015","12","7","22","Urban","Angle","Dark - Lighted","Clear","1","0"
"13","130540","2015","6","5","7","Urban","Angle","Daylight","Clear","1","0"
"13","130672","2015","7","7","4","Urban","Angle","Dark - Not Lighted","Clear","1","2"
"13","131077","2015","10","6","7","Urban","Angle","Dark - Not Lighted","Clear","2","0"
"13","130180","2015","2","5","14","Urban","Angle","Daylight","Clear","1","0"
"13","130301","2015","3","2","7","Urban","Angle","Dawn","Clear","1","0"
"13","130881","2015","9","6","13","Urban","Angle","Daylight","Clear","1","0"
"13","130625","2015","6","6","12","Urban","Angle","Daylight","Clear","1","0"
"13","130504","2015","5","3","15","Urban","Angle","Daylight","Clear","1","0"
"13","131107","2015","11","4","13","Urban","Angle","Daylight","Clear","1","0"
"13","130257","2015","3","4","7","Urban","Angle","Dark - Not Lighted","Clear","1","0"
"13","130802","2015","8","5","6","Urban","Angle","Dawn","Clear","1","0"
"13","131188","2015","11","7","23","Urban","Angle","Dark - Not Lighted","Clear","1","0"
"13","130397","2015","4","7","20","Urban","Angle","Dark - Lighted","Clear","1","0"
"13","131154","2015","11","3","14","Urban","Angle","Daylight","Clear","2","0"
"13","130820","2015","8","3","16","Urban","Angle","Daylight","Clear","2","0"
"13","130544","2015","6","6","11","Urban","Angle","Daylight","Clear","1","0"
"18","180500","2015","9","2","16","Urban","Angle","Daylight","Clear","2","0"
"18","180139","2015","4","4","7","Urban","Angle","Daylight","Clear","1","0"
"18","180262","2015","6","2","14","Urban","Angle","Daylight","Clear","1","0"
"18","180112","2015","3","7","15","Urban","Angle","Daylight","Clear","1","0"
"5","50100","2015","3","3","20","Urban","Angle","Dark - Not Lighted","Clear","1","0"
"8","80082","2015","3","3","17","Urban","Angle","Daylight","Clear","1","0"
"8","80369","2015","9","2","15","Urban","Angle","Daylight","Clear","1","0"
"8","80445","2015","9","6","17","Urban","Angle","Daylight","Clear","1","1"
"8","80345","2015","9","1","23","Urban","Angle","Dark - Lighted","Clear","1","1"
"8","80154","2015","3","1","12","Urban","Angle","Daylight","Clear","1","0"
"8","80127","2015","4","5","2","Urban","Angle","Dark - Lighted","Clear","1","1"
"10","100015","2015","3","2","22","Urban","Angle","Dark - Not Lighted","Clear","2","0"
"10","100123","2015","6","7","7","Urban","Angle","Daylight","Clear","1","0"
"17","170585","2015","9","1","18","Urban","Angle","Daylight","Clear","1","0"
"17","170559","2015","6","4","14","Urban","Angle","Daylight","Clear","1","0"
"17","170452","2015","7","4","10","Urban","Angle","Daylight","Clear","1","0"
"17","170684","2015","10","1","19","Urban","Angle","Dark - Lighted","Clear","1","0"
"17","170043","2015","2","7","9","Urban","Angle","Daylight","Clear","1","1"
"17","170505","2015","8","6","15","Urban","Angle","Daylight","Clear","1","0"
"17","170432","2015","6","3","15","Urban","Angle","Daylight","Clear","1","0"
"17","170479","2015","7","2","10","Urban","Angle","Daylight","Clear","1","0"
"17","170574","2015","9","5","15","Urban","Angle","Daylight","Clear","1","0"
"17","170211","2015","5","2","16","Urban","Angle","Daylight","Clear","1","0"
"17","170224","2015","5","7","22","Urban","Angle","Dark - Lighted","Clear","1","1"
"17","170905","2015","10","2","10","Urban","Angle","Daylight","Clear","1","0"
"21","210594","2015","11","1","13","Urban","Angle","Daylight","Clear","1","0"
"24","240253","2015","9","6","11","Urban","Angle","Daylight","Clear","1","0"
"24","240333","2015","10","1","12","Urban","Angle","Daylight","Clear","1","0"
"24","240321","2015","9","7","7","Urban","Angle","Daylight","Clear","1","1"
"24","240135","2015","5","3","19","Urban","Angle","Dusk","Clear","2","1"
"24","240334","2015","11","4","6","Urban","Angle","Dark - Lighted","Clear","1","0"
"24","240176","2015","6","7","13","Urban","Angle","Daylight","Clear","1","0"
"24","240208","2015","7","1","20","Urban","Angle","Daylight","Clear","1","2"
"24","240411","2015","11","5","15","Urban","Angle","Daylight","Clear","1","1"
"24","240239","2015","8","4","11","Urban","Angle","Daylight","Clear","1","0"
"26","260289","2015","6","4","13","Urban","Angle","Daylight","Clear","1","0"
"26","260194","2015","5","6","19","Urban","Angle","Daylight","Clear","1","1"
"26","260600","2015","9","1","7","Urban","Angle","Dark - Lighted","Clear","1","1"
"29","290366","2015","7","7","1","Urban","Angle","Dark - Lighted","Clear","1","0"
"29","290724","2015","11","2","13","Urban","Angle","Daylight","Clear","1","0"
"29","290689","2015","10","2","17","Urban","Angle","Daylight","Clear","1","0"
"29","290423","2015","6","3","15","Urban","Angle","Daylight","Clear","1","0"
"29","290637","2015","10","1","16","Urban","Angle","Daylight","Clear","1","0"
"29","290210","2015","4","5","22","Urban","Angle","Dark - Lighted","Clear","1","0"
"29","290701","2015","11","6","11","Urban","Angle","Daylight","Clear","2","0"
"29","290190","2015","4","1","19","Urban","Angle","Dark - Lighted","Clear","1","0"
"31","310068","2015","4","4","19","Urban","Angle","Daylight","Clear","1","0"
"31","310056","2015","3","2","15","Urban","Angle","Daylight","Clear","1","0"
"36","360510","2015","8","5","13","Urban","Angle","Daylight","Clear","1","0"
"36","360098","2015","2","5","11","Urban","Angle","Daylight","Clear","1","0"
"36","360347","2015","5","6","17","Urban","Angle","Daylight","Clear","1","0"
"36","360894","2015","9","6","17","Urban","Angle","Daylight","Clear","2","0"
"40","400522","2015","8","3","12","Urban","Angle","Daylight","Clear","1","0"
"22","220568","2015","10","1","21","Urban","Angle","Dark - Not Lighted","Clear","1","0"
"22","220031","2015","1","3","18","Urban","Angle","Dark - Lighted","Clear","1","1"
"22","220087","2015","2","5","18","Urban","Angle","Daylight","Clear","1","0"
"22","220319","2015","7","4","13","Urban","Angle","Daylight","Clear","1","0"
"22","220307","2015","5","6","20","Urban","Angle","Daylight","Clear","1","1"
"27","270278","2015","10","7","1","Urban","Angle","Dark - Lighted","Clear","1","1"
"27","270122","2015","5","5","18","Urban","Angle","Daylight","Clear","1","0"
"27","270135","2015","6","7","11","Urban","Angle","Daylight","Clear","1","0"
"27","270079","2015","4","4","16","Urban","Angle","Daylight","Clear","1","0"
"27","270347","2015","9","2","14","Urban","Angle","Daylight","Clear","1","0"
"47","470917","2015","11","6","14","Urban","Angle","Daylight","Clear","1","0"
"47","470677","2015","10","6","13","Urban","Angle","Daylight","Clear","1","0"
"47","470127","2015","1","3","22","Urban","Angle","Dark - Lighted","Clear","1","1"
"47","470813","2015","12","5","20","Urban","Angle","Dark - Lighted","Clear","1","0"
"47","470802","2015","12","5","11","Urban","Angle","Daylight","Clear","2","0"
"47","470063","2015","2","7","9","Urban","Angle","Daylight","Clear","1","0"
"55","550339","2015","11","4","20","Urban","Angle","Dark - Lighted","Clear","1","1"
"55","550163","2015","5","6","22","Urban","Angle","Dark - Lighted","Clear","1","0"
"55","550385","2015","11","2","15","Urban","Angle","Daylight","Clear","1","0"
"55","550461","2015","9","3","18","Urban","Angle","Daylight","Clear","1","1"
"55","550106","2015","4","7","9","Urban","Angle","Daylight","Clear","1","0"
"34","340018","2015","1","5","17","Urban","Angle","Dark - Lighted","Clear","1","0"
"34","340450","2015","11","1","4","Urban","Angle","Dark - Lighted","Clear","1","1"
"34","340409","2015","11","6","8","Urban","Angle","Daylight","Clear","1","0"
"34","340317","2015","8","4","12","Urban","Angle","Daylight","Clear","1","0"
"35","350076","2015","5","7","7","Urban","Angle","Daylight","Clear","1","0"
"35","350126","2015","7","1","0","Urban","Angle","Dark - Lighted","Clear","2","1"
"53","530324","2015","7","2","13","Urban","Angle","Daylight","Clear","1","0"
"53","530133","2015","5","2","4","Urban","Angle","Dawn","Clear","1","0"
"53","530410","2015","10","4","9","Urban","Angle","Daylight","Clear","1","0"
"53","530319","2015","9","3","10","Urban","Angle","Daylight","Clear","1","0"
"9","90079","2015","7","1","0","Urban","Angle","Dark - Lighted","Clear","1","0"
"9","90119","2015","5","2","7","Urban","Angle","Daylight","Clear","1","0"
"9","90145","2015","10","7","9","Urban","Angle","Daylight","Clear","1","0"
"28","280006","2015","1","3","6","Urban","Angle","Dawn","Clear","1","0"
"42","420218","2015","4","1","","Urban","Angle","Dark - Lighted","Clear","1","0"
"42","420677","2015","7","4","16","Urban","Angle","Daylight","Clear","1","1"
"42","420285","2015","5","7","10","Urban","Angle","Daylight","Clear","1","0"
"42","420731","2015","9","5","16","Urban","Angle","Daylight","Clear","1","0"
"42","420843","2015","9","4","12","Urban","Angle","Daylight","Clear","1","0"
"42","420361","2015","5","7","2","Urban","Angle","Dark - Lighted","Clear","2","0"
"42","420673","2015","8","6","12","Urban","Angle","Daylight","Clear","1","0"
"42","420395","2015","6","4","20","Urban","Angle","Dusk","Clear","1","0"
"42","420661","2015","7","5","17","Urban","Angle","Daylight","Clear","1","1"
"42","420732","2015","9","4","13","Urban","Angle","Daylight","Clear","1","0"
"42","420277","2015","5","3","20","Urban","Angle","Dusk","Clear","1","0"
"42","421007","2015","11","5","19","Urban","Angle","Dusk","Clear","1","1"
"42","420867","2015","10","3","17","Urban","Angle","Daylight","Clear","1","0"
"25","250121","2015","8","5","15","Urban","Angle","Daylight","Clear","1","0"
"25","250059","2015","5","1","21","Urban","Angle","Dark - Lighted","Clear","1","1"
"37","370057","2015","1","4","17","Urban","Angle","Daylight","Clear","1","0"
"37","370756","2015","7","3","13","Urban","Angle","Daylight","Clear","1","0"
"37","370457","2015","5","5","9","Urban","Angle","Daylight","Clear","1","0"
"45","450843","2015","10","4","17","Urban","Angle","Daylight","Clear","1","0"
"45","450049","2015","1","3","20","Urban","Angle","Dark - Lighted","Clear","1","0"
"45","450524","2015","8","1","12","Urban","Angle","Daylight","Clear","1","0"
"45","450334","2015","3","2","17","Urban","Angle","Daylight","Clear","1","0"
"45","450071","2015","2","4","19","Urban","Angle","Daylight","Clear","1","0"
"39","390704","2015","9","5","3","Urban","Angle","Dark - Lighted","Clear","1","1"
"39","390518","2015","6","6","1","Urban","Angle","Dark - Lighted","Clear","1","1"
"39","390723","2015","9","3","5","Urban","Angle","Dark - Lighted","Clear","1","0"
"48","481995","2015","8","1","17","Urban","Angle","Daylight","Clear","1","0"
"4","40602","2015","9","6","6","Urban","Angle","Dawn","Clear","1","0"
"4","40544","2015","8","2","17","Urban","Angle","Daylight","Clear","1","0"
"13","130801","2015","8","5","19","Urban","Angle","Daylight","Clear","1","0"
"8","80434","2015","10","4","13","Urban","Angle","Daylight","Clear","1","0"
"17","170311","2015","3","7","2","Urban","Angle","Dark - Lighted","Clear","1","1"
"17","170273","2015","5","2","13","Urban","Angle","Daylight","Clear","1","0"
"24","240158","2015","5","7","21","Urban","Angle","Dark - Lighted","Clear","1","0"
"22","220077","2015","2","7","2","Urban","Angle","Dark - Lighted","Clear","1","1"
"27","270274","2015","9","4","11","Urban","Angle","Daylight","Clear","1","0"
"55","550480","2015","12","7","7","Urban","Angle","Daylight","Clear","1","0"
"55","550148","2015","5","5","14","Urban","Angle","Daylight","Clear","1","0"
"55","550405","2015","9","1","17","Urban","Angle","Daylight","Clear","1","1"
"34","340353","2015","7","1","9","Urban","Angle","Daylight","Clear","1","0"
"34","340166","2015","5","1","0","Urban","Angle","Dark - Not Lighted","Clear","1","1"
"34","340458","2015","8","6","15","Urban","Angle","Daylight","Clear","1","0"
"34","340309","2015","7","7","17","Urban","Angle","Daylight","Clear","1","1"
"34","340154","2015","6","4","15","Urban","Angle","Daylight","Clear","1","1"
"53","530206","2015","6","1","2","Urban","Angle","Dark - Lighted","Clear","1","0"
"32","320186","2015","6","3","19","Urban","Angle","Daylight","Clear","1","1"
"12","121195","2015","6","3","7","Urban","Angle","Daylight","Clear","1","0"
"18","180726","2015","11","3","22","Urban","Angle","Dark - Lighted","Clear","1","0"
"39","390564","2015","8","4","23","Urban","Angle","Dark - Not Lighted","Clear","1","0"
"16","160155","2015","10","2","11","Urban","Angle","Daylight","Clear","2","0"
"16","160112","2015","7","3","15","Urban","Angle","Daylight","Clear","1","1"
"48","480629","2015","3","2","15","Urban","Angle","Daylight","Clear","1","0"
"48","480584","2015","3","2","1","Urban","Angle","Dark - Lighted","Clear","1","2"
"48","482332","2015","10","4","6","Urban","Angle","Dawn","Clear","1","0"
"48","483173","2015","7","3","9","Urban","Angle","Daylight","Clear","1","0"
"48","482674","2015","11","6","6","Urban","Angle","Dark - Lighted","Clear","1","0"
"48","483051","2015","12","3","21","Urban","Angle","Dark - Lighted","Clear","1","0"
"48","482019","2015","8","1","1","Urban","Angle","Dark - Lighted","Clear","1","2"
"48","482182","2015","9","4","8","Urban","Angle","Daylight","Clear","1","0"
"48","482326","2015","10","3","8","Urban","Angle","Daylight","Clear","1","0"
"48","482199","2015","9","1","2","Urban","Angle","Dark - Lighted","Clear","1","1"
"48","481885","2015","8","5","21","Urban","Angle","Dark - Lighted","Clear","1","0"
"48","481610","2015","7","5","13","Urban","Angle","Daylight","Clear","1","0"
"48","481873","2015","8","1","18","Urban","Angle","Daylight","Clear","1","0"
"48","480621","2015","3","4","13","Urban","Angle","Daylight","Clear","1","0"
"48","483141","2015","6","1","21","Urban","Angle","Dark - Lighted","Clear","1","0"
"48","480783","2015","4","2","19","Urban","Angle","Daylight","Clear","1","0"
"20","200058","2015","3","7","18","Urban","Angle","Daylight","Clear","1","0"
"20","200147","2015","7","1","11","Urban","Angle","Daylight","Clear","1","0"