"state_number","consecutive_number","year_of_crash","month_of_crash","day_of_week","hour_of_crash","land_use_name","manner_of_collision_name","light_condition_name","atmospheric_conditions_name","number_of_fatalities","number_of_drunk_drivers"
"24","240189","2015","6","1","20","Trafficway Not in State Inventory","Non documente","Daylight","Clear","1","0"
"22","220349","2015","7","5","19","Trafficway Not in State Inventory","Not Collision with Motor Vehicle in Transport (Not Necessarily in Transport for 2005-2009)","Daylight","Clear","1","0"
"12","121860","2015","9","4","13","Trafficway Not in State Inventory","Front-to-Rear","Daylight","Clear","1","0"
"12","122332","2015","12","2","11","Trafficway Not in State Inventory","Front-to-Front","Daylight","Clear","1","0"
"12","121061","2015","6","7","10","Trafficway Not in State Inventory","Front-to-Front","Daylight","Clear","1","0"
"12","122136","2015","10","7","14","Trafficway Not in State Inventory","Front-to-Front","Daylight","Clear","1","1"
"35","350014","2015","1","7","18","Trafficway Not in State Inventory","Front-to-Front","Dark - Not Lighted","Clear","1","0"
"12","120624","2015","4","5","23","Trafficway Not in State Inventory","Angle","Dark - Not Lighted","Clear","2","0"
"9","90102","2015","9","1","7","Trafficway Not in State Inventory","Sideswipe - Opposite Direction","Daylight","Clear","1","0"
"12","122285","2015","11","3","19","Trafficway Not in State Inventory","Angle","Dark - Not Lighted","Clear","1","0"
"12","122027","2015","10","3","15","Trafficway Not in State Inventory","Angle","Daylight","Clear","1","0"
"8","80263","2015","7","1","12","Trafficway Not in State Inventory","Not Collision with Motor Vehicle in Transport (Not Necessarily in Transport for 2005-2009)","Daylight","Clear","1","0"
"12","122093","2015","10","6","11","Trafficway Not in State Inventory","Angle","Daylight","Clear","1","0"
"12","121916","2015","10","6","14","Trafficway Not in State Inventory","Angle","Daylight","Clear","1","0"
"12","122299","2015","11","7","19","Trafficway Not in State Inventory","Angle","Dark - Lighted","Clear","1","0"
"34","340462","2015","11","2","18","Trafficway Not in State Inventory","Not Collision with Motor Vehicle in Transport (Not Necessarily in Transport for 2005-2009)","Dark - Unknown Lighting","Clear","1","0"
"24","240198","2015","6","5","10","Trafficway Not in State Inventory","Front-to-Rear","Daylight","Clear","1","0"
"26","260113","2015","3","4","13","Non documente","Angle","Daylight","Clear","1","0"
"37","370599","2015","7","5","10","Rural","Front-to-Rear","Daylight","Clear","1","0"
"12","121707","2015","9","4","21","Rural","Front-to-Front","Dark - Lighted","Clear","1","1"
"36","360573","2015","7","2","17","Rural","Front-to-Front","Daylight","Clear","1","1"
"53","530269","2015","8","1","0","Rural","Front-to-Front","Dark - Not Lighted","Clear","1","2"
"39","391019","2015","12","4","12","Rural","Angle","Daylight","Clear","1","0"
"48","480778","2015","1","6","17","Rural","Angle","Daylight","Clear","1","0"
"18","180496","2015","9","4","5","Rural","Angle","Dark - Not Lighted","Clear","1","0"
"5","50249","2015","7","6","17","Rural","Angle","Daylight","Clear","1","0"
"21","210451","2015","9","2","13","Rural","Angle","Daylight","Clear","1","0"
"21","210548","2015","10","3","7","Rural","Angle","Daylight","Clear","1","0"
"53","530287","2015","8","3","15","Rural","Angle","Daylight","Clear","1","0"
"53","530197","2015","6","5","13","Rural","Angle","Daylight","Clear","1","0"
"49","490188","2015","9","5","20","Rural","Angle","Dark - Not Lighted","Clear","1","0"
"12","120930","2015","5","7","22","Rural","Angle","Dark - Lighted","Clear","1","0"
"21","210120","2015","3","1","12","Rural","Angle","Daylight","Clear","1","0"
"53","530316","2015","8","2","6","Rural","Angle","Dawn","Clear","1","0"
"8","80025","2015","1","1","21","Rural","Not Collision with Motor Vehicle in Transport (Not Necessarily in Transport for 2005-2009)","Dark - Not Lighted","Clear","4","1"
"29","290020","2015","1","2","17","Rural","Not Collision with Motor Vehicle in Transport (Not Necessarily in Transport for 2005-2009)","Daylight","Clear","1","0"
"29","290521","2015","9","7","20","Rural","Not Collision with Motor Vehicle in Transport (Not Necessarily in Transport for 2005-2009)","Dark - Not Lighted","Clear","1","0"
"31","310072","2015","4","6","22","Rural","Not Collision with Motor Vehicle in Transport (Not Necessarily in Transport for 2005-2009)","Dark - Not Lighted","Clear","1","0"
"35","350171","2015","9","7","23","Rural","Not Collision with Motor Vehicle in Transport (Not Necessarily in Transport for 2005-2009)","Dark - Not Lighted","Clear","1","0"
"37","370377","2015","5","2","15","Rural","Not Collision with Motor Vehicle in Transport (Not Necessarily in Transport for 2005-2009)","Daylight","Clear","2","0"
"21","210514","2015","10","2","6","Rural","Not Collision with Motor Vehicle in Transport (Not Necessarily in Transport for 2005-2009)","Dawn","Clear","1","0"
"36","360786","2015","10","6","22","Rural","Not Collision with Motor Vehicle in Transport (Not Necessarily in Transport for 2005-2009)","Dark - Lighted","Clear","1","0"
"23","230088","2015","9","7","12","Rural","Front-to-Rear","Daylight","Clear","1","0"
"23","230057","2015","7","6","13","Rural","Front-to-Rear","Daylight","Clear","1","0"
"13","130139","2015","2","5","11","Rural","Front-to-Rear","Daylight","Clear","1","0"
"18","180437","2015","8","2","22","Rural","Front-to-Rear","Dark - Not Lighted","Clear","1","0"
"26","260618","2015","9","4","16","Rural","Front-to-Rear","Daylight","Clear","2","0"
"29","290577","2015","10","6","19","Rural","Front-to-Rear","Dark - Not Lighted","Clear","1","1"
"29","290194","2015","4","1","14","Rural","Front-to-Rear","Daylight","Clear","1","0"
"37","370338","2015","4","6","11","Rural","Front-to-Rear","Daylight","Clear","1","0"
"37","370962","2015","10","3","21","Rural","Front-to-Rear","Dark - Not Lighted","Clear","1","0"
"37","370068","2015","1","4","10","Rural","Front-to-Rear","Daylight","Clear","1","0"
"37","370330","2015","4","4","14","Rural","Front-to-Rear","Daylight","Clear","1","0"
"45","450378","2015","6","4","10","Rural","Front-to-Rear","Daylight","Clear","1","0"
"45","450329","2015","5","7","9","Rural","Front-to-Rear","Daylight","Clear","1","1"
"45","450602","2015","9","4","22","Rural","Front-to-Rear","Dark - Not Lighted","Clear","1","0"
"45","450714","2015","10","4","19","Rural","Front-to-Rear","Dark - Not Lighted","Clear","1","0"
"12","121781","2015","9","1","4","Rural","Front-to-Rear","Dark - Not Lighted","Clear","3","0"
"21","210073","2015","2","4","19","Rural","Front-to-Rear","Dark - Not Lighted","Clear","1","0"
"29","290124","2015","3","6","20","Rural","Front-to-Rear","Dark - Not Lighted","Clear","1","0"
"16","160128","2015","9","7","3","Rural","Front-to-Front","Dark - Not Lighted","Clear","3","1"
"5","50264","2015","7","6","13","Rural","Front-to-Front","Daylight","Clear","1","1"
"29","290456","2015","8","4","12","Rural","Front-to-Front","Daylight","Clear","4","0"
"31","310104","2015","7","1","","Rural","Front-to-Front","Dark - Not Lighted","Clear","1","1"
"47","470007","2015","1","3","9","Rural","Front-to-Front","Daylight","Clear","1","0"
"53","530288","2015","8","4","12","Rural","Front-to-Front","Daylight","Clear","1","0"
"37","370131","2015","2","7","9","Rural","Front-to-Front","Daylight","Clear","1","1"
"37","370668","2015","7","4","7","Rural","Front-to-Front","Daylight","Clear","1","0"
"37","370132","2015","2","7","20","Rural","Front-to-Front","Dark - Not Lighted","Clear","2","1"
"37","370333","2015","4","4","17","Rural","Front-to-Front","Daylight","Clear","1","1"
"37","370266","2015","4","6","17","Rural","Front-to-Front","Daylight","Clear","1","1"
"45","450088","2015","2","4","15","Rural","Front-to-Front","Daylight","Clear","1","0"
"12","121900","2015","10","7","0","Rural","Front-to-Front","Dark - Not Lighted","Clear","1","1"
"5","50093","2015","3","5","12","Rural","Front-to-Front","Daylight","Clear","1","0"
"36","360849","2015","10","3","2","Rural","Front-to-Front","Dark - Lighted","Clear","2","1"
"36","360638","2015","8","1","3","Rural","Front-to-Front","Dark - Lighted","Clear","1","1"
"53","530190","2015","6","4","12","Rural","Front-to-Front","Daylight","Clear","2","0"
"53","530070","2015","3","4","19","Rural","Front-to-Front","Dark - Not Lighted","Clear","2","0"
"53","530470","2015","11","1","13","Rural","Front-to-Front","Daylight","Clear","1","0"
"5","50027","2015","1","2","21","Rural","Angle","Dark - Not Lighted","Clear","1","0"
"26","260001","2015","1","6","11","Rural","Angle","Daylight","Clear","2","0"
"53","530469","2015","11","6","16","Rural","Angle","Dark - Not Lighted","Clear","1","0"
"37","370069","2015","1","3","15","Rural","Angle","Daylight","Clear","1","0"
"37","370254","2015","4","1","11","Rural","Angle","Daylight","Clear","1","0"
"21","210501","2015","10","1","21","Rural","Angle","Dark - Not Lighted","Clear","1","0"
"53","530377","2015","9","4","14","Rural","Angle","Daylight","Clear","1","0"
"53","530154","2015","6","6","6","Rural","Angle","Daylight","Clear","1","0"
"42","420651","2015","8","5","6","Rural","Angle","Daylight","Clear","1","0"
"12","121439","2015","7","6","3","Rural","Sideswipe - Same Direction","Dark - Lighted","Clear","1","0"
"34","340486","2015","9","7","13","Rural","Sideswipe - Same Direction","Daylight","Clear","2","0"
"37","370058","2015","1","4","8","Rural","Sideswipe - Opposite Direction","Daylight","Clear","1","0"
"35","350182","2015","9","1","8","Rural","Non documente","Daylight","Clear","2","1"
"55","550377","2015","11","1","19","Rural","Angle","Dark - Not Lighted","Clear","1","1"
"20","200151","2015","7","6","11","Rural","Angle","Daylight","Clear","2","0"
"12","122268","2015","11","2","19","Rural","Front-to-Rear","Dark - Lighted","Clear","1","0"
"25","250009","2015","1","3","18","Rural","Front-to-Front","Dark - Not Lighted","Clear","1","1"
"45","450836","2015","7","7","20","Rural","Front-to-Rear","Dark - Lighted","Clear","1","0"
"37","370236","2015","3","3","8","Rural","Front-to-Front","Daylight","Clear","1","0"
"55","550210","2015","6","3","9","Rural","Sideswipe - Same Direction","Daylight","Clear","1","0"
"37","370590","2015","7","3","19","Rural","Front-to-Front","Daylight","Clear","1","0"
"21","210269","2015","6","3","8","Rural","Angle","Daylight","Clear","1","0"
"37","370091","2015","1","7","12","Rural","Angle","Daylight","Clear","1","1"
"37","370592","2015","7","2","20","Rural","Angle","Dusk","Clear","2","0"
"20","200241","2015","10","6","8","Rural","Angle","Daylight","Clear","1","0"
"12","120197","2015","2","1","20","Rural","Not Collision with Motor Vehicle in Transport (Not Necessarily in Transport for 2005-2009)","Dark - Lighted","Clear","1","0"
"21","210128","2015","3","4","16","Rural","Angle","Daylight","Clear","1","0"
"53","530425","2015","10","3","11","Rural","Angle","Daylight","Clear","1","0"
"12","121090","2015","6","5","21","Urban","Front-to-Front","Dark - Lighted","Clear","1","0"
"21","210421","2015","8","2","12","Urban","Front-to-Front","Daylight","Clear","1","0"
"48","483136","2015","12","3","12","Urban","Front-to-Front","Daylight","Clear","1","0"
"12","120084","2015","1","6","16","Urban","Angle","Daylight","Clear","1","0"
"48","482519","2015","10","2","8","Urban","Angle","Daylight","Clear","2","0"
"48","480605","2015","3","2","6","Urban","Angle","Dark - Not Lighted","Clear","1","0"
"48","481762","2015","5","4","15","Urban","Angle","Daylight","Clear","1","0"
"5","50389","2015","10","5","16","Urban","Angle","Daylight","Clear","1","0"
"5","50142","2015","4","5","7","Urban","Angle","Daylight","Clear","1","0"
"24","240226","2015","7","1","14","Urban","Angle","Daylight","Clear","1","0"
"53","530194","2015","6","7","17","Urban","Angle","Daylight","Clear","1","0"
"37","370664","2015","7","2","11","Urban","Angle","Daylight","Clear","1","0"
"37","370429","2015","5","4","11","Urban","Angle","Daylight","Clear","1","0"
"49","490007","2015","1","4","16","Urban","Angle","Daylight","Clear","1","0"
"48","483199","2015","6","6","16","Urban","Angle","Daylight","Clear","1","0"
"48","482206","2015","4","2","11","Urban","Angle","Daylight","Clear","1","0"
"48","482886","2015","12","4","21","Urban","Angle","Dark - Not Lighted","Clear","1","1"
"41","410066","2015","1","1","15","Urban","Angle","Daylight","Clear","1","0"
"24","240126","2015","5","7","21","Urban","Angle","Dark - Not Lighted","Clear","1","0"
"24","240293","2015","9","7","2","Urban","Angle","Dark - Lighted","Clear","1","1"
"35","350133","2015","7","4","18","Urban","Angle","Daylight","Clear","1","0"
"53","530328","2015","9","7","15","Urban","Angle","Daylight","Clear","3","0"
"53","530423","2015","10","7","15","Urban","Angle","Daylight","Clear","1","0"
"53","530108","2015","4","1","14","Urban","Angle","Daylight","Clear","1","0"
"54","540248","2015","12","6","19","Urban","Angle","Dark - Not Lighted","Clear","1","0"
"54","540015","2015","1","3","14","Urban","Angle","Daylight","Clear","1","0"
"48","482676","2015","11","6","10","Urban","Angle","Daylight","Clear","1","0"
"48","481499","2015","7","1","7","Urban","Angle","Daylight","Clear","1","1"
"48","480519","2015","3","5","20","Urban","Angle","Dark - Not Lighted","Clear","1","0"
"48","480305","2015","2","3","12","Urban","Angle","Daylight","Clear","1","0"
"48","481889","2015","8","7","23","Urban","Angle","Dark - Lighted","Clear","2","1"
"48","481742","2015","7","4","5","Urban","Angle","Dark - Lighted","Clear","1","0"
"48","480494","2015","2","4","1","Urban","Angle","Dark - Lighted","Clear","1","1"
"48","482769","2015","11","7","10","Urban","Angle","Daylight","Clear","1","0"
"48","481039","2015","5","2","10","Urban","Angle","Daylight","Clear","1","0"
"26","260244","2015","5","7","13","Urban","Not Collision with Motor Vehicle in Transport (Not Necessarily in Transport for 2005-2009)","Daylight","Clear","1","1"
"48","481817","2015","8","6","19","Urban","Not Collision with Motor Vehicle in Transport (Not Necessarily in Transport for 2005-2009)","Daylight","Clear","1","0"
"48","480869","2015","4","2","23","Urban","Not Collision with Motor Vehicle in Transport (Not Necessarily in Transport for 2005-2009)","Dark - Not Lighted","Clear","2","0"
"8","80231","2015","4","7","12","Urban","Not Collision with Motor Vehicle in Transport (Not Necessarily in Transport for 2005-2009)","Daylight","Clear","1","0"
"42","420758","2015","5","5","14","Urban","Not Collision with Motor Vehicle in Transport (Not Necessarily in Transport for 2005-2009)","Daylight","Clear","2","0"
"45","450417","2015","6","1","11","Urban","Not Collision with Motor Vehicle in Transport (Not Necessarily in Transport for 2005-2009)","Daylight","Clear","1","0"
"39","390687","2015","8","1","15","Urban","Not Collision with Motor Vehicle in Transport (Not Necessarily in Transport for 2005-2009)","Daylight","Clear","1","0"
"12","120505","2015","3","7","13","Urban","Not Collision with Motor Vehicle in Transport (Not Necessarily in Transport for 2005-2009)","Daylight","Clear","1","0"
"12","122637","2015","11","6","2","Urban","Not Collision with Motor Vehicle in Transport (Not Necessarily in Transport for 2005-2009)","Dark - Lighted","Clear","1","0"
"21","210254","2015","6","4","8","Urban","Not Collision with Motor Vehicle in Transport (Not Necessarily in Transport for 2005-2009)","Daylight","Clear","1","0"
"22","220609","2015","11","1","1","Urban","Not Collision with Motor Vehicle in Transport (Not Necessarily in Transport for 2005-2009)","Dark - Not Lighted","Clear","1","1"
"34","340143","2015","5","6","7","Urban","Not Collision with Motor Vehicle in Transport (Not Necessarily in Transport for 2005-2009)","Daylight","Clear","1","1"
"34","340184","2015","6","2","14","Urban","Not Collision with Motor Vehicle in Transport (Not Necessarily in Transport for 2005-2009)","Daylight","Clear","1","0"
"44","440032","2015","10","7","23","Urban","Not Collision with Motor Vehicle in Transport (Not Necessarily in Transport for 2005-2009)","Dark - Lighted","Clear","2","0"
"32","320084","2015","6","7","4","Urban","Not Collision with Motor Vehicle in Transport (Not Necessarily in Transport for 2005-2009)","Dark - Not Lighted","Clear","1","1"
"48","480266","2015","2","3","16","Urban","Not Collision with Motor Vehicle in Transport (Not Necessarily in Transport for 2005-2009)","Daylight","Clear","1","0"
"39","390895","2015","9","3","10","Urban","Front-to-Rear","Daylight","Clear","1","0"
"39","390749","2015","9","1","11","Urban","Front-to-Rear","Daylight","Clear","1","0"
"48","482131","2015","9","6","0","Urban","Front-to-Rear","Dark - Lighted","Clear","1","1"
"48","481800","2015","8","2","15","Urban","Front-to-Rear","Daylight","Clear","1","0"
"48","482418","2015","9","5","20","Urban","Front-to-Rear","Dark - Lighted","Clear","1","0"
"48","483155","2015","12","7","6","Urban","Front-to-Rear","Daylight","Clear","1","0"
"48","480638","2015","3","7","5","Urban","Front-to-Rear","Dark - Lighted","Clear","1","0"
"48","481577","2015","7","1","2","Urban","Front-to-Rear","Dark - Lighted","Clear","1","1"
"48","482923","2015","12","1","5","Urban","Front-to-Rear","Dark - Lighted","Clear","1","1"
"48","481970","2015","8","4","23","Urban","Front-to-Rear","Dark - Lighted","Clear","1","1"
"20","200328","2015","12","4","15","Urban","Front-to-Rear","Daylight","Clear","1","1"
"5","50101","2015","3","4","12","Urban","Front-to-Rear","Daylight","Clear","1","1"
"5","50160","2015","5","6","1","Urban","Front-to-Rear","Dark - Not Lighted","Clear","1","2"
"35","350043","2015","3","1","22","Urban","Front-to-Rear","Dark - Lighted","Clear","1","1"
"42","420946","2015","12","5","6","Urban","Front-to-Rear","Dark - Not Lighted","Clear","1","0"
"37","370229","2015","3","5","22","Urban","Front-to-Rear","Dark - Not Lighted","Clear","1","2"
"37","370603","2015","7","5","21","Urban","Front-to-Rear","Dark - Not Lighted","Clear","2","0"
"45","450302","2015","5","2","0","Urban","Front-to-Rear","Dark - Lighted","Clear","1","0"
"48","482558","2015","9","4","1","Urban","Front-to-Rear","Dark - Not Lighted","Clear","1","1"
"48","481952","2015","8","3","19","Urban","Front-to-Rear","Daylight","Clear","1","0"
"4","40595","2015","8","6","7","Urban","Front-to-Rear","Daylight","Clear","1","0"
"12","122708","2015","12","5","9","Urban","Front-to-Rear","Daylight","Clear","1","0"
"12","120622","2015","4","5","10","Urban","Front-to-Rear","Daylight","Clear","2","0"
"12","120042","2015","1","6","2","Urban","Front-to-Rear","Dark - Not Lighted","Clear","1","0"
"12","121536","2015","7","7","4","Urban","Front-to-Rear","Dark - Lighted","Clear","1","0"
"12","121410","2015","7","5","0","Urban","Front-to-Rear","Dark - Lighted","Clear","1","0"
"12","120188","2015","2","6","3","Urban","Front-to-Rear","Dark - Not Lighted","Clear","1","0"
"12","122035","2015","10","1","21","Urban","Front-to-Rear","Dark - Lighted","Clear","1","1"
"8","80192","2015","6","1","15","Urban","Front-to-Rear","Daylight","Clear","1","0"
"17","170615","2015","8","4","8","Urban","Front-to-Rear","Daylight","Clear","1","0"
"24","240370","2015","10","3","14","Urban","Front-to-Rear","Daylight","Clear","1","0"
"24","240161","2015","5","4","13","Urban","Front-to-Rear","Daylight","Clear","1","0"
"36","360544","2015","8","1","20","Urban","Front-to-Rear","Dark - Lighted","Clear","1","1"
"34","340452","2015","11","7","16","Urban","Front-to-Rear","Daylight","Clear","1","0"
"9","90058","2015","4","1","1","Urban","Front-to-Rear","Dark - Not Lighted","Clear","1","1"
"18","180677","2015","11","3","9","Urban","Front-to-Rear","Daylight","Clear","1","0"
"48","482578","2015","10","4","0","Urban","Front-to-Rear","Dark - Not Lighted","Clear","1","1"
"4","40042","2015","1","4","22","Urban","Front-to-Rear","Dark - Lighted","Clear","1","1"
"34","340345","2015","9","7","20","Urban","Front-to-Rear","Dark - Lighted","Clear","1","1"
"39","390303","2015","2","2","4","Urban","Front-to-Front","Dark - Lighted","Clear","1","0"
"48","483103","2015","6","6","0","Urban","Front-to-Front","Dark - Lighted","Clear","1","1"
"48","482045","2015","9","6","1","Urban","Front-to-Front","Dark - Not Lighted","Clear","1","1"
"5","50317","2015","8","7","1","Urban","Front-to-Front","Dark - Not Lighted","Clear","1","1"
"29","290307","2015","5","2","13","Urban","Front-to-Front","Daylight","Clear","1","0"
"55","550381","2015","11","1","17","Urban","Front-to-Front","Dark - Not Lighted","Clear","1","0"
"42","421089","2015","11","5","2","Urban","Front-to-Front","Dark - Not Lighted","Clear","1","1"
"42","420839","2015","9","5","12","Urban","Front-to-Front","Daylight","Clear","1","0"
"44","440008","2015","4","1","1","Urban","Front-to-Front","Dark - Lighted","Clear","2","1"
"37","370044","2015","1","7","7","Urban","Front-to-Front","Dawn","Clear","1","0"
"37","370505","2015","6","1","19","Urban","Front-to-Front","Daylight","Clear","1","1"
"37","370329","2015","4","3","14","Urban","Front-to-Front","Daylight","Clear","2","0"
"48","481145","2015","1","7","2","Urban","Front-to-Front","Dark - Not Lighted","Clear","1","1"
"48","483052","2015","12","6","3","Urban","Front-to-Front","Dark - Not Lighted","Clear","1","0"
"48","483047","2015","12","2","12","Urban","Front-to-Front","Daylight","Clear","1","0"
"48","480756","2015","4","3","1","Urban","Front-to-Front","Dark - Not Lighted","Clear","1","1"
"12","122096","2015","11","2","4","Urban","Front-to-Front","Dark - Lighted","Clear","2","1"
"13","130921","2015","9","1","4","Urban","Front-to-Front","Dark - Not Lighted","Clear","1","1"
"13","130916","2015","9","7","0","Urban","Front-to-Front","Dark - Not Lighted","Clear","1","0"
"8","80297","2015","8","3","20","Urban","Front-to-Front","Dark - Not Lighted","Clear","1","0"
"17","170396","2015","7","2","22","Urban","Front-to-Front","Dark - Unknown Lighting","Clear","1","1"
"26","260285","2015","6","3","21","Urban","Front-to-Front","Dark - Not Lighted","Clear","1","0"
"29","290425","2015","7","7","10","Urban","Front-to-Front","Daylight","Clear","1","0"
"36","360135","2015","3","6","4","Urban","Front-to-Front","Dark - Lighted","Clear","2","0"
"55","550392","2015","10","7","20","Urban","Front-to-Front","Dark - Not Lighted","Clear","1","1"
"53","530435","2015","11","5","0","Urban","Front-to-Front","Dark - Not Lighted","Clear","1","1"
"53","530160","2015","6","6","2","Urban","Front-to-Front","Dark - Not Lighted","Clear","2","1"
"53","530014","2015","1","6","5","Urban","Front-to-Front","Dark - Not Lighted","Clear","1","0"
"9","90228","2015","8","7","21","Urban","Front-to-Front","Dark - Not Lighted","Clear","1","1"
"48","481751","2015","7","2","8","Urban","Front-to-Front","Daylight","Clear","1","0"
"48","481659","2015","7","1","1","Urban","Front-to-Front","Dark - Not Lighted","Clear","1","0"
"48","482918","2015","12","1","14","Urban","Front-to-Front","Daylight","Clear","1","0"
"48","481839","2015","8","6","7","Urban","Front-to-Front","Daylight","Clear","1","0"
"48","482936","2015","12","2","19","Urban","Angle","Dark - Not Lighted","Clear","1","0"
"27","270330","2015","11","2","7","Urban","Angle","Dawn","Clear","1","0"
"37","370335","2015","4","6","15","Urban","Angle","Daylight","Clear","1","0"
"48","480628","2015","3","1","22","Urban","Angle","Dark - Not Lighted","Clear","1","0"
"48","480415","2015","2","4","8","Urban","Angle","Daylight","Clear","1","0"
"48","480111","2015","1","7","20","Urban","Angle","Dark - Lighted","Clear","1","0"
"12","121751","2015","9","3","18","Urban","Angle","Dusk","Clear","1","0"
"36","360567","2015","8","7","20","Urban","Angle","Dark - Not Lighted","Clear","1","1"
"9","90088","2015","8","7","1","Urban","Angle","Dark - Not Lighted","Clear","2","1"
"48","481975","2015","8","6","17","Urban","Angle","Daylight","Clear","1","0"
"35","350150","2015","8","1","10","Urban","Sideswipe - Same Direction","Daylight","Clear","1","1"
"48","481074","2015","3","7","21","Urban","Sideswipe - Same Direction","Dark - Lighted","Clear","1","0"
"32","320048","2015","4","1","13","Urban","Sideswipe - Same Direction","Daylight","Clear","1","0"
"5","50139","2015","4","3","10","Urban","Sideswipe - Same Direction","Daylight","Clear","1","1"
"8","80260","2015","7","5","16","Urban","Sideswipe - Same Direction","Daylight","Clear","1","0"
"35","350273","2015","11","3","3","Urban","Sideswipe - Same Direction","Dark - Not Lighted","Clear","1","1"
"12","121155","2015","6","2","5","Urban","Sideswipe - Same Direction","Dark - Lighted","Clear","1","0"
"36","360202","2015","4","6","9","Urban","Sideswipe - Same Direction","Daylight","Clear","1","0"
"53","530347","2015","8","5","23","Urban","Sideswipe - Same Direction","Dark - Lighted","Clear","1","0"
"45","450015","2015","1","3","9","Urban","Sideswipe - Same Direction","Daylight","Clear","1","0"
"45","450353","2015","6","4","15","Urban","Sideswipe - Opposite Direction","Daylight","Clear","1","0"
"1","10509","2015","9","1","3","Urban","Rear-to-Side","Dark - Not Lighted","Clear","1","0"
"37","370014","2015","1","6","6","Urban","Angle","Dark - Lighted","Clear","1","0"
"48","482272","2015","9","7","17","Urban","Not Collision with Motor Vehicle in Transport (Not Necessarily in Transport for 2005-2009)","Daylight","Clear","1","1"
"26","260880","2015","4","4","13","Urban","Not Collision with Motor Vehicle in Transport (Not Necessarily in Transport for 2005-2009)","Daylight","Clear","1","0"
"34","340122","2015","2","4","12","Urban","Not Collision with Motor Vehicle in Transport (Not Necessarily in Transport for 2005-2009)","Daylight","Clear","1","0"
"4","40533","2015","8","4","13","Urban","Front-to-Rear","Daylight","Clear","1","0"
"8","80370","2015","9","6","22","Urban","Front-to-Rear","Dark - Lighted","Clear","1","0"
"26","260516","2015","8","1","16","Urban","Front-to-Rear","Daylight","Clear","1","0"
"8","80252","2015","7","6","7","Urban","Front-to-Rear","Daylight","Clear","1","0"
"36","360618","2015","7","1","1","Urban","Front-to-Rear","Dark - Not Lighted","Clear","3","1"
"55","550445","2015","10","4","5","Urban","Front-to-Rear","Dark - Not Lighted","Clear","1","0"
"42","420757","2015","8","1","0","Urban","Front-to-Rear","Dark - Lighted","Clear","1","2"
"48","482356","2015","9","7","13","Urban","Front-to-Rear","Daylight","Clear","1","0"
"48","482666","2015","11","2","0","Urban","Front-to-Front","Dark - Lighted","Clear","1","1"
"34","340007","2015","1","2","2","Urban","Front-to-Front","Dark - Lighted","Clear","1","0"
"48","482436","2015","10","5","21","Urban","Front-to-Front","Dark - Lighted","Clear","1","0"
"34","340310","2015","7","7","2","Urban","Front-to-Front","Dark - Not Lighted","Clear","1","1"
"48","483201","2015","7","6","2","Urban","Front-to-Front","Dark - Lighted","Clear","1","0"
"4","40224","2015","4","5","16","Urban","Sideswipe - Same Direction","Daylight","Clear","1","0"
"48","483130","2015","12","5","21","Urban","Sideswipe - Same Direction","Dark - Lighted","Clear","1","1"
"4","40798","2015","11","3","7","Urban","Sideswipe - Same Direction","Daylight","Clear","1","0"
"12","122081","2015","10","3","17","Urban","Sideswipe - Same Direction","Daylight","Clear","1","1"
"48","480045","2015","1","6","1","Urban","Sideswipe - Same Direction","Dark - Lighted","Clear","1","2"
"48","482523","2015","10","3","23","Urban","Sideswipe - Same Direction","Dark - Lighted","Clear","1","1"
"4","40434","2015","7","6","13","Urban","Non documente","Daylight","Clear","1","0"
"37","371085","2015","11","3","6","Urban","Front-to-Rear","Dark - Not Lighted","Clear","1","0"
"24","240325","2015","9","4","20","Urban","Not Collision with Motor Vehicle in Transport (Not Necessarily in Transport for 2005-2009)","Dark - Not Lighted","Clear","1","0"
"12","122155","2015","10","2","13","Urban","Front-to-Rear","Daylight","Clear","1","0"
"48","482134","2015","9","6","5","Urban","Front-to-Rear","Dark - Not Lighted","Clear","1","0"
"44","440005","2015","3","6","16","Urban","Front-to-Front","Daylight","Clear","1","0"
"48","481476","2015","7","5","18","Urban","Front-to-Front","Daylight","Clear","1","0"
"29","290231","2015","5","4","2","Urban","Not Collision with Motor Vehicle in Transport (Not Necessarily in Transport for 2005-2009)","Dark - Lighted","Clear","1","0"
"42","421048","2015","12","3","7","Urban","Not Collision with Motor Vehicle in Transport (Not Necessarily in Transport for 2005-2009)","Daylight","Clear","1","0"
"48","481753","2015","7","5","23","Urban","Front-to-Rear","Dark - Lighted","Clear","1","0"
"48","482532","2015","10","7","19","Urban","Angle","Dark - Lighted","Clear","1","1"
"37","370580","2015","6","5","18","Urban","Sideswipe - Same Direction","Daylight","Clear","1","0"
"48","481250","2015","5","1","21","Urban","Sideswipe - Same Direction","Dark - Not Lighted","Clear","1","1"
"5","50005","2015","1","3","13","Urban","Front-to-Rear","Daylight","Clear","1","0"
"37","370516","2015","6","7","10","Urban","Angle","Daylight","Clear","2","0"
"48","480297","2015","2","1","22","Urban","Angle","Dark - Lighted","Clear","1","0"
"21","210478","2015","9","6","10","Urban","Angle","Daylight","Clear","1","0"
"48","481409","2015","6","5","18","Urban","Angle","Daylight","Clear","1","0"
"39","390183","2015","4","7","13","Urban","Angle","Daylight","Clear","1","0"
"47","470557","2015","8","5","11","Urban","Angle","Daylight","Clear","1","0"
"34","340051","2015","2","4","19","Urban","Angle","Dark - Lighted","Clear","1","0"
"37","370077","2015","1","4","15","Urban","Sideswipe - Same Direction","Daylight","Clear","2","1"
"34","340199","2015","6","3","15","Urban","Sideswipe - Same Direction","Daylight","Clear","1","0"
"48","483082","2015","12","6","11","Urban","Not Collision with Motor Vehicle in Transport (Not Necessarily in Transport for 2005-2009)","Daylight","Clear","1","0"
"47","470897","2015","12","5","21","Urban","Not Collision with Motor Vehicle in Transport (Not Necessarily in Transport for 2005-2009)","Dark - Lighted","Clear","1","1"
"9","90087","2015","5","5","11","Urban","Not Collision with Motor Vehicle in Transport (Not Necessarily in Transport for 2005-2009)","Daylight","Clear","1","1"
"48","483204","2015","8","1","2","Urban","Not Collision with Motor Vehicle in Transport (Not Necessarily in Transport for 2005-2009)","Dark - Lighted","Clear","1","1"
"48","481025","2015","5","6","20","Urban","Not Collision with Motor Vehicle in Transport (Not Necessarily in Transport for 2005-2009)","Dark - Not Lighted","Clear","1","0"