"state_number","consecutive_number","year_of_crash","month_of_crash","day_of_week","hour_of_crash","land_use_name","manner_of_collision_name","light_condition_name","atmospheric_conditions_name","number_of_fatalities","number_of_drunk_drivers"
"51","510060","2015","2","3","21","Urban","Front-to-Rear","Dark - Lighted","Cloudy","1","1"
"51","510630","2015","11","7","5","Urban","Front-to-Rear","Dark - Not Lighted","Cloudy","1","1"
"19","190036","2015","3","5","12","Urban","Front-to-Rear","Daylight","Cloudy","1","0"
"39","390290","2015","5","4","16","Urban","Front-to-Rear","Daylight","Cloudy","1","0"
"39","390428","2015","7","4","23","Urban","Front-to-Rear","Dark - Lighted","Cloudy","1","0"
"39","390558","2015","8","7","6","Urban","Front-to-Rear","Dark - Not Lighted","Cloudy","1","0"
"39","390880","2015","11","7","19","Urban","Front-to-Rear","Dark - Lighted","Cloudy","1","1"
"48","480733","2015","4","6","21","Urban","Front-to-Rear","Dark - Lighted","Cloudy","1","1"
"48","480734","2015","4","7","9","Urban","Front-to-Rear","Daylight","Cloudy","1","0"
"12","122447","2015","12","3","1","Urban","Front-to-Rear","Dark - Not Lighted","Cloudy","1","1"
"12","120718","2015","4","6","0","Urban","Front-to-Rear","Dark - Lighted","Cloudy","1","0"
"12","120618","2015","4","7","23","Urban","Front-to-Rear","Dark - Not Lighted","Cloudy","1","1"
"12","121915","2015","10","6","17","Urban","Front-to-Rear","Daylight","Cloudy","1","1"
"12","120044","2015","1","1","6","Urban","Front-to-Rear","Dawn","Cloudy","1","0"
"13","131319","2015","12","2","1","Urban","Front-to-Rear","Dark - Not Lighted","Cloudy","1","0"
"13","130803","2015","8","5","2","Urban","Front-to-Rear","Dark - Not Lighted","Cloudy","1","0"
"13","130086","2015","1","3","14","Urban","Front-to-Rear","Daylight","Cloudy","1","0"
"13","131106","2015","11","4","2","Urban","Front-to-Rear","Dark - Not Lighted","Cloudy","1","0"
"13","130465","2015","5","5","21","Urban","Front-to-Rear","Dark - Not Lighted","Cloudy","1","1"
"13","131120","2015","11","7","20","Urban","Front-to-Rear","Dark - Lighted","Cloudy","1","1"
"21","210007","2015","1","1","21","Urban","Front-to-Rear","Dark - Lighted","Cloudy","1","0"
"26","260040","2015","2","7","6","Urban","Front-to-Rear","Dark - Lighted","Cloudy","1","0"
"26","260427","2015","7","6","1","Urban","Front-to-Rear","Dark - Lighted","Cloudy","1","1"
"26","260710","2015","10","4","22","Urban","Front-to-Rear","Dark - Not Lighted","Cloudy","1","2"
"26","260143","2015","4","7","1","Urban","Front-to-Rear","Dark - Lighted","Cloudy","1","0"
"26","260018","2015","1","2","8","Urban","Front-to-Rear","Daylight","Cloudy","1","0"
"36","360179","2015","4","3","19","Urban","Front-to-Rear","Daylight","Cloudy","1","1"
"40","400029","2015","1","3","18","Urban","Front-to-Rear","Dark - Not Lighted","Cloudy","1","1"
"40","400123","2015","4","5","7","Urban","Front-to-Rear","Daylight","Cloudy","1","0"
"22","220086","2015","2","1","5","Urban","Front-to-Rear","Dark - Not Lighted","Cloudy","1","0"
"47","470639","2015","9","2","9","Urban","Front-to-Rear","Daylight","Cloudy","1","0"
"53","530497","2015","12","5","1","Urban","Front-to-Rear","Dark - Not Lighted","Cloudy","2","1"
"28","280105","2015","3","4","11","Urban","Front-to-Rear","Daylight","Cloudy","1","0"
"37","370323","2015","4","2","1","Urban","Front-to-Rear","Dark - Lighted","Cloudy","3","1"
"37","370615","2015","7","5","16","Urban","Front-to-Rear","Daylight","Cloudy","1","0"
"45","450241","2015","4","1","21","Urban","Front-to-Rear","Dark - Not Lighted","Cloudy","1","0"
"2","20015","2015","5","7","18","Urban","Front-to-Rear","Daylight","Cloudy","1","0"
"19","190037","2015","3","4","10","Urban","Front-to-Front","Daylight","Cloudy","1","0"
"48","481899","2015","8","6","3","Urban","Front-to-Front","Dark - Lighted","Cloudy","1","1"
"48","480058","2015","1","2","2","Urban","Front-to-Front","Dark - Lighted","Cloudy","2","1"
"29","290636","2015","10","1","0","Urban","Front-to-Front","Dark - Lighted","Cloudy","1","1"
"28","280341","2015","8","5","3","Urban","Front-to-Front","Dark - Not Lighted","Cloudy","2","1"
"28","280348","2015","8","3","6","Urban","Front-to-Front","Daylight","Cloudy","1","1"
"37","371258","2015","12","3","1","Urban","Front-to-Front","Dark - Not Lighted","Cloudy","2","1"
"51","510020","2015","1","1","13","Urban","Angle","Daylight","Cloudy","1","0"
"39","390928","2015","11","5","1","Urban","Angle","Dark - Not Lighted","Cloudy","1","0"
"48","480581","2015","3","3","4","Urban","Angle","Dark - Lighted","Cloudy","2","0"
"4","40622","2015","9","2","5","Urban","Angle","Dark - Not Lighted","Cloudy","2","0"
"21","210277","2015","6","2","2","Urban","Angle","Dark - Not Lighted","Cloudy","1","0"
"29","290731","2015","12","5","19","Urban","Angle","Dark - Lighted","Cloudy","1","1"
"55","550309","2015","8","2","17","Urban","Angle","Daylight","Cloudy","1","0"
"53","530450","2015","11","4","6","Urban","Angle","Dawn","Cloudy","1","0"
"53","530510","2015","12","7","23","Urban","Angle","Dark - Lighted","Cloudy","1","0"
"37","370295","2015","4","3","10","Urban","Angle","Daylight","Cloudy","1","0"
"48","481457","2015","6","7","21","Urban","Angle","Dusk","Cloudy","1","0"
"51","510302","2015","6","6","12","Urban","Sideswipe - Same Direction","Daylight","Cloudy","1","0"
"48","483085","2015","12","6","10","Urban","Sideswipe - Same Direction","Daylight","Cloudy","1","0"
"48","481587","2015","7","5","9","Urban","Sideswipe - Same Direction","Daylight","Cloudy","1","0"
"12","122244","2015","11","5","18","Urban","Sideswipe - Same Direction","Dark - Not Lighted","Cloudy","1","0"
"12","122452","2015","12","6","12","Urban","Sideswipe - Same Direction","Daylight","Cloudy","2","0"
"21","210636","2015","12","6","8","Urban","Sideswipe - Same Direction","Daylight","Cloudy","1","1"
"29","290766","2015","12","3","11","Urban","Sideswipe - Same Direction","Daylight","Cloudy","1","0"
"40","400126","2015","2","2","9","Urban","Sideswipe - Same Direction","Daylight","Cloudy","1","1"
"45","450537","2015","7","6","17","Urban","Sideswipe - Same Direction","Daylight","Cloudy","1","0"
"1","10272","2015","5","1","18","Urban","Sideswipe - Opposite Direction","Daylight","Cloudy","1","1"
"39","390588","2015","7","2","17","Urban","Front-to-Rear","Daylight","Cloudy","1","0"
"12","120421","2015","3","6","1","Urban","Front-to-Rear","Dark - Lighted","Cloudy","1","1"
"12","120644","2015","4","3","21","Urban","Front-to-Front","Dark - Lighted","Cloudy","1","1"
"29","290363","2015","6","5","23","Urban","Front-to-Front","Dark - Lighted","Cloudy","1","1"
"27","270060","2015","3","2","15","Urban","Front-to-Front","Daylight","Cloudy","1","0"
"51","510019","2015","1","2","6","Urban","Angle","Dark - Not Lighted","Cloudy","1","0"
"17","170740","2015","10","4","7","Urban","Sideswipe - Same Direction","Daylight","Cloudy","1","0"
"4","40574","2015","9","7","18","Urban","Sideswipe - Same Direction","Dusk","Cloudy","1","1"
"4","40249","2015","4","5","14","Urban","Angle","Daylight","Cloudy","1","0"
"48","482463","2015","10","7","21","Urban","Not Collision with Motor Vehicle in Transport (Not Necessarily in Transport for 2005-2009)","Dark - Lighted","Cloudy","1","0"
"39","390464","2015","7","3","17","Urban","Front-to-Rear","Daylight","Cloudy","1","1"
"39","391018","2015","12","3","20","Urban","Front-to-Rear","Dark - Lighted","Cloudy","1","0"
"39","390983","2015","12","5","5","Urban","Front-to-Rear","Dark - Lighted","Cloudy","1","0"
"48","480979","2015","5","5","21","Urban","Front-to-Rear","Dark - Lighted","Cloudy","1","1"
"13","131111","2015","11","4","10","Urban","Front-to-Rear","Daylight","Cloudy","1","0"
"29","290083","2015","2","5","23","Urban","Front-to-Rear","Dark - Not Lighted","Cloudy","1","1"
"12","122279","2015","11","5","5","Urban","Not Collision with Motor Vehicle in Transport (Not Necessarily in Transport for 2005-2009)","Dark - Lighted","Cloudy","1","0"
"48","481301","2015","6","7","1","Urban","Front-to-Rear","Dark - Lighted","Cloudy","2","1"
"48","482500","2015","8","7","2","Urban","Front-to-Rear","Dark - Lighted","Cloudy","1","1"
"39","390350","2015","6","6","21","Urban","Not Collision with Motor Vehicle in Transport (Not Necessarily in Transport for 2005-2009)","Dark - Lighted","Cloudy","1","1"
"40","400250","2015","6","2","11","Urban","Not Collision with Motor Vehicle in Transport (Not Necessarily in Transport for 2005-2009)","Daylight","Cloudy","1","0"
"51","510144","2015","4","1","14","Urban","Angle","Daylight","Cloudy","1","1"
"48","483144","2015","11","5","10","Urban","Angle","Daylight","Cloudy","1","0"
"38","380084","2015","9","6","18","Urban","Angle","Daylight","Cloudy","1","1"
"36","360278","2015","5","7","17","Urban","Rear-to-Side","Daylight","Cloudy","1","1"
"36","360158","2015","4","5","13","Urban","Not Collision with Motor Vehicle in Transport (Not Necessarily in Transport for 2005-2009)","Daylight","Cloudy","1","0"
"12","122694","2015","12","7","1","Rural","Not Collision with Motor Vehicle in Transport (Not Necessarily in Transport for 2005-2009)","Dark - Unknown Lighting","Cloudy","1","1"
"48","481063","2015","2","7","0","Rural","Not Collision with Motor Vehicle in Transport (Not Necessarily in Transport for 2005-2009)","Dark - Not Lighted","Cloudy","1","0"
"1","10117","2015","3","4","19","Rural","Front-to-Rear","Dark - Not Lighted","Cloudy","1","0"
"29","290286","2015","6","2","1","Rural","Front-to-Rear","Dark - Not Lighted","Cloudy","1","0"
"12","122238","2015","11","2","20","Rural","Angle","Dark - Not Lighted","Cloudy","1","0"
"48","480249","2015","2","5","11","Urban","Angle","Daylight","Cloudy","1","0"
"49","490078","2015","5","1","3","Urban","Not Collision with Motor Vehicle in Transport (Not Necessarily in Transport for 2005-2009)","Dark - Not Lighted","Cloudy","1","0"
"12","122499","2015","12","6","18","Urban","Not Collision with Motor Vehicle in Transport (Not Necessarily in Transport for 2005-2009)","Dark - Lighted","Cloudy","1","0"
"36","360981","2015","12","6","3","Urban","Not Collision with Motor Vehicle in Transport (Not Necessarily in Transport for 2005-2009)","Dark - Lighted","Cloudy","1","0"
"46","460096","2015","10","6","21","Urban","Not Collision with Motor Vehicle in Transport (Not Necessarily in Transport for 2005-2009)","Dark - Not Lighted","Cloudy","1","1"
"37","371207","2015","12","4","18","Urban","Not Collision with Motor Vehicle in Transport (Not Necessarily in Transport for 2005-2009)","Dark - Lighted","Cloudy","1","0"
"48","481936","2015","6","4","2","Urban","Front-to-Rear","Dark - Lighted","Cloudy","1","0"
"48","483229","2015","5","7","2","Urban","Angle","Dark - Lighted","Cloudy","1","1"
"12","122587","2015","12","7","19","Urban","Not Collision with Motor Vehicle in Transport (Not Necessarily in Transport for 2005-2009)","Dark - Lighted","Cloudy","1","0"
"16","160187","2015","12","4","9","Urban","Not Collision with Motor Vehicle in Transport (Not Necessarily in Transport for 2005-2009)","Daylight","Cloudy","1","0"
"51","510192","2015","3","1","16","Urban","Angle","Daylight","Cloudy","1","1"
"48","481385","2015","6","7","20","Urban","Angle","Dark - Lighted","Cloudy","1","1"
"13","130875","2015","9","5","17","Rural","Not Collision with Motor Vehicle in Transport (Not Necessarily in Transport for 2005-2009)","Daylight","Cloudy","1","0"
"51","510677","2015","12","3","12","Rural","Front-to-Rear","Daylight","Cloudy","1","0"
"51","510168","2015","4","6","17","Rural","Front-to-Rear","Daylight","Cloudy","1","0"
"13","130704","2015","7","3","21","Rural","Front-to-Rear","Dark - Not Lighted","Cloudy","1","1"
"51","510316","2015","6","7","9","Rural","Front-to-Front","Daylight","Cloudy","1","1"
"51","510395","2015","8","6","21","Rural","Front-to-Front","Dark - Not Lighted","Cloudy","1","0"
"40","400202","2015","6","2","1","Rural","Front-to-Front","Dark - Not Lighted","Cloudy","1","0"
"1","10104","2015","3","5","15","Rural","Front-to-Front","Daylight","Cloudy","2","0"
"36","361023","2015","11","7","6","Rural","Front-to-Front","Daylight","Cloudy","1","0"
"51","510209","2015","5","2","13","Rural","Angle","Daylight","Cloudy","1","0"
"51","510034","2015","2","3","14","Rural","Angle","Daylight","Cloudy","1","0"
"51","510051","2015","2","4","6","Rural","Angle","Dark - Not Lighted","Cloudy","1","0"
"51","510327","2015","7","3","10","Rural","Angle","Daylight","Cloudy","1","1"
"51","510441","2015","8","5","9","Rural","Angle","Daylight","Cloudy","1","0"
"39","390975","2015","12","6","11","Rural","Angle","Daylight","Cloudy","1","1"
"39","390755","2015","9","7","23","Rural","Angle","Dark - Not Lighted","Cloudy","1","0"
"48","480870","2015","4","2","5","Rural","Angle","Dark - Not Lighted","Cloudy","1","0"
"48","482827","2015","11","4","14","Rural","Angle","Daylight","Cloudy","1","0"
"18","180537","2015","9","1","15","Rural","Angle","Daylight","Cloudy","1","1"
"10","100021","2015","5","3","7","Rural","Angle","Daylight","Cloudy","1","0"
"17","170639","2015","9","3","13","Rural","Angle","Daylight","Cloudy","2","1"
"21","210692","2015","11","7","19","Rural","Angle","Dark - Lighted","Cloudy","1","0"
"40","400268","2015","7","4","20","Rural","Angle","Dusk","Cloudy","2","0"
"40","400461","2015","10","1","14","Rural","Angle","Daylight","Cloudy","1","0"
"27","270359","2015","12","3","12","Rural","Angle","Daylight","Cloudy","1","0"
"47","470291","2015","5","5","18","Rural","Angle","Daylight","Cloudy","1","0"
"47","470809","2015","9","3","14","Rural","Angle","Daylight","Cloudy","1","1"
"47","470200","2015","4","6","12","Rural","Angle","Daylight","Cloudy","1","0"
"47","470719","2015","10","3","17","Rural","Angle","Daylight","Cloudy","1","0"
"54","540073","2015","4","5","8","Rural","Angle","Daylight","Cloudy","1","0"
"19","190127","2015","7","5","5","Rural","Angle","Dawn","Cloudy","1","0"
"19","190032","2015","3","7","23","Rural","Angle","Dark - Not Lighted","Cloudy","1","0"
"19","190077","2015","5","6","8","Rural","Angle","Daylight","Cloudy","2","0"
"19","190224","2015","10","5","17","Rural","Angle","Daylight","Cloudy","1","0"
"48","480634","2015","3","5","12","Rural","Angle","Daylight","Cloudy","1","0"
"48","481129","2015","5","1","1","Rural","Angle","Dark - Lighted","Cloudy","1","1"
"1","10532","2015","9","2","5","Rural","Angle","Dark - Not Lighted","Cloudy","1","0"
"1","10127","2015","3","6","21","Rural","Angle","Dark - Unknown Lighting","Cloudy","2","0"
"12","120433","2015","3","7","16","Rural","Angle","Daylight","Cloudy","1","0"
"13","130242","2015","3","7","2","Rural","Angle","Dark - Not Lighted","Cloudy","2","1"
"13","130202","2015","3","3","17","Rural","Angle","Daylight","Cloudy","1","0"
"13","130193","2015","3","1","7","Rural","Angle","Daylight","Cloudy","1","1"
"18","180729","2015","11","4","17","Rural","Angle","Dark - Not Lighted","Cloudy","1","0"
"18","180478","2015","8","2","21","Rural","Angle","Dark - Not Lighted","Cloudy","1","0"
"18","180731","2015","12","3","18","Rural","Angle","Dark - Not Lighted","Cloudy","1","1"
"18","180707","2015","11","7","21","Rural","Angle","Dark - Not Lighted","Cloudy","1","0"
"30","300175","2015","11","2","15","Rural","Angle","Daylight","Cloudy","2","0"
"21","210056","2015","1","2","12","Rural","Angle","Daylight","Cloudy","1","0"
"31","310113","2015","7","6","13","Rural","Angle","Daylight","Cloudy","1","0"
"36","360327","2015","6","5","7","Rural","Angle","Daylight","Cloudy","1","0"
"27","270109","2015","5","6","8","Rural","Angle","Daylight","Cloudy","1","0"
"27","270092","2015","4","6","7","Rural","Angle","Daylight","Cloudy","1","0"
"27","270083","2015","4","7","15","Rural","Angle","Daylight","Cloudy","2","0"
"55","550185","2015","5","5","16","Rural","Angle","Daylight","Cloudy","1","0"
"55","550159","2015","5","3","9","Rural","Angle","Daylight","Cloudy","1","0"
"55","550469","2015","9","5","15","Rural","Angle","Daylight","Cloudy","1","0"
"55","550453","2015","10","7","18","Rural","Angle","Dark - Not Lighted","Cloudy","3","0"
"55","550060","2015","3","7","14","Rural","Angle","Daylight","Cloudy","1","0"
"53","530506","2015","12","3","12","Rural","Angle","Daylight","Cloudy","1","0"
"28","280176","2015","5","5","20","Rural","Angle","Dark - Not Lighted","Cloudy","1","0"
"28","280419","2015","9","2","9","Rural","Angle","Daylight","Cloudy","2","0"
"28","280299","2015","7","4","16","Rural","Angle","Daylight","Cloudy","1","0"
"28","280561","2015","12","3","16","Rural","Angle","Dark - Not Lighted","Cloudy","1","0"
"38","380058","2015","7","4","11","Rural","Angle","Daylight","Cloudy","3","0"
"45","450221","2015","4","6","20","Rural","Angle","Dark - Not Lighted","Cloudy","1","1"
"41","410298","2015","10","6","19","Rural","Angle","Dusk","Cloudy","1","2"
"30","300126","2015","9","5","17","Rural","Angle","Daylight","Cloudy","1","0"
"26","260097","2015","3","7","9","Rural","Angle","Daylight","Cloudy","1","0"
"26","260545","2015","7","4","17","Rural","Angle","Daylight","Cloudy","1","0"
"26","260229","2015","5","5","22","Rural","Angle","Dark - Not Lighted","Cloudy","1","1"
"26","260676","2015","10","3","6","Rural","Angle","Dark - Not Lighted","Cloudy","1","0"
"36","361049","2015","11","5","8","Rural","Angle","Daylight","Cloudy","1","0"
"36","361046","2015","7","3","10","Rural","Angle","Daylight","Cloudy","3","0"
"18","180755","2015","10","2","15","Rural","Angle","Daylight","Cloudy","1","0"
"16","160031","2015","4","7","15","Rural","Angle","Daylight","Cloudy","1","0"
"48","480800","2015","4","6","13","Rural","Angle","Daylight","Cloudy","1","0"
"51","510189","2015","5","5","17","Rural","Sideswipe - Same Direction","Daylight","Cloudy","1","1"
"47","470032","2015","1","6","16","Rural","Sideswipe - Same Direction","Daylight","Cloudy","1","0"
"51","510328","2015","7","7","17","Rural","Not Collision with Motor Vehicle in Transport (Not Necessarily in Transport for 2005-2009)","Daylight","Cloudy","1","0"
"51","510079","2015","3","1","9","Rural","Not Collision with Motor Vehicle in Transport (Not Necessarily in Transport for 2005-2009)","Daylight","Cloudy","1","0"
"51","510412","2015","8","6","22","Rural","Not Collision with Motor Vehicle in Transport (Not Necessarily in Transport for 2005-2009)","Dark - Not Lighted","Cloudy","2","0"
"48","482042","2015","9","5","17","Rural","Not Collision with Motor Vehicle in Transport (Not Necessarily in Transport for 2005-2009)","Daylight","Cloudy","1","1"
"1","10503","2015","9","4","21","Rural","Not Collision with Motor Vehicle in Transport (Not Necessarily in Transport for 2005-2009)","Dark - Not Lighted","Cloudy","1","0"
"49","490248","2015","11","3","19","Rural","Not Collision with Motor Vehicle in Transport (Not Necessarily in Transport for 2005-2009)","Dark - Not Lighted","Cloudy","1","0"
"48","482977","2015","12","7","4","Rural","Not Collision with Motor Vehicle in Transport (Not Necessarily in Transport for 2005-2009)","Dark - Not Lighted","Cloudy","1","1"
"48","481440","2015","6","3","9","Rural","Not Collision with Motor Vehicle in Transport (Not Necessarily in Transport for 2005-2009)","Daylight","Cloudy","1","0"
"1","10628","2015","11","6","14","Rural","Not Collision with Motor Vehicle in Transport (Not Necessarily in Transport for 2005-2009)","Daylight","Cloudy","1","0"
"13","130961","2015","9","2","17","Rural","Not Collision with Motor Vehicle in Transport (Not Necessarily in Transport for 2005-2009)","Daylight","Cloudy","2","0"
"24","240035","2015","2","3","9","Rural","Not Collision with Motor Vehicle in Transport (Not Necessarily in Transport for 2005-2009)","Daylight","Cloudy","1","0"
"48","481576","2015","7","1","20","Rural","Not Collision with Motor Vehicle in Transport (Not Necessarily in Transport for 2005-2009)","Dark - Not Lighted","Cloudy","1","1"
"39","390040","2015","1","4","6","Rural","Front-to-Rear","Dark - Not Lighted","Cloudy","1","0"
"48","480492","2015","2","1","21","Rural","Front-to-Rear","Dark - Not Lighted","Cloudy","1","1"
"28","280131","2015","4","2","22","Rural","Front-to-Rear","Dark - Not Lighted","Cloudy","1","0"
"19","190235","2015","9","2","18","Rural","Front-to-Rear","Daylight","Cloudy","1","0"
"36","360308","2015","5","3","15","Rural","Front-to-Rear","Daylight","Cloudy","1","0"
"40","400371","2015","8","6","7","Rural","Front-to-Rear","Daylight","Cloudy","1","0"
"51","510465","2015","9","6","15","Rural","Front-to-Front","Daylight","Cloudy","1","0"
"51","510484","2015","9","2","10","Rural","Front-to-Front","Daylight","Cloudy","1","0"
"51","510230","2015","5","7","12","Rural","Front-to-Front","Daylight","Cloudy","1","0"
"51","510321","2015","7","1","14","Rural","Front-to-Front","Daylight","Cloudy","1","0"
"51","510344","2015","7","5","11","Rural","Front-to-Front","Daylight","Cloudy","1","0"
"51","510375","2015","8","2","18","Rural","Front-to-Front","Daylight","Cloudy","1","0"
"51","510460","2015","9","3","14","Rural","Front-to-Front","Daylight","Cloudy","1","0"
"51","510379","2015","8","5","19","Rural","Front-to-Front","Daylight","Cloudy","1","0"
"28","280116","2015","3","6","15","Rural","Front-to-Front","Daylight","Cloudy","1","0"
"39","390205","2015","4","2","20","Rural","Front-to-Front","Dark - Not Lighted","Cloudy","1","1"
"48","480054","2015","1","7","1","Rural","Front-to-Front","Dark - Not Lighted","Cloudy","1","2"
"48","480624","2015","3","6","0","Rural","Front-to-Front","Dark - Not Lighted","Cloudy","1","1"
"48","482828","2015","11","4","15","Rural","Front-to-Front","Daylight","Cloudy","1","0"
"48","480404","2015","2","7","23","Rural","Front-to-Front","Dark - Not Lighted","Cloudy","1","0"
"13","131114","2015","11","5","13","Rural","Front-to-Front","Daylight","Cloudy","1","0"
"30","300070","2015","7","4","8","Rural","Front-to-Front","Daylight","Cloudy","3","0"
"5","50462","2015","12","4","7","Rural","Front-to-Front","Daylight","Cloudy","1","0"
"21","210650","2015","12","1","7","Rural","Front-to-Front","Dark - Not Lighted","Cloudy","3","1"
"26","260101","2015","3","6","8","Rural","Front-to-Front","Dawn","Cloudy","1","0"
"40","400414","2015","10","5","23","Rural","Front-to-Front","Dark - Not Lighted","Cloudy","2","1"
"40","400096","2015","4","7","16","Rural","Front-to-Front","Daylight","Cloudy","3","0"
"28","280476","2015","10","1","13","Rural","Front-to-Front","Daylight","Cloudy","1","1"
"28","280548","2015","12","5","17","Rural","Front-to-Front","Daylight","Cloudy","1","0"
"54","540249","2015","12","5","15","Rural","Front-to-Front","Daylight","Cloudy","1","0"
"19","190276","2015","12","3","16","Rural","Front-to-Front","Daylight","Cloudy","1","0"
"39","390852","2015","10","5","16","Rural","Front-to-Front","Daylight","Cloudy","1","0"
"23","230014","2015","3","2","10","Rural","Front-to-Front","Daylight","Cloudy","4","0"
"48","480228","2015","2","1","23","Rural","Front-to-Front","Dark - Not Lighted","Cloudy","3","1"
"48","482339","2015","10","6","16","Rural","Front-to-Front","Daylight","Cloudy","1","0"
"48","481331","2015","6","3","5","Rural","Front-to-Front","Dawn","Cloudy","1","0"
"48","481954","2015","8","4","15","Rural","Front-to-Front","Daylight","Cloudy","1","0"
"48","482641","2015","11","4","17","Rural","Front-to-Front","Dark - Not Lighted","Cloudy","1","1"
"41","410193","2015","1","2","10","Rural","Front-to-Front","Daylight","Cloudy","2","1"
"41","410218","2015","9","2","9","Rural","Front-to-Front","Daylight","Cloudy","1","0"
"41","410361","2015","12","4","7","Rural","Front-to-Front","Daylight","Cloudy","2","0"
"1","10152","2015","4","2","6","Rural","Front-to-Front","Dawn","Cloudy","1","0"
"1","10755","2015","11","1","6","Rural","Front-to-Front","Daylight","Cloudy","2","0"
"1","10467","2015","8","7","12","Rural","Front-to-Front","Daylight","Cloudy","1","0"
"1","10707","2015","12","3","7","Rural","Front-to-Front","Daylight","Cloudy","1","0"
"1","10534","2015","9","4","5","Rural","Front-to-Front","Dark - Not Lighted","Cloudy","1","0"
"1","10553","2015","9","1","4","Rural","Front-to-Front","Dark - Not Lighted","Cloudy","1","1"
"13","130185","2015","2","7","6","Rural","Front-to-Front","Dark - Not Lighted","Cloudy","1","0"
"13","130864","2015","9","2","17","Rural","Front-to-Front","Daylight","Cloudy","1","0"
"13","130667","2015","7","6","16","Rural","Front-to-Front","Daylight","Cloudy","2","1"
"13","130983","2015","10","2","21","Rural","Front-to-Front","Dark - Not Lighted","Cloudy","1","1"
"13","131224","2015","12","1","18","Rural","Front-to-Front","Dark - Not Lighted","Cloudy","1","1"
"13","130931","2015","9","4","22","Rural","Front-to-Front","Dark - Not Lighted","Cloudy","1","1"
"56","560109","2015","10","5","15","Rural","Front-to-Front","Daylight","Cloudy","1","0"
"21","210177","2015","4","5","12","Rural","Front-to-Front","Daylight","Cloudy","1","0"
"26","260841","2015","12","5","15","Rural","Front-to-Front","Daylight","Cloudy","2","0"
"26","260614","2015","9","1","20","Rural","Front-to-Front","Dark - Not Lighted","Cloudy","2","1"
"29","290294","2015","6","3","12","Rural","Front-to-Front","Daylight","Cloudy","1","0"
"29","290067","2015","2","6","22","Rural","Front-to-Front","Dark - Not Lighted","Cloudy","1","1"
"31","310183","2015","11","3","5","Rural","Front-to-Front","Dark - Not Lighted","Cloudy","2","1"
"31","310102","2015","7","7","1","Rural","Front-to-Front","Dark - Not Lighted","Cloudy","2","1"
"36","360350","2015","5","5","20","Rural","Front-to-Front","Dark - Not Lighted","Cloudy","1","1"
"36","360381","2015","6","7","14","Rural","Front-to-Front","Daylight","Cloudy","1","0"
"40","400263","2015","6","1","16","Rural","Front-to-Front","Daylight","Cloudy","2","0"
"22","220050","2015","2","1","6","Rural","Front-to-Front","Dawn","Cloudy","2","1"
"27","270028","2015","2","6","14","Rural","Front-to-Front","Daylight","Cloudy","1","0"
"27","270283","2015","10","2","23","Rural","Front-to-Front","Dark - Not Lighted","Cloudy","2","1"
"27","270239","2015","9","3","15","Rural","Front-to-Front","Daylight","Cloudy","1","0"
"27","270218","2015","8","1","16","Rural","Front-to-Front","Daylight","Cloudy","1","0"
"27","270168","2015","6","7","12","Rural","Front-to-Front","Daylight","Cloudy","1","1"
"47","470232","2015","5","7","13","Rural","Front-to-Front","Daylight","Cloudy","1","0"
"47","470701","2015","10","2","17","Rural","Front-to-Front","Daylight","Cloudy","3","0"
"47","470859","2015","12","1","20","Rural","Front-to-Front","Dark - Not Lighted","Cloudy","1","0"
"47","470212","2015","4","3","7","Rural","Front-to-Front","Daylight","Cloudy","1","0"
"55","550487","2015","12","2","13","Rural","Front-to-Front","Daylight","Cloudy","1","0"
"55","550026","2015","1","3","5","Rural","Front-to-Front","Dark - Not Lighted","Cloudy","1","0"
"55","550009","2015","1","1","16","Rural","Front-to-Front","Dark - Not Lighted","Cloudy","2","0"
"55","550095","2015","4","5","12","Rural","Front-to-Front","Daylight","Cloudy","1","1"
"53","530382","2015","9","6","8","Rural","Front-to-Front","Daylight","Cloudy","1","0"
"53","530327","2015","9","7","13","Rural","Front-to-Front","Daylight","Cloudy","1","0"
"28","280553","2015","12","1","21","Rural","Front-to-Front","Dark - Not Lighted","Cloudy","1","0"
"28","280301","2015","7","5","6","Rural","Front-to-Front","Daylight","Cloudy","1","0"
"28","280500","2015","11","5","13","Rural","Front-to-Front","Daylight","Cloudy","3","0"
"28","280242","2015","6","1","23","Rural","Front-to-Front","Dark - Not Lighted","Cloudy","1","1"
"28","280075","2015","2","3","7","Rural","Front-to-Front","Daylight","Cloudy","1","0"
"45","450513","2015","8","6","13","Rural","Front-to-Front","Daylight","Cloudy","1","1"
"45","450188","2015","3","3","8","Rural","Front-to-Front","Daylight","Cloudy","1","0"
"26","260846","2015","12","6","0","Rural","Front-to-Front","Dark - Not Lighted","Cloudy","1","1"
"26","260264","2015","6","2","9","Rural","Front-to-Front","Daylight","Cloudy","1","1"
"26","260665","2015","10","6","13","Rural","Front-to-Front","Daylight","Cloudy","1","0"
"48","480559","2015","3","5","17","Rural","Front-to-Front","Daylight","Cloudy","1","0"
"51","510479","2015","9","6","17","Rural","Angle","Daylight","Cloudy","1","1"
"1","10120","2015","3","3","13","Rural","Angle","Daylight","Cloudy","1","0"
"13","130355","2015","4","2","18","Rural","Angle","Daylight","Cloudy","1","0"
"40","400403","2015","9","1","9","Rural","Angle","Daylight","Cloudy","1","0"
"40","400180","2015","4","1","13","Rural","Angle","Daylight","Cloudy","1","0"
"40","400230","2015","5","5","9","Rural","Angle","Daylight","Cloudy","2","1"
"40","400407","2015","9","2","13","Rural","Angle","Daylight","Cloudy","1","0"
"28","280183","2015","5","3","6","Rural","Angle","Daylight","Cloudy","1","0"
"48","480792","2015","4","7","22","Rural","Angle","Dark - Not Lighted","Cloudy","1","0"
"48","482236","2015","9","6","15","Rural","Angle","Daylight","Cloudy","1","0"
"41","410348","2015","12","5","17","Rural","Angle","Dark - Not Lighted","Cloudy","2","1"
"1","10454","2015","8","3","12","Rural","Angle","Daylight","Cloudy","1","0"
"13","130885","2015","9","7","20","Rural","Angle","Dark - Not Lighted","Cloudy","1","1"
"13","130685","2015","7","3","14","Rural","Angle","Daylight","Cloudy","1","0"
"13","130849","2015","9","6","21","Rural","Angle","Dark - Not Lighted","Cloudy","3","0"
"21","210538","2015","10","7","13","Rural","Angle","Daylight","Cloudy","1","1"
"24","240250","2015","8","3","19","Rural","Angle","Daylight","Cloudy","1","1"
"29","290725","2015","11","2","7","Rural","Angle","Daylight","Cloudy","1","0"
"27","270343","2015","12","4","6","Rural","Angle","Daylight","Cloudy","1","0"
"28","280418","2015","9","2","6","Rural","Angle","Dark - Not Lighted","Cloudy","1","0"
"45","450246","2015","4","3","23","Rural","Angle","Dark - Not Lighted","Cloudy","1","1"
"36","360345","2015","5","3","7","Rural","Angle","Daylight","Cloudy","1","0"
"28","280004","2015","1","1","19","Rural","Angle","Dark - Not Lighted","Cloudy","1","1"
"1","10060","2015","2","3","17","Rural","Angle","Dark - Not Lighted","Cloudy","1","0"
"22","220228","2015","5","1","2","Rural","Sideswipe - Same Direction","Dark - Not Lighted","Cloudy","1","1"
"39","390610","2015","7","6","21","Rural","Sideswipe - Same Direction","Dark - Not Lighted","Cloudy","1","1"
"28","280343","2015","8","1","12","Rural","Sideswipe - Same Direction","Daylight","Cloudy","1","0"
"28","280340","2015","8","5","0","Rural","Sideswipe - Same Direction","Dark - Not Lighted","Cloudy","1","0"
"33","330013","2015","3","6","13","Rural","Sideswipe - Opposite Direction","Daylight","Cloudy","1","0"