"state_number","consecutive_number","year_of_crash","month_of_crash","day_of_week","hour_of_crash","land_use_name","manner_of_collision_name","light_condition_name","atmospheric_conditions_name","number_of_fatalities","number_of_drunk_drivers"
"39","390251","2015","5","1","16","Rural","Sideswipe - Opposite Direction","Daylight","Cloudy","1","0"
"27","270174","2015","6","2","18","Rural","Sideswipe - Opposite Direction","Daylight","Cloudy","1","0"
"45","450026","2015","1","2","16","Rural","Sideswipe - Opposite Direction","Dusk","Cloudy","1","0"
"2","20060","2015","12","3","21","Rural","Sideswipe - Opposite Direction","Dark - Not Lighted","Cloudy","1","1"
"51","510502","2015","10","1","20","Rural","Angle","Dark - Not Lighted","Cloudy","1","0"
"51","510400","2015","7","4","20","Rural","Front-to-Rear","Dark - Not Lighted","Cloudy","1","0"
"1","10595","2015","11","4","11","Rural","Front-to-Rear","Daylight","Cloudy","1","0"
"26","260450","2015","3","2","16","Rural","Front-to-Rear","Daylight","Cloudy","1","0"
"29","290533","2015","9","7","16","Rural","Front-to-Rear","Daylight","Cloudy","1","0"
"26","260877","2015","12","6","11","Rural","Front-to-Rear","Daylight","Cloudy","1","0"
"27","270070","2015","4","4","15","Rural","Front-to-Rear","Daylight","Cloudy","1","0"
"36","360334","2015","6","7","19","Rural","Front-to-Rear","Daylight","Cloudy","1","1"
"51","510452","2015","9","6","15","Rural","Front-to-Front","Daylight","Cloudy","1","0"
"51","510350","2015","7","2","6","Rural","Front-to-Front","Daylight","Cloudy","2","0"
"48","482470","2015","10","5","14","Rural","Front-to-Front","Daylight","Cloudy","1","0"
"40","400120","2015","3","7","17","Rural","Front-to-Front","Daylight","Cloudy","1","0"
"22","220221","2015","5","1","10","Rural","Angle","Daylight","Cloudy","1","0"
"13","130473","2015","4","5","13","Rural","Angle","Daylight","Cloudy","1","0"
"13","130868","2015","9","3","15","Rural","Angle","Daylight","Cloudy","1","0"
"30","300050","2015","6","3","15","Rural","Angle","Daylight","Cloudy","1","0"
"26","260199","2015","5","7","11","Rural","Angle","Daylight","Cloudy","1","0"
"29","290348","2015","7","6","13","Rural","Angle","Daylight","Cloudy","1","1"
"47","470439","2015","7","4","13","Rural","Angle","Daylight","Cloudy","1","0"
"51","510233","2015","5","2","8","Rural","Sideswipe - Same Direction","Daylight","Cloudy","1","1"
"41","410036","2015","2","4","10","Urban","Not Collision with Motor Vehicle in Transport (Not Necessarily in Transport for 2005-2009)","Daylight","Cloudy","1","0"
"36","360626","2015","6","1","18","Urban","Front-to-Rear","Daylight","Cloudy","1","1"
"1","10466","2015","8","2","12","Urban","Front-to-Rear","Daylight","Cloudy","1","0"
"51","510068","2015","2","5","6","Urban","Front-to-Front","Dawn","Cloudy","1","1"
"12","121717","2015","8","2","20","Urban","Front-to-Front","Dark - Lighted","Cloudy","1","0"
"12","122371","2015","12","1","20","Urban","Front-to-Front","Dark - Not Lighted","Cloudy","1","0"
"13","130156","2015","2","3","18","Urban","Front-to-Front","Dark - Not Lighted","Cloudy","1","0"
"13","130933","2015","9","5","12","Urban","Front-to-Front","Daylight","Cloudy","2","1"
"24","240285","2015","8","2","10","Urban","Front-to-Front","Daylight","Cloudy","1","0"
"18","180703","2015","11","3","18","Urban","Front-to-Front","Dark - Not Lighted","Cloudy","1","1"
"39","390186","2015","3","5","14","Urban","Front-to-Front","Daylight","Cloudy","1","0"
"13","130357","2015","1","4","12","Urban","Front-to-Front","Daylight","Cloudy","1","0"
"31","310121","2015","7","6","23","Urban","Front-to-Front","Dark - Lighted","Cloudy","1","1"
"51","510566","2015","11","5","12","Urban","Angle","Daylight","Cloudy","1","0"
"51","510568","2015","11","4","15","Urban","Angle","Daylight","Cloudy","1","0"
"51","510358","2015","7","4","12","Urban","Angle","Daylight","Cloudy","1","0"
"51","510177","2015","4","1","2","Urban","Angle","Dark - Lighted","Cloudy","1","2"
"51","510335","2015","7","4","7","Urban","Angle","Daylight","Cloudy","1","0"
"51","510474","2015","8","2","21","Urban","Angle","Dark - Lighted","Cloudy","1","0"
"51","510475","2015","8","1","14","Urban","Angle","Daylight","Cloudy","1","0"
"51","510416","2015","8","3","17","Urban","Angle","Daylight","Cloudy","1","0"
"51","510312","2015","5","6","18","Urban","Angle","Daylight","Cloudy","1","0"
"39","390181","2015","3","2","19","Urban","Angle","Dusk","Cloudy","1","0"
"1","10265","2015","5","4","5","Urban","Angle","Dawn","Cloudy","1","0"
"18","180223","2015","5","1","22","Urban","Angle","Dark - Not Lighted","Cloudy","1","0"
"47","470289","2015","5","4","19","Urban","Angle","Dusk","Cloudy","1","0"
"28","280201","2015","5","4","20","Urban","Angle","Dark - Not Lighted","Cloudy","1","0"
"39","390907","2015","9","1","9","Urban","Angle","Daylight","Cloudy","1","0"
"49","490100","2015","5","4","20","Urban","Angle","Daylight","Cloudy","2","0"
"23","230106","2015","9","2","7","Urban","Angle","Daylight","Cloudy","1","0"
"32","320057","2015","1","6","15","Urban","Angle","Daylight","Cloudy","1","0"
"12","120721","2015","4","2","9","Urban","Angle","Daylight","Cloudy","1","0"
"12","121513","2015","8","1","13","Urban","Angle","Daylight","Cloudy","1","0"
"12","120045","2015","1","1","14","Urban","Angle","Daylight","Cloudy","2","0"
"12","120093","2015","1","2","2","Urban","Angle","Dark - Lighted","Cloudy","1","1"
"13","130559","2015","6","5","16","Urban","Angle","Daylight","Cloudy","1","0"
"13","131236","2015","12","6","11","Urban","Angle","Daylight","Cloudy","1","0"
"13","130583","2015","6","4","21","Urban","Angle","Dark - Not Lighted","Cloudy","2","0"
"26","260738","2015","11","7","12","Urban","Angle","Daylight","Cloudy","1","0"
"36","360464","2015","7","4","8","Urban","Angle","Daylight","Cloudy","1","0"
"40","400006","2015","1","7","13","Urban","Angle","Daylight","Cloudy","2","0"
"47","470782","2015","12","4","16","Urban","Angle","Daylight","Cloudy","1","0"
"9","90186","2015","3","3","10","Urban","Angle","Daylight","Cloudy","1","0"
"45","450464","2015","6","4","6","Urban","Angle","Dawn","Cloudy","2","0"
"39","390939","2015","12","1","18","Urban","Angle","Dark - Lighted","Cloudy","1","0"
"48","483225","2015","5","3","1","Urban","Angle","Dark - Lighted","Cloudy","1","1"
"48","483237","2015","6","1","2","Urban","Angle","Dark - Lighted","Cloudy","1","0"
"48","480149","2015","1","6","2","Urban","Angle","Dark - Lighted","Cloudy","1","2"
"48","480799","2015","4","5","11","Urban","Angle","Daylight","Cloudy","1","0"
"4","40746","2015","11","3","9","Urban","Angle","Daylight","Cloudy","1","1"
"17","170340","2015","6","4","22","Urban","Angle","Dark - Not Lighted","Cloudy","1","0"
"22","220456","2015","8","7","11","Urban","Angle","Daylight","Cloudy","1","0"
"27","270107","2015","5","5","16","Urban","Angle","Daylight","Cloudy","1","0"
"49","490003","2015","1","3","14","Urban","Angle","Daylight","Cloudy","1","0"
"32","320198","2015","7","2","22","Urban","Angle","Dark - Lighted","Cloudy","1","0"
"39","391034","2015","12","6","2","Urban","Angle","Dark - Lighted","Cloudy","1","0"
"39","390396","2015","6","5","5","Urban","Angle","Dawn","Cloudy","1","1"
"39","390891","2015","10","7","12","Urban","Angle","Daylight","Cloudy","1","0"
"49","490040","2015","1","6","5","Urban","Angle","Dark - Lighted","Cloudy","1","1"
"48","480299","2015","2","1","22","Urban","Angle","Dark - Lighted","Cloudy","1","2"
"48","481053","2015","5","1","9","Urban","Angle","Daylight","Cloudy","1","0"
"32","320070","2015","4","7","16","Urban","Angle","Daylight","Cloudy","1","2"
"4","40767","2015","12","7","10","Urban","Angle","Daylight","Cloudy","1","0"
"4","40582","2015","9","2","23","Urban","Angle","Dark - Lighted","Cloudy","1","0"
"4","40163","2015","3","4","17","Urban","Angle","Daylight","Cloudy","1","0"
"4","40641","2015","10","2","15","Urban","Angle","Daylight","Cloudy","1","0"
"13","130627","2015","6","6","20","Urban","Angle","Dusk","Cloudy","1","0"
"13","130379","2015","4","1","0","Urban","Angle","Dark - Lighted","Cloudy","1","0"
"18","180620","2015","10","5","6","Urban","Angle","Dark - Lighted","Cloudy","1","0"
"17","170136","2015","2","2","16","Urban","Angle","Daylight","Cloudy","1","0"
"17","170358","2015","6","7","16","Urban","Angle","Daylight","Cloudy","1","0"
"26","260077","2015","3","3","7","Urban","Angle","Daylight","Cloudy","1","0"
"31","310124","2015","8","4","11","Urban","Angle","Daylight","Cloudy","1","0"
"55","550526","2015","5","6","6","Urban","Angle","Daylight","Cloudy","1","0"
"48","482733","2015","11","2","14","Urban","Angle","Daylight","Cloudy","1","0"
"48","482271","2015","9","7","13","Urban","Angle","Daylight","Cloudy","1","0"
"48","481171","2015","5","7","1","Urban","Angle","Dark - Not Lighted","Cloudy","3","1"
"48","480371","2015","2","4","18","Urban","Angle","Dusk","Cloudy","1","0"
"25","250229","2015","8","3","8","Urban","Angle","Daylight","Cloudy","1","0"
"51","510659","2015","12","5","22","Urban","Not Collision with Motor Vehicle in Transport (Not Necessarily in Transport for 2005-2009)","Dark - Not Lighted","Cloudy","1","1"
"39","390036","2015","1","2","22","Urban","Not Collision with Motor Vehicle in Transport (Not Necessarily in Transport for 2005-2009)","Dark - Lighted","Cloudy","1","0"
"32","320024","2015","1","2","16","Urban","Not Collision with Motor Vehicle in Transport (Not Necessarily in Transport for 2005-2009)","Dusk","Cloudy","1","2"
"32","320141","2015","4","5","13","Urban","Not Collision with Motor Vehicle in Transport (Not Necessarily in Transport for 2005-2009)","Daylight","Cloudy","1","0"
"12","120814","2015","5","7","9","Urban","Not Collision with Motor Vehicle in Transport (Not Necessarily in Transport for 2005-2009)","Daylight","Cloudy","2","0"
"13","130591","2015","6","5","10","Urban","Not Collision with Motor Vehicle in Transport (Not Necessarily in Transport for 2005-2009)","Daylight","Cloudy","1","0"
"18","180422","2015","7","1","20","Urban","Not Collision with Motor Vehicle in Transport (Not Necessarily in Transport for 2005-2009)","Dusk","Cloudy","1","0"
"22","220290","2015","6","1","2","Urban","Not Collision with Motor Vehicle in Transport (Not Necessarily in Transport for 2005-2009)","Dark - Lighted","Cloudy","1","1"
"32","320170","2015","8","1","21","Urban","Not Collision with Motor Vehicle in Transport (Not Necessarily in Transport for 2005-2009)","Dark - Lighted","Cloudy","1","0"
"4","40125","2015","2","2","10","Urban","Not Collision with Motor Vehicle in Transport (Not Necessarily in Transport for 2005-2009)","Daylight","Cloudy","1","0"
"51","510288","2015","4","3","21","Urban","Front-to-Rear","Dark - Lighted","Cloudy","1","1"
"51","510146","2015","4","2","14","Urban","Front-to-Rear","Daylight","Cloudy","1","1"
"39","390790","2015","10","5","21","Urban","Front-to-Rear","Dark - Not Lighted","Cloudy","1","1"
"39","391006","2015","12","4","14","Urban","Front-to-Rear","Daylight","Cloudy","1","0"
"40","400432","2015","10","7","23","Urban","Front-to-Rear","Dark - Not Lighted","Cloudy","1","0"
"45","450546","2015","8","7","19","Urban","Front-to-Rear","Dusk","Cloudy","1","0"
"27","270195","2015","7","7","5","Urban","Front-to-Rear","Dawn","Cloudy","1","2"
"47","470122","2015","2","7","17","Urban","Front-to-Rear","Dusk","Cloudy","1","1"
"39","390104","2015","2","2","9","Urban","Front-to-Rear","Daylight","Cloudy","1","0"
"53","530446","2015","11","2","16","Urban","Front-to-Rear","Daylight","Cloudy","1","0"
"37","370146","2015","2","1","7","Urban","Front-to-Rear","Daylight","Cloudy","1","0"
"51","510092","2015","3","7","22","Urban","Front-to-Front","Dark - Lighted","Cloudy","1","1"
"51","510139","2015","4","1","14","Urban","Front-to-Front","Daylight","Cloudy","1","1"
"29","290661","2015","11","4","10","Urban","Front-to-Front","Daylight","Cloudy","1","0"
"39","390150","2015","3","2","6","Urban","Front-to-Front","Dark - Not Lighted","Cloudy","1","0"
"1","10525","2015","9","5","11","Urban","Front-to-Front","Daylight","Cloudy","1","0"
"12","121079","2015","6","1","9","Urban","Front-to-Front","Daylight","Cloudy","2","0"
"18","180127","2015","3","4","17","Urban","Front-to-Front","Daylight","Cloudy","1","0"
"21","210200","2015","5","5","3","Urban","Front-to-Front","Dark - Unknown Lighting","Cloudy","1","1"
"21","210283","2015","6","2","19","Urban","Front-to-Front","Daylight","Cloudy","1","1"
"26","260589","2015","9","7","11","Urban","Front-to-Front","Daylight","Cloudy","2","1"
"36","360697","2015","9","4","11","Urban","Front-to-Front","Daylight","Cloudy","1","0"
"22","220574","2015","11","7","4","Urban","Front-to-Front","Dark - Lighted","Cloudy","1","0"
"22","220582","2015","11","3","4","Urban","Front-to-Front","Dark - Not Lighted","Cloudy","1","0"
"27","270007","2015","1","1","18","Urban","Front-to-Front","Dark - Not Lighted","Cloudy","1","0"
"47","470760","2015","11","5","14","Urban","Front-to-Front","Daylight","Cloudy","1","0"
"45","450238","2015","3","7","13","Urban","Front-to-Front","Daylight","Cloudy","1","0"
"13","130237","2015","3","6","16","Urban","Front-to-Front","Daylight","Cloudy","1","0"
"13","130926","2015","9","3","4","Urban","Front-to-Front","Dark - Not Lighted","Cloudy","1","1"
"34","340212","2015","3","7","10","Urban","Front-to-Front","Daylight","Cloudy","1","0"
"18","180770","2015","12","4","14","Urban","Front-to-Front","Daylight","Cloudy","1","0"
"1","10267","2015","5","2","15","Urban","Front-to-Front","Daylight","Cloudy","1","0"
"13","130213","2015","3","7","3","Urban","Front-to-Front","Dark - Not Lighted","Cloudy","1","1"
"40","400161","2015","2","3","16","Urban","Front-to-Front","Daylight","Cloudy","1","0"
"47","470521","2015","8","5","0","Urban","Front-to-Front","Dark - Not Lighted","Cloudy","2","0"
"25","250226","2015","4","6","14","Urban","Front-to-Front","Daylight","Cloudy","2","0"
"25","250162","2015","7","7","2","Urban","Front-to-Front","Dark - Lighted","Cloudy","1","1"
"51","510432","2015","9","6","22","Urban","Angle","Dark - Not Lighted","Cloudy","1","1"
"39","390199","2015","4","3","7","Urban","Angle","Daylight","Cloudy","2","0"
"1","10258","2015","5","5","14","Urban","Angle","Daylight","Cloudy","1","0"
"39","390170","2015","3","6","22","Urban","Angle","Dark - Not Lighted","Cloudy","2","1"
"12","120304","2015","3","2","23","Urban","Angle","Dark - Not Lighted","Cloudy","1","1"
"45","450896","2015","12","6","12","Urban","Angle","Daylight","Cloudy","1","0"
"26","260691","2015","10","7","19","Urban","Angle","Dusk","Cloudy","1","0"
"53","530006","2015","1","2","11","Urban","Angle","Daylight","Cloudy","2","1"
"19","190006","2015","1","3","12","Urban","Angle","Daylight","Cloudy","1","0"
"39","391070","2015","12","2","15","Urban","Angle","Daylight","Cloudy","1","0"
"48","481326","2015","6","2","3","Urban","Angle","Dark - Lighted","Cloudy","1","0"
"26","260002","2015","1","1","10","Urban","Angle","Daylight","Cloudy","1","0"
"48","481550","2015","6","6","22","Urban","Angle","Dark - Not Lighted","Cloudy","1","0"
"48","483245","2015","7","5","20","Urban","Angle","Dark - Lighted","Cloudy","1","1"
"40","400021","2015","1","3","6","Urban","Sideswipe - Same Direction","Dark - Not Lighted","Cloudy","1","0"
"54","540128","2015","7","5","7","Urban","Sideswipe - Opposite Direction","Daylight","Cloudy","1","1"
"48","483111","2015","11","4","16","Urban","Other (End-Swipes and Others)","Daylight","Cloudy","1","0"
"48","481764","2015","6","3","12","Urban","Angle","Daylight","Cloudy","1","0"
"22","220611","2015","11","2","22","Urban","Not Collision with Motor Vehicle in Transport (Not Necessarily in Transport for 2005-2009)","Dark - Not Lighted","Cloudy","1","0"
"32","320236","2015","12","7","20","Urban","Front-to-Rear","Dark - Lighted","Cloudy","1","1"
"13","131147","2015","10","4","16","Urban","Front-to-Rear","Daylight","Cloudy","1","0"
"21","210139","2015","3","3","8","Urban","Front-to-Rear","Daylight","Cloudy","1","0"
"26","260914","2015","12","4","17","Urban","Front-to-Rear","Dark - Not Lighted","Cloudy","1","0"
"48","483263","2015","4","1","10","Urban","Front-to-Rear","Daylight","Cloudy","1","0"
"32","320266","2015","11","4","10","Urban","Front-to-Rear","Daylight","Cloudy","1","0"
"51","510339","2015","7","7","15","Urban","Front-to-Front","Daylight","Cloudy","1","0"
"17","170834","2015","11","6","7","Urban","Front-to-Front","Daylight","Cloudy","1","0"
"39","391054","2015","10","7","13","Urban","Angle","Daylight","Cloudy","1","1"
"40","400513","2015","11","3","18","Urban","Angle","Dark - Lighted","Cloudy","1","1"
"13","131153","2015","11","3","11","Urban","Angle","Daylight","Cloudy","1","0"
"26","260117","2015","3","2","6","Urban","Angle","Dark - Lighted","Cloudy","1","0"
"26","260268","2015","6","6","6","Urban","Angle","Daylight","Cloudy","1","1"
"55","550183","2015","5","4","7","Urban","Angle","Daylight","Cloudy","1","0"
"24","240081","2015","4","6","11","Urban","Front-to-Rear","Daylight","Cloudy","1","0"
"1","10373","2015","7","1","8","Urban","Front-to-Front","Daylight","Cloudy","1","0"
"48","481348","2015","6","3","5","Urban","Front-to-Front","Dark - Lighted","Cloudy","1","0"
"48","483216","2015","12","1","4","Urban","Front-to-Front","Dark - Not Lighted","Cloudy","1","0"
"51","510226","2015","5","5","11","Urban","Angle","Daylight","Cloudy","1","0"
"51","510553","2015","10","5","14","Urban","Angle","Daylight","Cloudy","1","0"
"39","390625","2015","8","1","4","Urban","Angle","Dark - Lighted","Cloudy","1","0"
"41","410345","2015","12","7","16","Urban","Angle","Dark - Not Lighted","Cloudy","1","0"
"1","10016","2015","1","3","17","Urban","Angle","Dark - Lighted","Cloudy","1","0"
"12","121053","2015","6","1","12","Urban","Angle","Daylight","Cloudy","1","1"
"40","400160","2015","2","3","10","Urban","Angle","Daylight","Cloudy","1","0"
"13","130327","2015","4","2","15","Urban","Angle","Daylight","Cloudy","1","0"
"22","220462","2015","9","7","13","Urban","Angle","Daylight","Cloudy","1","0"
"39","390097","2015","1","4","9","Urban","Angle","Daylight","Cloudy","1","0"
"48","482963","2015","12","6","23","Urban","Angle","Dark - Not Lighted","Cloudy","1","1"
"26","260409","2015","7","4","21","Urban","Angle","Dark - Lighted","Cloudy","1","0"
"40","400291","2015","7","5","12","Urban","Angle","Daylight","Cloudy","1","0"
"53","530311","2015","8","6","17","Urban","Angle","Daylight","Cloudy","1","0"
"26","260905","2015","11","4","21","Rural","Not Collision with Motor Vehicle in Transport (Not Necessarily in Transport for 2005-2009)","Dark - Not Lighted","Cloudy","1","0"
"18","180350","2015","6","5","15","Rural","Front-to-Rear","Daylight","Cloudy","1","0"
"27","270319","2015","11","4","20","Rural","Front-to-Rear","Dark - Not Lighted","Cloudy","1","0"
"51","510540","2015","9","7","14","Rural","Not Collision with Motor Vehicle in Transport (Not Necessarily in Transport for 2005-2009)","Daylight","Cloudy","1","0"
"48","480732","2015","4","6","6","Rural","Not Collision with Motor Vehicle in Transport (Not Necessarily in Transport for 2005-2009)","Dark - Not Lighted","Cloudy","1","0"
"48","482311","2015","10","1","20","Rural","Not Collision with Motor Vehicle in Transport (Not Necessarily in Transport for 2005-2009)","Dark - Lighted","Cloudy","1","0"
"39","390624","2015","8","7","2","Urban","Not Collision with Motor Vehicle in Transport (Not Necessarily in Transport for 2005-2009)","Dark - Lighted","Cloudy","1","1"
"51","510318","2015","7","5","13","Urban","Not Collision with Motor Vehicle in Transport (Not Necessarily in Transport for 2005-2009)","Daylight","Cloudy","1","0"
"45","450782","2015","11","3","19","Urban","Not Collision with Motor Vehicle in Transport (Not Necessarily in Transport for 2005-2009)","Dark - Unknown Lighting","Cloudy","1","0"
"48","480425","2015","3","1","20","Urban","Not Collision with Motor Vehicle in Transport (Not Necessarily in Transport for 2005-2009)","Dark - Not Lighted","Cloudy","1","0"
"39","390214","2015","1","3","16","Urban","Not Collision with Motor Vehicle in Transport (Not Necessarily in Transport for 2005-2009)","Daylight","Cloudy","1","0"
"32","320060","2015","2","2","11","Urban","Not Collision with Motor Vehicle in Transport (Not Necessarily in Transport for 2005-2009)","Daylight","Cloudy","1","0"
"48","480496","2015","2","7","22","Urban","Front-to-Rear","Dark - Not Lighted","Cloudy","1","0"
"51","510637","2015","12","1","18","Urban","Not Collision with Motor Vehicle in Transport (Not Necessarily in Transport for 2005-2009)","Dark - Not Lighted","Cloudy","1","0"
"36","361005","2015","12","5","17","Urban","Not Collision with Motor Vehicle in Transport (Not Necessarily in Transport for 2005-2009)","Dark - Lighted","Cloudy","1","0"
"36","360850","2015","11","2","11","Urban","Not Collision with Motor Vehicle in Transport (Not Necessarily in Transport for 2005-2009)","Daylight","Cloudy","1","0"
"51","510403","2015","8","1","15","Rural","Front-to-Rear","Daylight","Cloudy","1","1"
"39","390484","2015","7","4","14","Rural","Front-to-Rear","Daylight","Cloudy","1","0"
"55","550247","2015","7","7","21","Rural","Front-to-Rear","Dark - Not Lighted","Cloudy","1","1"
"26","260520","2015","8","5","21","Rural","Front-to-Rear","Dark - Not Lighted","Cloudy","1","1"
"51","510187","2015","5","1","17","Rural","Front-to-Front","Daylight","Cloudy","1","0"
"12","120872","2015","5","5","13","Rural","Front-to-Front","Daylight","Cloudy","2","1"
"40","400269","2015","7","5","5","Rural","Front-to-Front","Dark - Not Lighted","Cloudy","1","0"
"51","510148","2015","4","7","16","Rural","Angle","Daylight","Cloudy","1","0"
"51","510672","2015","12","7","12","Rural","Angle","Daylight","Cloudy","1","0"
"51","510174","2015","4","3","16","Rural","Angle","Daylight","Cloudy","1","0"
"51","510117","2015","3","4","11","Rural","Angle","Daylight","Cloudy","1","0"
"51","510417","2015","8","7","15","Rural","Angle","Daylight","Cloudy","1","0"
"51","510075","2015","2","4","18","Rural","Angle","Dark - Lighted","Cloudy","1","0"
"48","481153","2015","5","6","13","Rural","Angle","Daylight","Cloudy","1","0"
"10","100037","2015","6","2","15","Rural","Angle","Daylight","Cloudy","1","0"
"40","400236","2015","4","7","7","Rural","Angle","Daylight","Cloudy","1","0"
"40","400439","2015","10","7","10","Rural","Angle","Daylight","Cloudy","1","0"
"39","390010","2015","1","6","17","Rural","Angle","Dusk","Cloudy","1","0"
"39","390414","2015","6","4","18","Rural","Angle","Daylight","Cloudy","1","1"
"39","390760","2015","9","4","11","Rural","Angle","Daylight","Cloudy","1","0"
"39","390988","2015","12","4","13","Rural","Angle","Daylight","Cloudy","1","0"
"39","390180","2015","4","5","13","Rural","Angle","Daylight","Cloudy","1","0"
"39","390733","2015","9","4","17","Rural","Angle","Daylight","Cloudy","1","0"
"48","480966","2015","5","5","19","Rural","Angle","Daylight","Cloudy","1","0"
"13","131241","2015","12","6","12","Rural","Angle","Daylight","Cloudy","1","0"
"13","130537","2015","6","5","11","Rural","Angle","Daylight","Cloudy","1","0"
"18","180154","2015","4","2","5","Rural","Angle","Dark - Not Lighted","Cloudy","1","0"
"18","180160","2015","4","5","14","Rural","Angle","Daylight","Cloudy","1","0"
"18","180270","2015","6","4","14","Rural","Angle","Daylight","Cloudy","1","0"
"21","210675","2015","12","5","17","Rural","Angle","Dusk","Cloudy","1","0"
"29","290153","2015","4","5","8","Rural","Angle","Daylight","Cloudy","1","0"
"29","290442","2015","8","7","9","Rural","Angle","Daylight","Cloudy","1","0"
"29","290721","2015","11","1","15","Rural","Angle","Daylight","Cloudy","1","0"
"36","360046","2015","1","6","17","Rural","Angle","Dark - Not Lighted","Cloudy","1","0"
"19","190026","2015","2","6","8","Rural","Angle","Daylight","Cloudy","1","0"
"19","190264","2015","12","5","6","Rural","Angle","Dawn","Cloudy","1","0"
"19","190194","2015","8","5","16","Rural","Angle","Daylight","Cloudy","1","0"
"19","190189","2015","9","5","17","Rural","Angle","Daylight","Cloudy","1","0"
"39","390966","2015","11","1","13","Rural","Angle","Daylight","Cloudy","2","1"
"39","391063","2015","12","4","17","Rural","Angle","Dusk","Cloudy","1","0"
"39","390890","2015","11","5","21","Rural","Angle","Dark - Not Lighted","Cloudy","1","0"
"41","410366","2015","12","6","18","Rural","Angle","Dark - Not Lighted","Cloudy","1","0"
"1","10182","2015","4","1","9","Rural","Angle","Daylight","Cloudy","1","0"
"13","131101","2015","11","2","12","Rural","Angle","Daylight","Cloudy","1","0"
"18","180316","2015","6","1","12","Rural","Angle","Daylight","Cloudy","2","0"
"17","170588","2015","8","7","8","Rural","Angle","Daylight","Cloudy","1","1"
"26","260648","2015","9","7","14","Rural","Angle","Daylight","Cloudy","1","1"
"26","260497","2015","8","5","16","Rural","Angle","Daylight","Cloudy","1","0"
"36","360589","2015","8","5","14","Rural","Angle","Daylight","Cloudy","1","0"
"55","550317","2015","8","7","16","Rural","Angle","Daylight","Cloudy","1","0"
"55","550115","2015","4","1","2","Rural","Angle","Dark - Not Lighted","Cloudy","1","1"
"55","550360","2015","11","4","11","Rural","Angle","Daylight","Cloudy","1","0"
"53","530431","2015","11","1","0","Rural","Angle","Dark - Lighted","Cloudy","1","1"
"53","530040","2015","2","4","16","Rural","Angle","Dusk","Cloudy","1","1"
"38","380001","2015","1","2","8","Rural","Angle","Daylight","Cloudy","1","0"
"18","180556","2015","9","7","22","Rural","Angle","Dark - Not Lighted","Cloudy","1","0"
"48","481177","2015","5","1","20","Rural","Angle","Dark - Not Lighted","Cloudy","1","0"
"39","390470","2015","7","1","10","Rural","Other (End-Swipes and Others)","Daylight","Cloudy","1","0"
"48","481487","2015","7","7","11","Rural","Non documente","Daylight","Cloudy","1","0"
"51","510418","2015","8","4","21","Rural","Not Collision with Motor Vehicle in Transport (Not Necessarily in Transport for 2005-2009)","Dark - Not Lighted","Cloudy","1","1"
"51","510498","2015","9","4","18","Rural","Not Collision with Motor Vehicle in Transport (Not Necessarily in Transport for 2005-2009)","Daylight","Cloudy","1","0"
"48","482962","2015","12","6","12","Rural","Not Collision with Motor Vehicle in Transport (Not Necessarily in Transport for 2005-2009)","Daylight","Cloudy","1","0"
"40","400246","2015","6","7","18","Rural","Not Collision with Motor Vehicle in Transport (Not Necessarily in Transport for 2005-2009)","Daylight","Cloudy","1","0"
"18","180302","2015","6","6","18","Rural","Not Collision with Motor Vehicle in Transport (Not Necessarily in Transport for 2005-2009)","Daylight","Cloudy","1","0"
"1","10690","2015","12","4","17","Rural","Front-to-Rear","Dusk","Cloudy","1","0"
"21","210391","2015","8","7","11","Rural","Front-to-Rear","Daylight","Cloudy","1","0"
"40","400108","2015","1","3","10","Rural","Front-to-Rear","Daylight","Cloudy","1","0"
"47","470192","2015","4","6","11","Rural","Front-to-Rear","Daylight","Cloudy","1","0"
"1","10474","2015","8","2","8","Rural","Front-to-Rear","Daylight","Cloudy","1","0"
"51","510477","2015","9","5","16","Rural","Front-to-Front","Daylight","Cloudy","1","0"
"51","510059","2015","2","4","15","Rural","Front-to-Front","Daylight","Cloudy","1","1"
"51","510711","2015","12","7","19","Rural","Front-to-Front","Dark - Not Lighted","Cloudy","1","2"
"51","510434","2015","9","1","18","Rural","Front-to-Front","Daylight","Cloudy","1","0"
"51","510166","2015","4","6","16","Rural","Front-to-Front","Daylight","Cloudy","1","2"
"51","510463","2015","9","4","19","Rural","Front-to-Front","Dark - Not Lighted","Cloudy","1","0"
"51","510499","2015","7","7","11","Rural","Front-to-Front","Daylight","Cloudy","1","1"
"51","510026","2015","1","2","7","Rural","Front-to-Front","Daylight","Cloudy","1","0"
"51","510660","2015","12","1","20","Rural","Front-to-Front","Dark - Not Lighted","Cloudy","1","0"
"51","510180","2015","5","7","9","Rural","Front-to-Front","Daylight","Cloudy","1","0"
"21","210645","2015","12","1","13","Rural","Front-to-Front","Daylight","Cloudy","2","0"
"21","210046","2015","1","5","11","Rural","Front-to-Front","Daylight","Cloudy","1","0"
"21","210604","2015","11","2","13","Rural","Front-to-Front","Daylight","Cloudy","1","0"
"29","290572","2015","9","1","14","Rural","Front-to-Front","Daylight","Cloudy","1","0"
"36","361036","2015","12","3","17","Rural","Front-to-Front","Dark - Not Lighted","Cloudy","1","0"
"36","360956","2015","11","2","15","Rural","Front-to-Front","Daylight","Cloudy","1","0"
"37","370292","2015","4","2","17","Rural","Front-to-Front","Daylight","Cloudy","1","0"
"39","391020","2015","12","6","6","Rural","Front-to-Front","Dark - Not Lighted","Cloudy","1","0"
"39","390437","2015","6","6","6","Rural","Front-to-Front","Dawn","Cloudy","2","2"
"39","390034","2015","1","2","13","Rural","Front-to-Front","Daylight","Cloudy","1","0"
"1","10097","2015","2","4","7","Rural","Front-to-Front","Daylight","Cloudy","2","0"
"13","130024","2015","1","6","14","Rural","Front-to-Front","Daylight","Cloudy","1","0"
"13","130205","2015","3","4","19","Rural","Front-to-Front","Dark - Not Lighted","Cloudy","1","0"
"13","130010","2015","1","1","16","Rural","Front-to-Front","Daylight","Cloudy","2","0"
"13","130970","2015","10","5","13","Rural","Front-to-Front","Daylight","Cloudy","1","0"
"18","180060","2015","1","3","18","Rural","Front-to-Front","Dark - Not Lighted","Cloudy","2","0"
"18","180169","2015","4","6","20","Rural","Front-to-Front","Dark - Not Lighted","Cloudy","2","1"
"21","210336","2015","7","5","0","Rural","Front-to-Front","Dark - Not Lighted","Cloudy","2","0"
"21","210039","2015","1","2","8","Rural","Front-to-Front","Daylight","Cloudy","1","0"
"21","210008","2015","1","2","17","Rural","Front-to-Front","Daylight","Cloudy","2","0"
"21","210555","2015","10","5","6","Rural","Front-to-Front","Dawn","Cloudy","1","0"
"21","210470","2015","9","7","7","Rural","Front-to-Front","Dawn","Cloudy","1","1"
"21","210643","2015","12","2","11","Rural","Front-to-Front","Daylight","Cloudy","2","0"
"29","290031","2015","1","7","23","Rural","Front-to-Front","Dark - Not Lighted","Cloudy","1","1"
"29","290119","2015","3","7","6","Rural","Front-to-Front","Dark - Not Lighted","Cloudy","1","1"
"29","290295","2015","6","4","16","Rural","Front-to-Front","Daylight","Cloudy","1","0"
"29","290491","2015","8","4","14","Rural","Front-to-Front","Daylight","Cloudy","1","0"
"40","400119","2015","4","6","8","Rural","Front-to-Front","Daylight","Cloudy","1","0"
"22","220131","2015","3","7","23","Rural","Front-to-Front","Dark - Not Lighted","Cloudy","1","0"
"47","470669","2015","10","5","19","Rural","Front-to-Front","Dark - Not Lighted","Cloudy","1","1"