"state_number","consecutive_number","year_of_crash","month_of_crash","day_of_week","hour_of_crash","land_use_name","manner_of_collision_name","light_condition_name","atmospheric_conditions_name","number_of_fatalities","number_of_drunk_drivers"
"38","380023","2015","3","6","16","Rural","Front-to-Rear","Daylight","Cloudy","1","0"
"37","370524","2015","6","7","22","Rural","Front-to-Rear","Dark - Not Lighted","Cloudy","1","1"
"37","371169","2015","12","2","10","Rural","Front-to-Rear","Daylight","Cloudy","1","1"
"37","370622","2015","7","3","21","Rural","Front-to-Rear","Dark - Not Lighted","Cloudy","1","0"
"48","481020","2015","5","6","13","Rural","Front-to-Rear","Daylight","Cloudy","1","0"
"12","121566","2015","7","6","15","Rural","Front-to-Rear","Daylight","Cloudy","1","0"
"12","122014","2015","10","7","5","Rural","Front-to-Rear","Dark - Not Lighted","Cloudy","1","0"
"18","180792","2015","11","6","6","Rural","Front-to-Rear","Dawn","Cloudy","1","0"
"21","210164","2015","4","2","15","Rural","Front-to-Rear","Daylight","Cloudy","1","0"
"36","360035","2015","1","1","9","Rural","Front-to-Rear","Daylight","Cloudy","1","0"
"27","270285","2015","10","3","11","Rural","Front-to-Rear","Daylight","Cloudy","1","0"
"51","510394","2015","8","5","5","Rural","Front-to-Front","Dark - Not Lighted","Cloudy","2","0"
"51","510173","2015","4","3","6","Rural","Front-to-Front","Daylight","Cloudy","2","0"
"51","510042","2015","2","6","19","Rural","Front-to-Front","Dark - Not Lighted","Cloudy","1","0"
"51","510442","2015","8","3","4","Rural","Front-to-Front","Dark - Not Lighted","Cloudy","1","1"
"51","510565","2015","11","4","11","Rural","Front-to-Front","Daylight","Cloudy","1","0"
"51","510513","2015","10","5","3","Rural","Front-to-Front","Dark - Not Lighted","Cloudy","2","0"
"51","510104","2015","3","7","21","Rural","Front-to-Front","Dark - Not Lighted","Cloudy","1","1"
"51","510604","2015","11","4","1","Rural","Front-to-Front","Dark - Not Lighted","Cloudy","1","0"
"51","510422","2015","9","4","16","Rural","Front-to-Front","Daylight","Cloudy","1","0"
"19","190216","2015","8","4","20","Rural","Front-to-Front","Dark - Not Lighted","Cloudy","1","0"
"19","190155","2015","8","1","15","Rural","Front-to-Front","Daylight","Cloudy","1","0"
"19","190230","2015","10","1","10","Rural","Front-to-Front","Daylight","Cloudy","1","0"
"19","190270","2015","12","3","11","Rural","Front-to-Front","Daylight","Cloudy","1","0"
"39","390005","2015","1","1","19","Rural","Front-to-Front","Dark - Not Lighted","Cloudy","1","1"
"49","490069","2015","5","5","5","Rural","Front-to-Front","Dark - Not Lighted","Cloudy","2","0"
"23","230003","2015","1","4","13","Rural","Front-to-Front","Daylight","Cloudy","2","0"
"48","482597","2015","10","7","0","Rural","Front-to-Front","Dark - Not Lighted","Cloudy","1","0"
"48","481345","2015","6","2","12","Rural","Front-to-Front","Daylight","Cloudy","3","0"
"48","480499","2015","2","5","17","Rural","Front-to-Front","Daylight","Cloudy","5","0"
"48","482336","2015","10","5","16","Rural","Front-to-Front","Daylight","Cloudy","2","0"
"48","482616","2015","11","1","5","Rural","Front-to-Front","Dark - Not Lighted","Cloudy","1","1"
"48","481131","2015","5","2","17","Rural","Front-to-Front","Daylight","Cloudy","1","0"
"48","482750","2015","11","4","19","Rural","Front-to-Front","Dark - Not Lighted","Cloudy","1","0"
"41","410081","2015","4","2","0","Rural","Front-to-Front","Dark - Lighted","Cloudy","1","1"
"1","10119","2015","3","1","20","Rural","Front-to-Front","Dark - Not Lighted","Cloudy","1","0"
"4","40029","2015","1","5","8","Rural","Front-to-Front","Daylight","Cloudy","2","0"
"12","121831","2015","9","3","21","Rural","Front-to-Front","Dark - Not Lighted","Cloudy","4","1"
"12","122149","2015","11","5","7","Rural","Front-to-Front","Daylight","Cloudy","1","0"
"12","121725","2015","9","4","6","Rural","Front-to-Front","Dark - Lighted","Cloudy","2","0"
"12","122493","2015","12","4","21","Rural","Front-to-Front","Dark - Not Lighted","Cloudy","1","0"
"12","120663","2015","4","2","10","Rural","Front-to-Front","Daylight","Cloudy","1","0"
"13","130529","2015","6","2","20","Rural","Front-to-Front","Dark - Not Lighted","Cloudy","1","1"
"13","130105","2015","2","2","0","Rural","Front-to-Front","Dark - Not Lighted","Cloudy","2","1"
"18","180313","2015","6","3","7","Rural","Front-to-Front","Daylight","Cloudy","1","0"
"18","180527","2015","9","7","13","Rural","Front-to-Front","Daylight","Cloudy","1","1"
"30","300199","2015","12","4","18","Rural","Front-to-Front","Dark - Lighted","Cloudy","1","0"
"56","560089","2015","8","2","16","Rural","Front-to-Front","Daylight","Cloudy","2","0"
"5","50382","2015","10","7","9","Rural","Front-to-Front","Daylight","Cloudy","1","0"
"5","50274","2015","8","4","2","Rural","Front-to-Front","Dark - Not Lighted","Cloudy","1","0"
"21","210550","2015","10","7","7","Rural","Front-to-Front","Daylight","Cloudy","1","0"
"26","260628","2015","9","6","5","Rural","Front-to-Front","Dark - Not Lighted","Cloudy","1","0"
"29","290662","2015","11","5","7","Rural","Front-to-Front","Daylight","Cloudy","3","0"
"31","310111","2015","7","4","13","Rural","Front-to-Front","Daylight","Cloudy","1","0"
"31","310002","2015","1","2","12","Rural","Front-to-Front","Daylight","Cloudy","1","0"
"31","310092","2015","6","6","13","Rural","Front-to-Front","Daylight","Cloudy","2","0"
"36","360539","2015","8","1","0","Rural","Front-to-Front","Dark - Not Lighted","Cloudy","2","1"
"36","360661","2015","9","1","14","Rural","Front-to-Front","Daylight","Cloudy","1","0"
"36","360302","2015","3","2","7","Rural","Front-to-Front","Dawn","Cloudy","1","0"
"36","360934","2015","12","5","9","Rural","Front-to-Front","Daylight","Cloudy","1","0"
"40","400224","2015","5","7","1","Rural","Front-to-Front","Dark - Not Lighted","Cloudy","1","1"
"27","270002","2015","1","6","6","Rural","Front-to-Front","Dawn","Cloudy","1","0"
"27","270121","2015","5","4","15","Rural","Front-to-Front","Daylight","Cloudy","1","0"
"47","470087","2015","2","1","11","Rural","Front-to-Front","Daylight","Cloudy","2","0"
"55","550442","2015","10","1","18","Rural","Front-to-Front","Dusk","Cloudy","1","0"
"28","280196","2015","5","2","12","Rural","Front-to-Front","Daylight","Cloudy","1","0"
"38","380053","2015","7","6","3","Rural","Front-to-Front","Dark - Not Lighted","Cloudy","1","1"
"46","460104","2015","11","5","1","Rural","Front-to-Front","Dark - Not Lighted","Cloudy","1","1"
"37","370804","2015","8","4","4","Rural","Front-to-Front","Dark - Not Lighted","Cloudy","1","1"
"37","370642","2015","7","3","21","Rural","Front-to-Front","Dark - Not Lighted","Cloudy","1","1"
"37","371181","2015","12","3","18","Rural","Front-to-Front","Dusk","Cloudy","1","0"
"45","450279","2015","5","1","9","Rural","Front-to-Front","Daylight","Cloudy","1","0"
"39","390490","2015","7","3","15","Rural","Front-to-Front","Daylight","Cloudy","1","1"
"49","490072","2015","5","3","14","Rural","Front-to-Front","Daylight","Cloudy","1","0"
"23","230061","2015","7","2","13","Rural","Front-to-Front","Daylight","Cloudy","1","0"
"48","480193","2015","1","6","16","Rural","Front-to-Front","Daylight","Cloudy","2","0"
"48","482496","2015","10","2","12","Rural","Front-to-Front","Daylight","Cloudy","3","0"
"48","481505","2015","7","1","15","Rural","Front-to-Front","Daylight","Cloudy","1","0"
"48","480566","2015","3","6","11","Rural","Front-to-Front","Daylight","Cloudy","4","0"
"48","481572","2015","7","7","13","Rural","Front-to-Front","Daylight","Cloudy","1","0"
"48","483129","2015","12","5","11","Rural","Front-to-Front","Daylight","Cloudy","1","0"
"15","150055","2015","8","7","4","Rural","Front-to-Front","Dark - Not Lighted","Cloudy","1","1"
"32","320110","2015","7","1","10","Rural","Front-to-Front","Daylight","Cloudy","1","0"
"41","410351","2015","12","5","16","Rural","Front-to-Front","Dusk","Cloudy","1","0"
"41","410073","2015","3","7","10","Rural","Front-to-Front","Daylight","Cloudy","1","0"
"41","410123","2015","5","5","16","Rural","Front-to-Front","Daylight","Cloudy","1","0"
"4","40310","2015","5","1","15","Rural","Front-to-Front","Daylight","Cloudy","2","0"
"12","121938","2015","10","6","10","Rural","Front-to-Front","Daylight","Cloudy","1","1"
"12","122164","2015","10","1","0","Rural","Front-to-Front","Dark - Not Lighted","Cloudy","1","1"
"12","122033","2015","10","6","4","Rural","Front-to-Front","Dawn","Cloudy","1","1"
"13","130511","2015","5","5","16","Rural","Front-to-Front","Daylight","Cloudy","1","1"
"13","131297","2015","12","3","8","Rural","Front-to-Front","Daylight","Cloudy","1","0"
"18","180557","2015","9","1","15","Rural","Front-to-Front","Daylight","Cloudy","1","0"
"18","180785","2015","12","3","18","Rural","Front-to-Front","Dark - Not Lighted","Cloudy","1","0"
"30","300001","2015","2","3","6","Rural","Front-to-Front","Dark - Not Lighted","Cloudy","1","0"
"30","300066","2015","7","2","15","Rural","Front-to-Front","Daylight","Cloudy","2","0"
"21","210014","2015","1","6","16","Rural","Front-to-Front","Daylight","Cloudy","1","0"
"21","210041","2015","1","2","9","Rural","Front-to-Front","Daylight","Cloudy","1","0"
"36","360078","2015","1","6","15","Rural","Front-to-Front","Daylight","Cloudy","1","0"
"36","360077","2015","2","5","14","Rural","Front-to-Front","Daylight","Cloudy","1","0"
"27","270201","2015","7","7","22","Rural","Front-to-Front","Dark - Not Lighted","Cloudy","2","1"
"55","550234","2015","7","7","3","Rural","Front-to-Front","Dark - Not Lighted","Cloudy","1","0"
"53","530176","2015","3","3","4","Rural","Front-to-Front","Dark - Not Lighted","Cloudy","1","1"
"38","380086","2015","9","7","20","Rural","Front-to-Front","Dark - Not Lighted","Cloudy","1","2"
"46","460067","2015","8","7","12","Rural","Front-to-Front","Daylight","Cloudy","1","0"
"33","330009","2015","2","5","20","Rural","Front-to-Front","Dark - Not Lighted","Cloudy","3","0"
"37","370448","2015","5","2","10","Rural","Front-to-Front","Daylight","Cloudy","1","0"
"37","371073","2015","10","7","19","Rural","Front-to-Front","Dark - Not Lighted","Cloudy","1","0"
"37","370350","2015","5","5","11","Rural","Front-to-Front","Daylight","Cloudy","1","0"
"36","360965","2015","12","5","14","Rural","Front-to-Front","Daylight","Cloudy","1","0"
"48","480071","2015","1","5","18","Rural","Front-to-Front","Dark - Not Lighted","Cloudy","2","0"
"48","480188","2015","1","4","13","Rural","Front-to-Front","Daylight","Cloudy","2","0"
"51","510690","2015","12","4","18","Rural","Angle","Dark - Not Lighted","Cloudy","1","0"
"51","510299","2015","6","3","12","Rural","Angle","Daylight","Cloudy","2","0"
"49","490216","2015","11","3","18","Rural","Angle","Dark - Not Lighted","Cloudy","1","0"
"48","480333","2015","2","3","9","Rural","Angle","Daylight","Cloudy","1","0"
"48","483194","2015","12","7","22","Rural","Angle","Dark - Not Lighted","Cloudy","1","1"
"48","480353","2015","2","7","18","Rural","Angle","Dark - Not Lighted","Cloudy","1","0"
"48","480543","2015","3","2","14","Rural","Angle","Daylight","Cloudy","2","1"
"1","10672","2015","12","1","6","Rural","Angle","Dawn","Cloudy","1","0"
"1","10701","2015","12","4","7","Rural","Angle","Daylight","Cloudy","3","0"
"4","40729","2015","11","1","22","Rural","Angle","Dark - Not Lighted","Cloudy","1","0"
"12","120550","2015","4","7","18","Rural","Angle","Daylight","Cloudy","2","1"
"26","260057","2015","2","3","15","Rural","Angle","Daylight","Cloudy","1","0"
"40","400482","2015","11","4","16","Rural","Angle","Daylight","Cloudy","1","0"
"40","400016","2015","1","1","12","Rural","Angle","Daylight","Cloudy","1","0"
"22","220127","2015","3","4","16","Rural","Angle","Daylight","Cloudy","1","1"
"27","270026","2015","2","4","8","Rural","Angle","Daylight","Cloudy","1","0"
"38","380012","2015","2","2","20","Rural","Angle","Dark - Not Lighted","Cloudy","3","0"
"46","460108","2015","12","3","6","Rural","Angle","Dark - Not Lighted","Cloudy","1","0"
"45","450153","2015","3","5","14","Rural","Angle","Daylight","Cloudy","1","0"
"48","480226","2015","2","1","23","Rural","Angle","Dark - Not Lighted","Cloudy","1","1"
"48","480427","2015","3","1","11","Rural","Angle","Daylight","Cloudy","2","0"
"41","410399","2015","12","5","9","Rural","Angle","Daylight","Cloudy","1","0"
"41","410058","2015","3","5","10","Rural","Angle","Daylight","Cloudy","1","0"
"13","131296","2015","12","3","19","Rural","Angle","Dark - Not Lighted","Cloudy","1","0"
"30","300151","2015","10","5","17","Rural","Angle","Daylight","Cloudy","1","0"
"26","260035","2015","2","4","7","Rural","Angle","Dawn","Cloudy","1","0"
"36","360061","2015","2","3","18","Rural","Angle","Dark - Not Lighted","Cloudy","1","0"
"36","360137","2015","3","3","21","Rural","Angle","Dark - Not Lighted","Cloudy","1","1"
"26","260709","2015","10","6","15","Rural","Angle","Daylight","Cloudy","1","0"
"28","280540","2015","10","7","12","Rural","Sideswipe - Same Direction","Daylight","Cloudy","1","0"
"36","360309","2015","5","1","10","Rural","Sideswipe - Same Direction","Daylight","Cloudy","1","0"
"39","390047","2015","1","6","2","Rural","Sideswipe - Opposite Direction","Dark - Not Lighted","Cloudy","1","0"
"29","290325","2015","6","7","8","Rural","Sideswipe - Opposite Direction","Daylight","Cloudy","1","0"
"48","482552","2015","10","2","10","Rural","Sideswipe - Opposite Direction","Daylight","Cloudy","1","0"
"47","470206","2015","4","3","7","Rural","Sideswipe - Opposite Direction","Daylight","Cloudy","1","0"
"55","550313","2015","8","4","11","Rural","Sideswipe - Opposite Direction","Daylight","Cloudy","2","0"
"27","270120","2015","5","4","10","Rural","Other (End-Swipes and Others)","Daylight","Cloudy","1","0"
"48","481019","2015","5","6","18","Rural","Non documente","Daylight","Cloudy","1","0"
"37","370796","2015","8","1","8","Rural","Angle","Daylight","Cloudy","1","0"
"26","260566","2015","8","6","6","Rural","Front-to-Rear","Dark - Not Lighted","Cloudy","1","0"
"51","510065","2015","2","3","0","Rural","Front-to-Front","Dark - Lighted","Cloudy","1","1"
"48","480144","2015","1","5","22","Rural","Front-to-Rear","Dark - Not Lighted","Cloudy","1","0"
"51","510602","2015","10","7","15","Rural","Front-to-Rear","Daylight","Cloudy","1","0"
"51","510260","2015","5","5","19","Rural","Front-to-Rear","Daylight","Cloudy","2","0"
"48","480194","2015","1","6","13","Rural","Front-to-Rear","Daylight","Cloudy","1","0"
"18","180042","2015","1","6","13","Rural","Front-to-Rear","Daylight","Cloudy","1","1"
"13","130586","2015","6","6","9","Rural","Front-to-Rear","Daylight","Cloudy","1","0"
"36","360851","2015","11","3","16","Rural","Front-to-Front","Daylight","Cloudy","1","1"
"51","510682","2015","12","7","12","Rural","Angle","Daylight","Cloudy","1","0"
"12","121859","2015","9","4","8","Rural","Angle","Daylight","Cloudy","1","0"
"13","130370","2015","4","4","15","Rural","Angle","Daylight","Cloudy","1","0"
"29","290797","2015","11","2","17","Rural","Angle","Dark - Not Lighted","Cloudy","1","0"
"4","40148","2015","3","5","5","Rural","Rear-to-Side","Dark - Not Lighted","Cloudy","1","1"
"1","10760","2015","11","7","11","Rural","Front-to-Rear","Daylight","Cloudy","2","0"
"21","210553","2015","10","5","21","Rural","Front-to-Front","Dark - Lighted","Cloudy","1","0"
"51","510517","2015","10","6","6","Rural","Angle","Dark - Not Lighted","Cloudy","1","0"
"39","390750","2015","9","4","22","Rural","Angle","Dark - Lighted","Cloudy","1","0"
"12","121139","2015","6","5","14","Rural","Angle","Daylight","Cloudy","1","0"
"5","50497","2015","9","1","7","Rural","Angle","Daylight","Cloudy","1","0"
"29","290268","2015","5","3","7","Rural","Angle","Daylight","Cloudy","1","0"
"29","290254","2015","5","5","10","Rural","Angle","Daylight","Cloudy","1","0"
"49","490089","2015","6","5","15","Rural","Angle","Daylight","Cloudy","1","0"
"48","483146","2015","11","4","13","Rural","Angle","Daylight","Cloudy","1","0"
"18","180483","2015","8","5","21","Rural","Angle","Dark - Not Lighted","Cloudy","1","0"
"37","370533","2015","6","6","9","Rural","Angle","Daylight","Cloudy","2","0"
"12","120117","2015","1","6","17","Urban","Not Collision with Motor Vehicle in Transport (Not Necessarily in Transport for 2005-2009)","Dark - Lighted","Cloudy","1","1"
"55","550189","2015","6","4","23","Urban","Not Collision with Motor Vehicle in Transport (Not Necessarily in Transport for 2005-2009)","Dark - Lighted","Cloudy","1","0"
"48","481380","2015","6","6","21","Urban","Not Collision with Motor Vehicle in Transport (Not Necessarily in Transport for 2005-2009)","Dark - Lighted","Cloudy","1","0"
"47","470856","2015","9","4","5","Urban","Front-to-Rear","Dark - Not Lighted","Cloudy","1","0"
"48","480328","2015","2","1","1","Urban","Front-to-Rear","Dark - Lighted","Cloudy","1","1"
"51","510373","2015","7","1","3","Urban","Front-to-Front","Dark - Lighted","Cloudy","1","1"
"51","510178","2015","5","6","21","Urban","Front-to-Front","Dark - Lighted","Cloudy","1","0"
"39","390174","2015","3","5","11","Urban","Front-to-Front","Daylight","Cloudy","1","0"
"12","121944","2015","10","3","10","Urban","Front-to-Front","Daylight","Cloudy","1","0"
"12","120962","2015","5","4","22","Urban","Front-to-Front","Dark - Lighted","Cloudy","1","2"
"12","120687","2015","4","5","20","Urban","Front-to-Front","Dark - Lighted","Cloudy","1","0"
"13","130439","2015","5","3","5","Urban","Front-to-Front","Dark - Not Lighted","Cloudy","1","0"
"21","210309","2015","7","1","23","Urban","Front-to-Front","Dark - Lighted","Cloudy","1","1"
"26","260414","2015","7","6","21","Urban","Front-to-Front","Dusk","Cloudy","1","1"
"12","121685","2015","9","1","16","Urban","Front-to-Front","Daylight","Cloudy","1","0"
"12","120642","2015","4","5","14","Urban","Front-to-Front","Daylight","Cloudy","1","0"
"13","130737","2015","7","4","11","Urban","Front-to-Front","Daylight","Cloudy","1","0"
"47","470071","2015","2","6","12","Urban","Front-to-Front","Daylight","Cloudy","1","0"
"13","130968","2015","10","5","19","Urban","Front-to-Front","Daylight","Cloudy","1","0"
"41","410250","2015","4","4","14","Urban","Front-to-Front","Daylight","Cloudy","1","0"
"13","130618","2015","6","4","21","Urban","Front-to-Front","Dark - Lighted","Cloudy","1","2"
"51","510343","2015","7","3","23","Urban","Angle","Dark - Not Lighted","Cloudy","1","1"
"51","510246","2015","5","7","11","Urban","Angle","Daylight","Cloudy","1","0"
"51","510160","2015","4","2","18","Urban","Angle","Daylight","Cloudy","2","2"
"51","510378","2015","7","4","15","Urban","Angle","Daylight","Cloudy","1","0"
"51","510124","2015","1","7","2","Urban","Angle","Dark - Lighted","Cloudy","3","2"
"51","510182","2015","5","3","15","Urban","Angle","Daylight","Cloudy","1","0"
"51","510627","2015","12","3","8","Urban","Angle","Daylight","Cloudy","1","0"
"51","510587","2015","11","6","22","Urban","Angle","Dark - Lighted","Cloudy","1","0"
"12","120540","2015","3","6","12","Urban","Angle","Daylight","Cloudy","1","0"
"51","510315","2015","5","2","14","Urban","Angle","Daylight","Cloudy","1","0"
"51","510600","2015","9","6","4","Urban","Angle","Dark - Lighted","Cloudy","1","1"
"51","510280","2015","6","1","8","Urban","Angle","Daylight","Cloudy","1","0"
"51","510301","2015","7","5","20","Urban","Angle","Dark - Not Lighted","Cloudy","1","1"
"48","480483","2015","3","1","11","Urban","Angle","Daylight","Cloudy","1","0"
"48","480436","2015","3","3","15","Urban","Angle","Daylight","Cloudy","2","0"
"48","481390","2015","6","7","21","Urban","Angle","Dark - Not Lighted","Cloudy","1","0"
"1","10501","2015","9","7","1","Urban","Angle","Dark - Lighted","Cloudy","1","1"
"1","10163","2015","4","7","5","Urban","Angle","Dark - Lighted","Cloudy","1","0"
"1","10179","2015","4","7","10","Urban","Angle","Daylight","Cloudy","1","0"
"4","40773","2015","12","2","17","Urban","Angle","Dusk","Cloudy","1","0"
"12","121430","2015","7","5","16","Urban","Angle","Daylight","Cloudy","1","0"
"12","120102","2015","1","4","18","Urban","Angle","Dusk","Cloudy","1","0"
"12","122241","2015","11","5","15","Urban","Angle","Daylight","Cloudy","1","0"
"12","121761","2015","9","4","17","Urban","Angle","Daylight","Cloudy","1","0"
"12","121879","2015","10","7","20","Urban","Angle","Dark - Lighted","Cloudy","1","0"
"12","121473","2015","8","1","20","Urban","Angle","Dark - Lighted","Cloudy","1","1"
"12","120463","2015","3","6","16","Urban","Angle","Daylight","Cloudy","1","0"
"12","122630","2015","12","5","19","Urban","Angle","Dark - Not Lighted","Cloudy","1","0"
"12","120262","2015","2","6","15","Urban","Angle","Daylight","Cloudy","1","0"
"12","120939","2015","5","3","12","Urban","Angle","Daylight","Cloudy","2","0"
"12","121564","2015","8","1","20","Urban","Angle","Dark - Lighted","Cloudy","1","1"
"12","122023","2015","10","6","20","Urban","Angle","Dark - Lighted","Cloudy","1","0"
"12","120101","2015","1","4","13","Urban","Angle","Daylight","Cloudy","1","0"
"12","122206","2015","11","6","1","Urban","Angle","Dark - Lighted","Cloudy","1","0"
"13","130198","2015","3","2","23","Urban","Angle","Dark - Lighted","Cloudy","1","1"
"13","130152","2015","2","2","17","Urban","Angle","Daylight","Cloudy","1","0"
"30","300103","2015","6","4","17","Urban","Angle","Daylight","Cloudy","1","0"
"21","210112","2015","3","2","15","Urban","Angle","Daylight","Cloudy","1","0"
"21","210674","2015","12","3","18","Urban","Angle","Dark - Lighted","Cloudy","1","0"
"29","290804","2015","11","1","17","Urban","Angle","Daylight","Cloudy","1","0"
"29","290477","2015","7","5","11","Urban","Angle","Daylight","Cloudy","2","0"
"31","310091","2015","6","2","18","Urban","Angle","Daylight","Cloudy","1","0"
"40","400109","2015","1","1","0","Urban","Angle","Dark - Not Lighted","Cloudy","1","1"
"22","220549","2015","11","7","8","Urban","Angle","Daylight","Cloudy","1","1"
"22","220021","2015","1","3","13","Urban","Angle","Daylight","Cloudy","1","0"
"47","470195","2015","4","5","9","Urban","Angle","Daylight","Cloudy","1","0"
"47","470514","2015","8","7","10","Urban","Angle","Daylight","Cloudy","1","0"
"47","470822","2015","12","6","23","Urban","Angle","Dark - Lighted","Cloudy","1","0"
"28","280217","2015","5","2","15","Urban","Angle","Daylight","Cloudy","1","0"
"37","371063","2015","9","3","13","Urban","Angle","Daylight","Cloudy","1","0"
"39","390346","2015","5","7","21","Urban","Angle","Dark - Lighted","Cloudy","1","1"
"39","390794","2015","7","2","13","Urban","Angle","Daylight","Cloudy","1","0"
"39","390952","2015","11","7","12","Urban","Angle","Daylight","Cloudy","1","0"
"49","490143","2015","7","4","19","Urban","Angle","Daylight","Cloudy","1","0"
"48","480431","2015","3","2","12","Urban","Angle","Daylight","Cloudy","1","0"
"48","482992","2015","12","2","5","Urban","Angle","Dark - Not Lighted","Cloudy","1","0"
"15","150001","2015","1","6","13","Urban","Angle","Daylight","Cloudy","1","0"
"32","320142","2015","5","2","14","Urban","Angle","Daylight","Cloudy","1","0"
"32","320020","2015","1","7","4","Urban","Angle","Dark - Lighted","Cloudy","1","0"
"4","40452","2015","7","4","17","Urban","Angle","Daylight","Cloudy","1","0"
"4","40526","2015","8","6","7","Urban","Angle","Daylight","Cloudy","1","0"
"12","120364","2015","3","4","19","Urban","Angle","Dark - Lighted","Cloudy","1","0"
"12","120874","2015","5","5","19","Urban","Angle","Dusk","Cloudy","1","0"
"12","121800","2015","9","6","6","Urban","Angle","Dark - Not Lighted","Cloudy","1","0"
"12","122644","2015","12","4","4","Urban","Angle","Dark - Lighted","Cloudy","1","0"
"12","121270","2015","7","1","15","Urban","Angle","Daylight","Cloudy","1","0"
"12","121243","2015","7","4","7","Urban","Angle","Daylight","Cloudy","1","0"
"12","120671","2015","1","6","3","Urban","Angle","Dark - Lighted","Cloudy","2","0"
"12","122382","2015","9","3","21","Urban","Angle","Dark - Lighted","Cloudy","1","2"
"12","120774","2015","2","7","20","Urban","Angle","Dark - Lighted","Cloudy","1","0"
"12","121502","2015","7","5","11","Urban","Angle","Daylight","Cloudy","1","0"
"12","122777","2015","12","1","8","Urban","Angle","Daylight","Cloudy","1","0"
"12","122384","2015","9","5","16","Urban","Angle","Daylight","Cloudy","1","0"
"12","120955","2015","5","5","15","Urban","Angle","Daylight","Cloudy","1","0"
"12","121826","2015","9","1","1","Urban","Angle","Dark - Lighted","Cloudy","1","1"
"12","121391","2015","2","3","17","Urban","Angle","Daylight","Cloudy","1","0"
"12","121383","2015","7","5","15","Urban","Angle","Daylight","Cloudy","1","0"
"12","121381","2015","7","4","9","Urban","Angle","Daylight","Cloudy","1","0"
"12","121191","2015","6","5","17","Urban","Angle","Daylight","Cloudy","1","0"
"13","130127","2015","2","1","11","Urban","Angle","Daylight","Cloudy","2","0"
"13","130652","2015","7","7","22","Urban","Angle","Dark - Not Lighted","Cloudy","2","0"
"13","130530","2015","6","2","17","Urban","Angle","Daylight","Cloudy","3","0"
"13","130558","2015","6","5","8","Urban","Angle","Daylight","Cloudy","1","0"
"18","180547","2015","9","5","20","Urban","Angle","Dark - Lighted","Cloudy","1","0"
"18","180789","2015","12","1","18","Urban","Angle","Dark - Lighted","Cloudy","1","0"
"17","170925","2015","12","6","8","Urban","Angle","Daylight","Cloudy","1","0"
"24","240219","2015","7","7","19","Urban","Angle","Dusk","Cloudy","1","0"
"24","240313","2015","8","5","15","Urban","Angle","Daylight","Cloudy","1","0"
"26","260718","2015","10","7","1","Urban","Angle","Dark - Lighted","Cloudy","1","0"
"26","260080","2015","3","1","14","Urban","Angle","Daylight","Cloudy","1","0"
"26","260456","2015","5","7","8","Urban","Angle","Daylight","Cloudy","1","0"
"29","290126","2015","3","1","8","Urban","Angle","Daylight","Cloudy","1","0"
"29","290827","2015","11","4","19","Urban","Angle","Dark - Not Lighted","Cloudy","1","0"
"36","360933","2015","12","1","16","Urban","Angle","Dusk","Cloudy","1","0"
"36","360351","2015","4","3","10","Urban","Angle","Daylight","Cloudy","1","0"
"36","360658","2015","9","2","21","Urban","Angle","Dark - Lighted","Cloudy","1","0"
"36","360527","2015","4","4","6","Urban","Angle","Daylight","Cloudy","1","0"
"36","360994","2015","10","1","10","Urban","Angle","Daylight","Cloudy","1","0"
"36","360112","2015","2","3","13","Urban","Angle","Daylight","Cloudy","1","0"
"36","361064","2015","12","7","16","Urban","Angle","Dark - Lighted","Cloudy","1","0"
"40","400491","2015","10","7","13","Urban","Angle","Daylight","Cloudy","1","0"
"40","400380","2015","7","1","10","Urban","Angle","Daylight","Cloudy","1","0"
"22","220051","2015","2","3","20","Urban","Angle","Dark - Not Lighted","Cloudy","1","0"
"27","270284","2015","9","4","5","Urban","Angle","Dawn","Cloudy","1","0"
"47","470084","2015","2","5","9","Urban","Angle","Daylight","Cloudy","2","0"
"55","550220","2015","6","5","7","Urban","Angle","Daylight","Cloudy","1","0"
"34","340325","2015","9","4","4","Urban","Angle","Dark - Lighted","Cloudy","1","0"
"53","530084","2015","3","3","17","Urban","Angle","Daylight","Cloudy","1","0"
"54","540131","2015","7","1","13","Urban","Angle","Daylight","Cloudy","1","0"
"45","450215","2015","4","3","11","Urban","Angle","Daylight","Cloudy","1","0"
"18","180166","2015","4","7","16","Urban","Angle","Daylight","Cloudy","1","0"
"26","260091","2015","1","2","12","Urban","Angle","Daylight","Cloudy","1","0"
"18","180737","2015","12","6","8","Urban","Angle","Daylight","Cloudy","1","0"
"16","160147","2015","9","5","13","Urban","Angle","Daylight","Cloudy","1","0"
"48","481106","2015","5","2","17","Urban","Angle","Daylight","Cloudy","1","0"
"48","481430","2015","6","7","1","Urban","Angle","Dark - Lighted","Cloudy","1","1"
"48","480821","2015","4","7","0","Urban","Angle","Dark - Lighted","Cloudy","1","0"
"4","40341","2015","5","6","8","Urban","Angle","Daylight","Cloudy","1","1"
"4","40273","2015","4","7","15","Urban","Angle","Daylight","Cloudy","1","0"
"4","40644","2015","10","3","11","Urban","Angle","Daylight","Cloudy","1","0"
"4","40407","2015","6","3","15","Urban","Angle","Daylight","Cloudy","1","0"
"26","260274","2015","6","1","17","Urban","Angle","Daylight","Cloudy","2","0"
"26","260059","2015","2","7","14","Urban","Angle","Daylight","Cloudy","1","0"
"26","260324","2015","6","7","21","Urban","Angle","Dark - Lighted","Cloudy","1","0"
"29","290127","2015","3","6","11","Urban","Angle","Daylight","Cloudy","1","0"
"31","310093","2015","6","7","23","Urban","Angle","Dark - Lighted","Cloudy","2","0"
"40","400557","2015","12","4","18","Urban","Angle","Dark - Lighted","Cloudy","1","0"
"55","550514","2015","12","4","9","Urban","Angle","Daylight","Cloudy","2","0"
"55","550021","2015","1","7","11","Urban","Angle","Daylight","Cloudy","1","0"
"37","370510","2015","6","4","9","Urban","Angle","Daylight","Cloudy","1","0"
"37","370982","2015","10","2","17","Urban","Angle","Dusk","Cloudy","1","0"
"48","482518","2015","10","2","13","Urban","Angle","Daylight","Cloudy","1","0"
"48","480660","2015","3","5","21","Urban","Angle","Dark - Lighted","Cloudy","1","0"
"48","481477","2015","7","5","17","Urban","Angle","Daylight","Cloudy","1","0"
"48","480059","2015","1","4","13","Urban","Angle","Daylight","Cloudy","1","0"
"48","480606","2015","3","2","6","Urban","Angle","Dark - Not Lighted","Cloudy","1","0"
"48","482794","2015","11","6","12","Urban","Angle","Daylight","Cloudy","1","0"
"25","250322","2015","4","7","21","Urban","Angle","Dark - Lighted","Cloudy","1","0"
"36","360322","2015","4","2","13","Urban","Sideswipe - Same Direction","Daylight","Cloudy","1","0"
"26","260454","2015","8","7","13","Urban","Other (End-Swipes and Others)","Daylight","Cloudy","1","0"
"12","122577","2015","12","1","10","Urban","Not Collision with Motor Vehicle in Transport (Not Necessarily in Transport for 2005-2009)","Daylight","Cloudy","1","0"
"12","122347","2015","12","2","6","Urban","Not Collision with Motor Vehicle in Transport (Not Necessarily in Transport for 2005-2009)","Dark - Not Lighted","Cloudy","1","0"
"21","210078","2015","2","1","0","Urban","Not Collision with Motor Vehicle in Transport (Not Necessarily in Transport for 2005-2009)","Dark - Not Lighted","Cloudy","1","1"
"12","120059","2015","1","5","8","Urban","Not Collision with Motor Vehicle in Transport (Not Necessarily in Transport for 2005-2009)","Daylight","Cloudy","1","0"
"24","240400","2015","11","7","11","Urban","Not Collision with Motor Vehicle in Transport (Not Necessarily in Transport for 2005-2009)","Daylight","Cloudy","1","0"
"39","390946","2015","11","4","18","Urban","Not Collision with Motor Vehicle in Transport (Not Necessarily in Transport for 2005-2009)","Dark - Lighted","Cloudy","1","1"