"state_number","consecutive_number","year_of_crash","month_of_crash","day_of_week","hour_of_crash","land_use_name","manner_of_collision_name","light_condition_name","atmospheric_conditions_name","number_of_fatalities","number_of_drunk_drivers"
"18","180315","2015","6","5","21","Urban","Angle","Dark - Not Lighted","Clear","1","0"
"18","180119","2015","3","7","17","Urban","Angle","Daylight","Clear","1","0"
"18","180299","2015","6","2","8","Urban","Angle","Daylight","Clear","1","0"
"18","180216","2015","5","5","18","Urban","Angle","Daylight","Clear","1","0"
"12","121032","2015","5","4","19","Urban","Angle","Daylight","Clear","1","0"
"12","121576","2015","8","2","13","Urban","Angle","Daylight","Clear","1","1"
"12","121785","2015","7","7","13","Urban","Angle","Daylight","Clear","1","0"
"12","120784","2015","3","3","9","Urban","Angle","Daylight","Clear","1","0"
"12","120690","2015","4","2","22","Urban","Angle","Dark - Lighted","Clear","1","0"
"12","121421","2015","7","5","12","Urban","Angle","Daylight","Clear","1","0"
"12","120199","2015","2","1","15","Urban","Angle","Daylight","Clear","1","1"
"12","122183","2015","11","4","17","Urban","Angle","Daylight","Clear","1","0"
"36","360289","2015","5","3","7","Urban","Angle","Daylight","Clear","1","0"
"36","360089","2015","1","1","21","Urban","Angle","Dark - Lighted","Clear","1","1"
"47","470713","2015","8","2","6","Urban","Angle","Daylight","Clear","1","0"
"28","280273","2015","7","4","0","Urban","Angle","Dark - Not Lighted","Clear","1","1"
"37","370849","2015","9","2","20","Urban","Angle","Dusk","Clear","1","0"
"37","370382","2015","5","4","13","Urban","Angle","Daylight","Clear","1","0"
"37","370698","2015","7","7","20","Urban","Angle","Dark - Lighted","Clear","1","0"
"37","370250","2015","4","4","22","Urban","Angle","Dark - Not Lighted","Clear","1","1"
"37","370301","2015","3","5","13","Urban","Angle","Daylight","Clear","1","0"
"13","131246","2015","12","7","12","Urban","Not Collision with Motor Vehicle in Transport (Not Necessarily in Transport for 2005-2009)","Daylight","Clear","1","0"
"12","122746","2015","11","4","15","Urban","Not Collision with Motor Vehicle in Transport (Not Necessarily in Transport for 2005-2009)","Daylight","Clear","1","0"
"37","370412","2015","5","7","8","Urban","Not Collision with Motor Vehicle in Transport (Not Necessarily in Transport for 2005-2009)","Daylight","Clear","1","1"
"12","122378","2015","12","7","19","Urban","Front-to-Rear","Dark - Lighted","Clear","1","1"
"12","120362","2015","1","3","12","Urban","Front-to-Rear","Daylight","Clear","1","0"
"37","370210","2015","3","7","20","Urban","Front-to-Rear","Dark - Lighted","Clear","1","1"
"37","370525","2015","6","5","16","Urban","Front-to-Rear","Daylight","Clear","1","0"
"18","180202","2015","5","6","9","Urban","Front-to-Front","Daylight","Clear","1","0"
"12","120131","2015","1","1","3","Urban","Front-to-Front","Dark - Not Lighted","Clear","1","0"
"37","370552","2015","5","6","15","Urban","Front-to-Front","Daylight","Clear","1","1"
"21","210591","2015","11","7","13","Urban","Angle","Daylight","Clear","1","0"
"39","390485","2015","5","3","23","Urban","Angle","Dark - Lighted","Clear","1","1"
"37","370313","2015","4","7","1","Urban","Angle","Dark - Lighted","Clear","1","1"
"1","10562","2015","10","1","14","Urban","Sideswipe - Same Direction","Daylight","Clear","1","0"
"12","121009","2015","5","5","16","Urban","Sideswipe - Same Direction","Daylight","Clear","1","0"
"21","210507","2015","10","6","8","Urban","Sideswipe - Opposite Direction","Daylight","Clear","1","0"
"9","90073","2015","8","1","11","Urban","Sideswipe - Opposite Direction","Daylight","Clear","1","0"
"37","370078","2015","1","3","10","Urban","Sideswipe - Opposite Direction","Daylight","Clear","1","0"
"12","120688","2015","5","6","7","Urban","Front-to-Rear","Daylight","Clear","1","0"
"12","122723","2015","12","5","3","Urban","Front-to-Rear","Dark - Lighted","Clear","1","0"
"45","450845","2015","10","4","7","Urban","Front-to-Front","Daylight","Clear","1","0"
"36","360765","2015","10","5","19","Urban","Not Collision with Motor Vehicle in Transport (Not Necessarily in Transport for 2005-2009)","Dark - Not Lighted","Clear","1","0"
"48","482913","2015","12","7","10","Urban","Not Collision with Motor Vehicle in Transport (Not Necessarily in Transport for 2005-2009)","Daylight","Clear","1","0"
"12","122481","2015","12","2","18","Urban","Not Collision with Motor Vehicle in Transport (Not Necessarily in Transport for 2005-2009)","Dusk","Clear","1","0"
"12","122422","2015","11","6","23","Urban","Front-to-Rear","Dark - Lighted","Clear","1","1"
"12","121091","2015","6","5","14","Urban","Front-to-Rear","Daylight","Clear","1","0"
"29","290814","2015","11","5","19","Urban","Not Collision with Motor Vehicle in Transport (Not Necessarily in Transport for 2005-2009)","Dark - Lighted","Clear","1","0"
"11","110002","2015","2","2","16","Urban","Sideswipe - Same Direction","Daylight","Clear","1","0"
"42","420437","2015","6","3","9","Urban","Front-to-Rear","Daylight","Clear","1","0"
"47","470103","2015","2","2","21","Urban","Not Collision with Motor Vehicle in Transport (Not Necessarily in Transport for 2005-2009)","Dark - Not Lighted","Clear","2","0"
"32","320134","2015","9","1","4","Rural","Not Collision with Motor Vehicle in Transport (Not Necessarily in Transport for 2005-2009)","Dark - Lighted","Clear","1","0"
"4","40240","2015","4","3","21","Rural","Not Collision with Motor Vehicle in Transport (Not Necessarily in Transport for 2005-2009)","Dark - Not Lighted","Clear","2","0"
"12","121768","2015","9","6","1","Rural","Not Collision with Motor Vehicle in Transport (Not Necessarily in Transport for 2005-2009)","Dark - Not Lighted","Clear","1","0"
"36","360778","2015","10","1","10","Rural","Not Collision with Motor Vehicle in Transport (Not Necessarily in Transport for 2005-2009)","Daylight","Clear","1","0"
"22","220565","2015","11","3","21","Rural","Not Collision with Motor Vehicle in Transport (Not Necessarily in Transport for 2005-2009)","Dark - Not Lighted","Clear","1","0"
"47","470615","2015","9","3","13","Rural","Not Collision with Motor Vehicle in Transport (Not Necessarily in Transport for 2005-2009)","Daylight","Clear","1","0"
"45","450674","2015","10","6","13","Rural","Not Collision with Motor Vehicle in Transport (Not Necessarily in Transport for 2005-2009)","Daylight","Clear","1","0"
"19","190107","2015","6","5","11","Rural","Front-to-Rear","Daylight","Clear","1","0"
"39","390531","2015","7","5","15","Rural","Front-to-Rear","Daylight","Clear","1","0"
"48","481779","2015","7","4","14","Rural","Front-to-Rear","Daylight","Clear","1","0"
"48","481267","2015","6","1","21","Rural","Front-to-Rear","Dark - Not Lighted","Clear","1","0"
"48","482563","2015","10","3","1","Rural","Front-to-Rear","Dark - Not Lighted","Clear","1","0"
"48","481043","2015","5","3","12","Rural","Front-to-Rear","Daylight","Clear","1","0"
"48","480859","2015","4","7","13","Rural","Front-to-Rear","Daylight","Clear","2","0"
"48","482872","2015","12","3","14","Rural","Front-to-Rear","Daylight","Clear","1","0"
"1","10650","2015","12","7","1","Rural","Front-to-Rear","Dark - Not Lighted","Clear","1","1"
"4","40046","2015","1","7","17","Rural","Front-to-Rear","Daylight","Clear","1","1"
"5","50327","2015","9","1","2","Rural","Front-to-Rear","Dark - Not Lighted","Clear","1","0"
"5","50456","2015","12","5","11","Rural","Front-to-Rear","Daylight","Clear","2","0"
"5","50069","2015","2","4","21","Rural","Front-to-Rear","Dark - Not Lighted","Clear","1","0"
"17","170325","2015","6","3","16","Rural","Front-to-Rear","Daylight","Clear","2","0"
"17","170659","2015","10","6","13","Rural","Front-to-Rear","Daylight","Clear","1","0"
"31","310176","2015","7","6","22","Rural","Front-to-Rear","Dark - Not Lighted","Clear","1","1"
"36","360611","2015","9","3","15","Rural","Front-to-Rear","Daylight","Clear","1","0"
"47","470068","2015","2","6","6","Rural","Front-to-Rear","Dark - Not Lighted","Clear","2","0"
"47","470285","2015","5","4","22","Rural","Front-to-Rear","Dark - Not Lighted","Clear","1","0"
"47","470177","2015","3","1","18","Rural","Front-to-Rear","Daylight","Clear","1","1"
"47","470632","2015","8","5","13","Rural","Front-to-Rear","Daylight","Clear","1","0"
"28","280458","2015","10","2","14","Rural","Front-to-Rear","Daylight","Clear","1","0"
"38","380078","2015","8","5","21","Rural","Front-to-Rear","Dark - Not Lighted","Clear","1","0"
"42","420180","2015","3","3","4","Rural","Front-to-Rear","Dark - Not Lighted","Clear","1","0"
"46","460058","2015","8","1","11","Rural","Front-to-Rear","Daylight","Clear","1","0"
"45","450619","2015","9","5","6","Rural","Front-to-Rear","Daylight","Clear","1","0"
"45","450747","2015","10","6","14","Rural","Front-to-Rear","Daylight","Clear","1","0"
"2","20027","2015","7","6","19","Rural","Front-to-Rear","Daylight","Clear","1","1"
"48","481298","2015","6","5","8","Rural","Front-to-Front","Daylight","Clear","1","0"
"48","482440","2015","10","7","2","Rural","Front-to-Front","Dark - Not Lighted","Clear","2","1"
"48","481820","2015","8","6","1","Rural","Front-to-Front","Dark - Not Lighted","Clear","4","0"
"5","50422","2015","11","5","14","Rural","Front-to-Front","Daylight","Clear","1","1"
"5","50340","2015","9","1","2","Rural","Front-to-Front","Dark - Not Lighted","Clear","3","3"
"47","470826","2015","12","1","5","Rural","Front-to-Front","Dark - Not Lighted","Clear","1","0"
"28","280452","2015","10","4","19","Rural","Front-to-Front","Dark - Not Lighted","Clear","2","0"
"38","380074","2015","8","7","0","Rural","Front-to-Front","Dark - Not Lighted","Clear","1","1"
"46","460074","2015","8","5","16","Rural","Front-to-Front","Daylight","Clear","4","0"
"25","250230","2015","8","7","19","Rural","Front-to-Front","Dusk","Clear","2","0"
"54","540093","2015","5","1","13","Rural","Front-to-Front","Daylight","Clear","1","0"
"37","371110","2015","11","5","19","Rural","Front-to-Front","Dark - Not Lighted","Clear","1","1"
"2","20006","2015","3","5","18","Rural","Front-to-Front","Daylight","Clear","1","0"
"12","120110","2015","1","5","11","Rural","Angle","Daylight","Clear","1","0"
"12","122552","2015","12","3","16","Rural","Angle","Daylight","Clear","3","0"
"42","420441","2015","6","4","10","Rural","Angle","Daylight","Clear","3","0"
"12","122256","2015","11","6","14","Rural","Sideswipe - Same Direction","Daylight","Clear","1","0"
"29","290505","2015","8","6","16","Rural","Sideswipe - Same Direction","Daylight","Clear","1","0"
"45","450507","2015","8","4","9","Rural","Sideswipe - Same Direction","Daylight","Clear","1","0"
"2","20009","2015","4","6","16","Rural","Sideswipe - Same Direction","Daylight","Clear","2","0"
"48","481238","2015","6","2","7","Rural","Rear-to-Side","Daylight","Clear","1","0"
"20","200077","2015","3","2","20","Rural","Front-to-Rear","Dark - Not Lighted","Clear","1","0"
"22","220692","2015","5","7","2","Rural","Front-to-Rear","Dark - Not Lighted","Clear","1","0"
"29","290444","2015","8","3","17","Rural","Front-to-Front","Daylight","Clear","1","0"
"17","170133","2015","4","3","21","Rural","Angle","Dark - Not Lighted","Clear","1","1"
"26","260892","2015","10","1","15","Rural","Sideswipe - Same Direction","Daylight","Clear","1","0"
"48","481001","2015","5","7","22","Urban","Not Collision with Motor Vehicle in Transport (Not Necessarily in Transport for 2005-2009)","Dark - Not Lighted","Clear","1","0"
"48","482329","2015","10","3","23","Urban","Not Collision with Motor Vehicle in Transport (Not Necessarily in Transport for 2005-2009)","Dark - Not Lighted","Clear","1","1"
"48","482219","2015","9","5","7","Urban","Not Collision with Motor Vehicle in Transport (Not Necessarily in Transport for 2005-2009)","Daylight","Clear","1","0"
"1","10308","2015","6","1","4","Urban","Not Collision with Motor Vehicle in Transport (Not Necessarily in Transport for 2005-2009)","Dark - Not Lighted","Clear","2","0"
"12","120821","2015","5","4","14","Urban","Not Collision with Motor Vehicle in Transport (Not Necessarily in Transport for 2005-2009)","Daylight","Clear","1","0"
"13","131256","2015","12","3","0","Urban","Not Collision with Motor Vehicle in Transport (Not Necessarily in Transport for 2005-2009)","Dark - Lighted","Clear","1","1"
"29","290801","2015","12","7","22","Urban","Not Collision with Motor Vehicle in Transport (Not Necessarily in Transport for 2005-2009)","Dark - Lighted","Clear","1","0"
"22","220536","2015","10","6","14","Urban","Not Collision with Motor Vehicle in Transport (Not Necessarily in Transport for 2005-2009)","Daylight","Clear","1","0"
"34","340307","2015","7","6","11","Urban","Not Collision with Motor Vehicle in Transport (Not Necessarily in Transport for 2005-2009)","Daylight","Clear","1","0"
"34","340135","2015","3","2","17","Urban","Not Collision with Motor Vehicle in Transport (Not Necessarily in Transport for 2005-2009)","Daylight","Clear","1","0"
"37","370145","2015","2","3","11","Urban","Not Collision with Motor Vehicle in Transport (Not Necessarily in Transport for 2005-2009)","Daylight","Clear","1","0"
"39","390519","2015","7","6","11","Urban","Front-to-Rear","Daylight","Clear","1","0"
"49","490167","2015","8","1","17","Urban","Front-to-Rear","Daylight","Clear","2","0"
"48","481998","2015","8","3","23","Urban","Front-to-Rear","Dark - Lighted","Clear","1","0"
"48","482089","2015","9","3","15","Urban","Front-to-Rear","Daylight","Clear","1","0"
"48","481841","2015","8","6","19","Urban","Front-to-Rear","Daylight","Clear","1","1"
"48","481726","2015","7","6","8","Urban","Front-to-Rear","Daylight","Clear","1","0"
"48","481772","2015","7","5","0","Urban","Front-to-Rear","Dark - Lighted","Clear","1","0"
"48","480576","2015","3","1","16","Urban","Front-to-Rear","Daylight","Clear","1","0"
"48","481670","2015","7","4","0","Urban","Front-to-Rear","Dark - Not Lighted","Clear","1","1"
"12","121190","2015","6","4","7","Urban","Front-to-Rear","Daylight","Clear","1","0"
"12","122652","2015","12","7","15","Urban","Front-to-Rear","Daylight","Clear","1","0"
"12","122102","2015","10","5","7","Urban","Front-to-Rear","Daylight","Clear","1","0"
"12","122614","2015","12","2","22","Urban","Front-to-Rear","Dark - Lighted","Clear","1","0"
"12","121500","2015","7","1","15","Urban","Front-to-Rear","Daylight","Clear","1","0"
"12","120016","2015","1","7","18","Urban","Front-to-Rear","Dusk","Clear","1","0"
"13","130805","2015","8","6","17","Urban","Front-to-Rear","Daylight","Clear","1","1"
"13","130700","2015","7","2","22","Urban","Front-to-Rear","Dark - Lighted","Clear","1","0"
"13","130571","2015","6","1","15","Urban","Front-to-Rear","Daylight","Clear","1","0"
"18","180738","2015","12","6","8","Urban","Front-to-Rear","Daylight","Clear","1","0"
"5","50226","2015","7","6","13","Urban","Front-to-Rear","Daylight","Clear","1","0"
"8","80134","2015","4","7","6","Urban","Front-to-Rear","Daylight","Clear","1","0"
"17","170354","2015","6","4","0","Urban","Front-to-Rear","Dark - Lighted","Clear","1","0"
"17","170157","2015","4","6","17","Urban","Front-to-Rear","Daylight","Clear","1","1"
"21","210185","2015","5","6","5","Urban","Front-to-Rear","Dawn","Clear","1","0"
"24","240063","2015","3","7","14","Urban","Front-to-Rear","Daylight","Clear","3","0"
"24","240418","2015","12","4","17","Urban","Front-to-Rear","Dark - Not Lighted","Clear","1","0"
"26","260180","2015","4","6","23","Urban","Front-to-Rear","Dark - Not Lighted","Clear","1","1"
"29","290080","2015","2","2","19","Urban","Front-to-Rear","Dark - Not Lighted","Clear","1","0"
"36","360694","2015","9","7","2","Urban","Front-to-Rear","Dark - Not Lighted","Clear","1","1"
"22","220042","2015","1","6","13","Urban","Front-to-Rear","Daylight","Clear","1","1"
"47","470244","2015","3","4","6","Urban","Front-to-Rear","Dark - Unknown Lighting","Clear","2","0"
"47","470820","2015","11","3","8","Urban","Front-to-Rear","Daylight","Clear","1","0"
"34","340428","2015","7","7","1","Urban","Front-to-Rear","Dark - Not Lighted","Clear","3","1"
"35","350266","2015","12","2","15","Urban","Front-to-Rear","Daylight","Clear","2","0"
"9","90048","2015","3","2","15","Urban","Front-to-Rear","Daylight","Clear","1","0"
"28","280199","2015","5","4","7","Urban","Front-to-Rear","Daylight","Clear","2","0"
"28","280459","2015","10","2","16","Urban","Front-to-Rear","Daylight","Clear","1","0"
"42","420341","2015","5","2","12","Urban","Front-to-Rear","Daylight","Clear","1","0"
"42","421104","2015","11","5","13","Urban","Front-to-Rear","Daylight","Clear","1","0"
"42","420048","2015","1","6","21","Urban","Front-to-Rear","Dark - Not Lighted","Clear","3","0"
"25","250038","2015","4","3","21","Urban","Front-to-Rear","Dark - Not Lighted","Clear","1","0"
"37","370916","2015","9","4","17","Urban","Front-to-Rear","Daylight","Clear","1","0"
"45","450894","2015","12","3","16","Urban","Front-to-Rear","Daylight","Clear","1","0"
"45","450588","2015","9","3","5","Urban","Front-to-Rear","Dark - Not Lighted","Clear","1","0"
"39","390061","2015","2","3","20","Urban","Front-to-Front","Dark - Lighted","Clear","1","0"
"49","490159","2015","7","3","23","Urban","Front-to-Front","Dark - Lighted","Clear","1","1"
"48","482694","2015","11","4","4","Urban","Front-to-Front","Dark - Lighted","Clear","1","1"
"15","150039","2015","6","4","1","Urban","Front-to-Front","Dark - Lighted","Clear","1","1"
"12","122564","2015","12","2","3","Urban","Front-to-Front","Dark - Not Lighted","Clear","1","1"
"12","121314","2015","7","7","5","Urban","Front-to-Front","Dark - Lighted","Clear","2","1"
"13","130816","2015","8","2","10","Urban","Front-to-Front","Daylight","Clear","2","0"
"13","131080","2015","10","6","1","Urban","Front-to-Front","Dark - Not Lighted","Clear","1","1"
"18","180780","2015","12","7","15","Urban","Front-to-Front","Daylight","Clear","1","0"
"10","100017","2015","4","5","2","Urban","Front-to-Front","Dark - Not Lighted","Clear","1","1"
"17","170599","2015","9","1","3","Urban","Front-to-Front","Dark - Lighted","Clear","1","1"
"29","290172","2015","3","1","23","Urban","Front-to-Front","Dark - Not Lighted","Clear","1","1"
"47","470273","2015","5","7","2","Urban","Front-to-Front","Dark - Lighted","Clear","2","2"
"47","470496","2015","8","7","14","Urban","Front-to-Front","Daylight","Clear","1","0"
"44","440025","2015","8","7","4","Urban","Front-to-Front","Dark - Lighted","Clear","1","1"
"37","370260","2015","4","6","13","Urban","Front-to-Front","Daylight","Clear","1","0"
"32","320080","2015","6","3","13","Urban","Angle","Daylight","Clear","1","0"
"1","10537","2015","9","5","14","Urban","Angle","Daylight","Clear","1","0"
"12","122202","2015","11","1","4","Urban","Angle","Dark - Not Lighted","Clear","1","1"
"13","130719","2015","7","1","22","Urban","Angle","Dark - Not Lighted","Clear","1","0"
"56","560080","2015","8","2","11","Urban","Angle","Daylight","Clear","1","0"
"17","170394","2015","7","2","16","Urban","Angle","Daylight","Clear","1","0"
"40","400453","2015","10","4","16","Urban","Angle","Daylight","Clear","1","0"
"47","470853","2015","12","4","14","Urban","Angle","Daylight","Clear","1","0"
"53","530310","2015","8","5","15","Urban","Angle","Daylight","Clear","1","0"
"48","480754","2015","4","2","16","Urban","Sideswipe - Same Direction","Daylight","Clear","1","1"
"48","481215","2015","6","6","6","Urban","Sideswipe - Same Direction","Dawn","Clear","1","0"
"32","320251","2015","10","7","23","Urban","Sideswipe - Same Direction","Dark - Lighted","Clear","1","1"
"12","121096","2015","6","1","4","Urban","Sideswipe - Same Direction","Dark - Lighted","Clear","1","0"
"12","120567","2015","3","4","11","Urban","Sideswipe - Same Direction","Daylight","Clear","1","0"
"13","130114","2015","2","6","16","Urban","Sideswipe - Same Direction","Daylight","Clear","1","0"
"8","80327","2015","9","3","5","Urban","Sideswipe - Same Direction","Dawn","Clear","1","0"
"17","170466","2015","8","1","0","Urban","Sideswipe - Same Direction","Dark - Not Lighted","Clear","1","1"
"40","400500","2015","11","6","17","Urban","Sideswipe - Same Direction","Daylight","Clear","1","0"
"22","220390","2015","8","7","21","Urban","Sideswipe - Same Direction","Dark - Not Lighted","Clear","1","0"
"37","370832","2015","9","6","7","Urban","Sideswipe - Same Direction","Daylight","Clear","2","0"
"49","490251","2015","12","4","10","Urban","Rear-to-Side","Daylight","Clear","1","0"
"48","481312","2015","6","7","7","Urban","Rear-to-Side","Daylight","Clear","1","0"
"42","420346","2015","5","7","5","Urban","Non documente","Dawn","Clear","1","0"
"9","90049","2015","4","5","9","Urban","Not Collision with Motor Vehicle in Transport (Not Necessarily in Transport for 2005-2009)","Daylight","Clear","1","0"
"48","483022","2015","12","2","20","Urban","Front-to-Rear","Dark - Not Lighted","Clear","2","0"
"4","40045","2015","1","7","19","Urban","Front-to-Rear","Dark - Lighted","Clear","1","0"
"12","122092","2015","10","6","16","Urban","Front-to-Rear","Daylight","Clear","1","0"
"8","80093","2015","3","3","7","Urban","Front-to-Rear","Daylight","Clear","1","0"
"17","170628","2015","7","5","9","Urban","Front-to-Rear","Daylight","Clear","1","0"
"22","220137","2015","3","4","9","Urban","Front-to-Rear","Daylight","Clear","1","0"
"55","550134","2015","4","5","12","Urban","Front-to-Rear","Daylight","Clear","1","0"
"22","220598","2015","10","5","19","Urban","Front-to-Front","Dark - Not Lighted","Clear","1","1"
"27","270046","2015","3","1","3","Urban","Angle","Dark - Lighted","Clear","1","1"
"48","481902","2015","8","7","9","Urban","Sideswipe - Same Direction","Daylight","Clear","1","0"
"48","481616","2015","6","5","6","Urban","Front-to-Rear","Daylight","Clear","1","0"
"26","260510","2015","8","1","21","Urban","Angle","Non documente","Clear","1","0"
"42","421097","2015","10","1","22","Urban","Sideswipe - Same Direction","Dark - Lighted","Clear","1","0"
"2","20031","2015","7","6","22","Urban","Angle","Dusk","Clear","2","0"
"48","481847","2015","5","4","19","Urban","Non documente","Dusk","Clear","1","1"
"39","390117","2015","3","6","17","Urban","Not Collision with Motor Vehicle in Transport (Not Necessarily in Transport for 2005-2009)","Daylight","Clear","1","1"
"17","170206","2015","4","4","5","Urban","Front-to-Rear","Dark - Not Lighted","Clear","1","1"
"50","500039","2015","10","4","22","Rural","Not Collision with Motor Vehicle in Transport (Not Necessarily in Transport for 2005-2009)","Dark - Not Lighted","Clear","1","0"
"48","482691","2015","11","3","5","Urban","Not Collision with Motor Vehicle in Transport (Not Necessarily in Transport for 2005-2009)","Dark - Lighted","Clear","1","0"
"29","290630","2015","9","1","1","Urban","Not Collision with Motor Vehicle in Transport (Not Necessarily in Transport for 2005-2009)","Dark - Lighted","Clear","1","0"
"53","530135","2015","5","1","2","Urban","Not Collision with Motor Vehicle in Transport (Not Necessarily in Transport for 2005-2009)","Dark - Not Lighted","Clear","1","0"
"45","450372","2015","6","7","23","Urban","Not Collision with Motor Vehicle in Transport (Not Necessarily in Transport for 2005-2009)","Dark - Unknown Lighting","Clear","1","0"
"24","240202","2015","6","5","1","Urban","Front-to-Rear","Dark - Lighted","Clear","1","0"
"21","210172","2015","4","5","20","Urban","Not Collision with Motor Vehicle in Transport (Not Necessarily in Transport for 2005-2009)","Dark - Lighted","Clear","1","0"
"5","50153","2015","5","1","21","Urban","Not Collision with Motor Vehicle in Transport (Not Necessarily in Transport for 2005-2009)","Dark - Not Lighted","Clear","1","0"
"22","220359","2015","7","2","18","Rural","Not Collision with Motor Vehicle in Transport (Not Necessarily in Transport for 2005-2009)","Daylight","Clear","1","1"
"23","230114","2015","8","4","13","Rural","Front-to-Front","Daylight","Clear","1","0"
"28","280151","2015","4","2","8","Rural","Front-to-Front","Daylight","Clear","1","0"
"42","420969","2015","10","6","11","Rural","Front-to-Front","Daylight","Clear","3","0"
"48","480315","2015","2","6","7","Rural","Angle","Daylight","Clear","1","0"
"13","130533","2015","6","4","15","Rural","Angle","Daylight","Clear","1","0"
"18","180535","2015","9","4","12","Rural","Angle","Daylight","Clear","2","0"
"47","470364","2015","6","7","15","Rural","Angle","Daylight","Clear","1","0"
"39","390105","2015","2","6","14","Rural","Angle","Daylight","Clear","1","0"
"41","410120","2015","5","1","11","Rural","Angle","Daylight","Clear","1","0"
"12","122692","2015","12","6","18","Rural","Angle","Dark - Not Lighted","Clear","1","0"
"18","180385","2015","7","1","12","Rural","Angle","Daylight","Clear","1","0"
"21","210121","2015","3","1","12","Rural","Angle","Daylight","Clear","1","0"
"21","210670","2015","12","4","7","Rural","Angle","Dawn","Clear","1","0"
"26","260404","2015","7","4","7","Rural","Angle","Daylight","Clear","1","0"
"26","260473","2015","7","2","7","Rural","Angle","Daylight","Clear","1","0"
"31","310090","2015","4","1","20","Rural","Angle","Dark - Not Lighted","Clear","4","0"
"36","360515","2015","8","1","11","Rural","Angle","Daylight","Clear","1","0"
"36","360619","2015","9","5","13","Rural","Angle","Daylight","Clear","1","0"
"47","470473","2015","7","4","14","Rural","Angle","Daylight","Clear","1","0"
"42","420550","2015","7","7","10","Rural","Angle","Daylight","Clear","1","0"
"45","450610","2015","9","7","18","Rural","Angle","Dusk","Clear","1","0"
"45","450832","2015","12","1","12","Rural","Angle","Daylight","Clear","1","0"
"45","450763","2015","11","6","13","Rural","Angle","Daylight","Clear","1","0"
"45","450183","2015","4","6","13","Rural","Angle","Daylight","Clear","1","0"
"26","260380","2015","7","2","17","Rural","Angle","Daylight","Clear","1","0"
"48","482027","2015","8","5","8","Rural","Angle","Daylight","Clear","1","0"
"13","131079","2015","10","6","10","Rural","Not Collision with Motor Vehicle in Transport (Not Necessarily in Transport for 2005-2009)","Daylight","Clear","1","0"
"29","290457","2015","8","5","15","Rural","Not Collision with Motor Vehicle in Transport (Not Necessarily in Transport for 2005-2009)","Daylight","Clear","1","1"
"42","420240","2015","4","7","13","Rural","Not Collision with Motor Vehicle in Transport (Not Necessarily in Transport for 2005-2009)","Daylight","Clear","1","0"
"17","170316","2015","5","4","11","Rural","Front-to-Rear","Daylight","Clear","1","0"
"48","482095","2015","7","5","10","Rural","Front-to-Rear","Daylight","Clear","2","0"
"12","120720","2015","4","3","6","Rural","Front-to-Rear","Dark - Not Lighted","Clear","1","0"
"26","260660","2015","10","6","15","Rural","Front-to-Rear","Daylight","Clear","1","0"
"22","220679","2015","12","6","18","Rural","Front-to-Rear","Dark - Not Lighted","Clear","1","0"
"55","550448","2015","10","4","19","Rural","Front-to-Rear","Dark - Not Lighted","Clear","1","0"
"28","280167","2015","4","5","17","Rural","Front-to-Rear","Daylight","Clear","1","0"
"42","420713","2015","7","5","15","Rural","Front-to-Rear","Daylight","Clear","1","0"
"37","371260","2015","2","6","16","Rural","Front-to-Rear","Daylight","Clear","1","0"
"18","180670","2015","11","3","7","Rural","Front-to-Front","Daylight","Clear","1","0"
"21","210372","2015","8","1","14","Rural","Front-to-Front","Daylight","Clear","1","0"
"47","470344","2015","6","4","13","Rural","Front-to-Front","Daylight","Clear","2","0"
"45","450449","2015","7","6","15","Rural","Front-to-Front","Daylight","Clear","1","0"
"1","10656","2015","11","6","22","Rural","Front-to-Front","Dark - Not Lighted","Clear","3","1"
"1","10451","2015","8","7","20","Rural","Front-to-Front","Dark - Not Lighted","Clear","1","1"
"4","40693","2015","11","3","17","Rural","Front-to-Front","Dusk","Clear","1","0"
"13","130460","2015","5","3","9","Rural","Front-to-Front","Daylight","Clear","1","0"
"18","180092","2015","2","7","14","Rural","Front-to-Front","Daylight","Clear","1","0"
"8","80046","2015","2","4","20","Rural","Front-to-Front","Dark - Not Lighted","Clear","1","0"
"17","170573","2015","8","2","22","Rural","Front-to-Front","Dark - Not Lighted","Clear","1","0"
"24","240326","2015","10","5","20","Rural","Front-to-Front","Dark - Not Lighted","Clear","1","1"
"26","260069","2015","2","7","23","Rural","Front-to-Front","Dark - Not Lighted","Clear","1","1"
"36","360569","2015","8","2","16","Rural","Front-to-Front","Daylight","Clear","1","0"
"40","400017","2015","1","2","7","Rural","Front-to-Front","Dawn","Clear","1","0"
"27","270306","2015","10","5","22","Rural","Front-to-Front","Dark - Lighted","Clear","2","0"
"47","470227","2015","4","3","12","Rural","Front-to-Front","Daylight","Clear","1","0"
"55","550411","2015","11","2","10","Rural","Front-to-Front","Daylight","Clear","1","0"
"9","90206","2015","5","1","16","Rural","Front-to-Front","Daylight","Clear","1","1"
"9","90219","2015","5","3","16","Rural","Front-to-Front","Daylight","Clear","1","0"
"28","280370","2015","8","6","17","Rural","Front-to-Front","Daylight","Clear","1","0"
"42","421001","2015","11","2","14","Rural","Front-to-Front","Daylight","Clear","2","0"
"33","330044","2015","7","3","18","Rural","Front-to-Front","Daylight","Clear","3","0"
"37","371127","2015","11","6","7","Rural","Front-to-Front","Daylight","Clear","1","0"
"45","450857","2015","12","4","12","Rural","Front-to-Front","Daylight","Clear","1","0"
"45","450044","2015","1","1","19","Rural","Front-to-Front","Dark - Not Lighted","Clear","1","0"
"9","90077","2015","7","1","12","Rural","Angle","Daylight","Clear","1","0"
"48","481590","2015","7","6","12","Rural","Angle","Daylight","Clear","1","0"
"1","10614","2015","10","7","5","Rural","Angle","Dark - Not Lighted","Clear","1","1"
"40","400317","2015","8","5","13","Rural","Angle","Daylight","Clear","1","1"
"34","340308","2015","7","7","11","Rural","Angle","Daylight","Clear","1","0"
"37","371257","2015","12","4","8","Rural","Angle","Daylight","Clear","1","0"
"28","280374","2015","9","3","14","Rural","Sideswipe - Same Direction","Daylight","Clear","1","0"
"42","420345","2015","5","1","13","Rural","Sideswipe - Same Direction","Daylight","Clear","1","0"
"8","80034","2015","1","6","20","Rural","Sideswipe - Opposite Direction","Dark - Not Lighted","Clear","1","0"
"35","350128","2015","7","4","17","Rural","Sideswipe - Opposite Direction","Daylight","Clear","2","1"
"42","420057","2015","1","7","10","Rural","Sideswipe - Opposite Direction","Daylight","Clear","1","0"