"state_number","consecutive_number","year_of_crash","month_of_crash","day_of_week","hour_of_crash","land_use_name","manner_of_collision_name","light_condition_name","atmospheric_conditions_name","number_of_fatalities","number_of_drunk_drivers"
"56","560096","2015","9","3","19","Rural","Angle","Daylight","Clear","1","1"
"29","290022","2015","1","5","17","Rural","Angle","Daylight","Clear","1","1"
"40","400344","2015","8","7","21","Rural","Angle","Dark - Not Lighted","Clear","1","1"
"53","530369","2015","9","7","16","Rural","Angle","Daylight","Clear","1","1"
"20","200132","2015","6","7","10","Rural","Angle","Daylight","Clear","1","0"
"41","410162","2015","6","1","14","Rural","Angle","Daylight","Clear","1","0"
"4","40424","2015","5","5","13","Rural","Angle","Daylight","Clear","2","0"
"36","360353","2015","5","4","13","Rural","Angle","Daylight","Clear","1","0"
"36","360741","2015","8","3","7","Rural","Angle","Daylight","Clear","1","0"
"47","470568","2015","9","4","14","Rural","Angle","Daylight","Clear","2","0"
"54","540182","2015","9","3","15","Rural","Angle","Daylight","Clear","1","0"
"37","371163","2015","12","7","21","Rural","Angle","Dark - Not Lighted","Clear","1","1"
"37","371136","2015","11","4","11","Rural","Sideswipe - Same Direction","Daylight","Clear","3","0"
"49","490261","2015","3","3","15","Rural","Sideswipe - Opposite Direction","Daylight","Clear","1","0"
"48","481732","2015","2","5","6","Rural","Sideswipe - Opposite Direction","Dark - Not Lighted","Clear","1","0"
"4","40215","2015","4","6","11","Rural","Sideswipe - Opposite Direction","Daylight","Clear","3","0"
"5","50112","2015","3","1","16","Rural","Sideswipe - Opposite Direction","Daylight","Clear","1","0"
"21","210029","2015","1","3","12","Rural","Sideswipe - Opposite Direction","Daylight","Clear","1","0"
"29","290557","2015","9","6","10","Rural","Sideswipe - Opposite Direction","Daylight","Clear","1","1"
"45","450604","2015","9","4","5","Rural","Sideswipe - Opposite Direction","Dark - Not Lighted","Clear","1","0"
"48","480453","2015","3","7","19","Rural","Sideswipe - Opposite Direction","Dusk","Clear","2","0"
"15","150053","2015","6","6","9","Rural","Sideswipe - Opposite Direction","Daylight","Clear","1","0"
"20","200203","2015","9","4","7","Rural","Sideswipe - Opposite Direction","Daylight","Clear","1","0"
"20","200009","2015","1","2","8","Rural","Sideswipe - Opposite Direction","Daylight","Clear","2","0"
"20","200015","2015","1","2","8","Rural","Sideswipe - Opposite Direction","Daylight","Clear","1","0"
"12","120582","2015","1","2","17","Rural","Sideswipe - Opposite Direction","Daylight","Clear","1","0"
"55","550019","2015","1","4","13","Rural","Sideswipe - Opposite Direction","Daylight","Clear","2","0"
"28","280025","2015","1","6","14","Rural","Sideswipe - Opposite Direction","Daylight","Clear","1","0"
"42","420979","2015","10","4","0","Rural","Sideswipe - Opposite Direction","Dark - Not Lighted","Clear","1","0"
"42","420815","2015","8","7","12","Rural","Sideswipe - Opposite Direction","Daylight","Clear","1","0"
"37","370166","2015","3","2","5","Rural","Sideswipe - Opposite Direction","Dark - Not Lighted","Clear","1","0"
"37","370558","2015","6","3","17","Rural","Sideswipe - Opposite Direction","Daylight","Clear","1","1"
"45","450614","2015","9","2","12","Rural","Sideswipe - Opposite Direction","Daylight","Clear","1","0"
"48","480102","2015","1","5","6","Rural","Other (End-Swipes and Others)","Dark - Not Lighted","Clear","6","0"
"55","550027","2015","1","5","6","Rural","Other (End-Swipes and Others)","Dark - Not Lighted","Clear","1","0"
"41","410132","2015","5","4","12","Rural","Angle","Daylight","Clear","1","0"
"42","420177","2015","3","3","21","Rural","Sideswipe - Same Direction","Dark - Not Lighted","Clear","2","0"
"18","180495","2015","8","3","12","Rural","Front-to-Rear","Daylight","Clear","1","0"
"26","260495","2015","8","7","14","Rural","Front-to-Rear","Daylight","Clear","1","0"
"55","550397","2015","9","7","13","Rural","Front-to-Front","Daylight","Clear","1","1"
"40","400377","2015","9","4","11","Rural","Angle","Daylight","Clear","1","0"
"42","420109","2015","2","4","13","Rural","Angle","Daylight","Clear","1","0"
"55","550444","2015","10","1","12","Rural","Sideswipe - Same Direction","Daylight","Clear","1","0"
"46","460064","2015","8","3","14","Rural","Not Collision with Motor Vehicle in Transport (Not Necessarily in Transport for 2005-2009)","Daylight","Clear","1","0"
"48","482879","2015","12","4","15","Rural","Front-to-Rear","Daylight","Clear","1","0"
"21","210186","2015","5","4","7","Rural","Front-to-Rear","Daylight","Clear","1","0"
"4","40250","2015","4","5","11","Rural","Front-to-Rear","Daylight","Clear","1","1"
"53","530212","2015","7","6","21","Rural","Front-to-Rear","Dusk","Clear","1","1"
"4","40210","2015","4","4","8","Rural","Angle","Daylight","Clear","1","0"
"13","130566","2015","6","7","11","Rural","Angle","Daylight","Clear","1","0"
"40","400426","2015","7","3","14","Rural","Angle","Daylight","Clear","1","1"
"12","120040","2015","1","7","18","Urban","Not Collision with Motor Vehicle in Transport (Not Necessarily in Transport for 2005-2009)","Dark - Lighted","Clear","1","0"
"1","10084","2015","3","1","10","Urban","Front-to-Rear","Daylight","Clear","1","1"
"45","450841","2015","10","5","3","Urban","Front-to-Rear","Dark - Lighted","Clear","1","0"
"17","170969","2015","10","1","22","Urban","Front-to-Rear","Dark - Lighted","Clear","1","0"
"24","240432","2015","12","3","17","Urban","Front-to-Rear","Dark - Not Lighted","Clear","1","0"
"36","360724","2015","10","7","13","Urban","Front-to-Rear","Daylight","Clear","1","1"
"36","361008","2015","11","7","20","Urban","Front-to-Rear","Dark - Lighted","Clear","1","0"
"4","40679","2015","11","1","5","Urban","Front-to-Rear","Dark - Lighted","Clear","2","2"
"2","20028","2015","7","6","1","Urban","Front-to-Rear","Dark - Lighted","Clear","1","1"
"4","40064","2015","2","3","10","Urban","Front-to-Rear","Daylight","Clear","1","0"
"48","482646","2015","11","5","17","Urban","Front-to-Rear","Dark - Not Lighted","Clear","1","0"
"12","122269","2015","11","6","21","Urban","Front-to-Front","Dark - Not Lighted","Clear","1","0"
"47","470435","2015","7","1","16","Urban","Front-to-Front","Daylight","Clear","1","0"
"49","490036","2015","3","7","20","Urban","Front-to-Front","Dark - Lighted","Clear","1","0"
"13","130270","2015","3","7","13","Urban","Front-to-Front","Daylight","Clear","1","0"
"8","80347","2015","9","1","17","Urban","Front-to-Front","Daylight","Clear","1","0"
"17","170956","2015","8","5","13","Urban","Front-to-Front","Daylight","Clear","1","0"
"48","481636","2015","7","3","16","Urban","Front-to-Front","Daylight","Clear","1","0"
"19","190271","2015","7","4","12","Urban","Angle","Daylight","Clear","1","0"
"39","390853","2015","10","5","8","Urban","Angle","Daylight","Clear","1","0"
"48","482021","2015","8","5","12","Urban","Angle","Daylight","Clear","2","0"
"41","410239","2015","7","4","22","Urban","Angle","Dark - Not Lighted","Clear","1","0"
"12","121951","2015","8","4","18","Urban","Angle","Dusk","Clear","2","0"
"12","120963","2015","5","3","8","Urban","Angle","Daylight","Clear","1","0"
"12","120843","2015","5","6","2","Urban","Angle","Dark - Lighted","Clear","1","1"
"12","120987","2015","5","7","22","Urban","Angle","Dark - Lighted","Clear","1","1"
"12","122560","2015","12","6","18","Urban","Angle","Dark - Not Lighted","Clear","1","1"
"12","121316","2015","7","1","20","Urban","Angle","Dark - Lighted","Clear","1","0"
"12","122689","2015","12","5","15","Urban","Angle","Daylight","Clear","1","0"
"12","121075","2015","6","4","20","Urban","Angle","Dark - Lighted","Clear","1","0"
"13","130651","2015","7","7","14","Urban","Angle","Daylight","Clear","1","2"
"13","130349","2015","4","1","22","Urban","Angle","Dark - Not Lighted","Clear","3","0"
"8","80288","2015","8","1","18","Urban","Angle","Daylight","Clear","1","0"
"8","80236","2015","1","6","8","Urban","Angle","Daylight","Clear","1","0"
"17","170584","2015","9","7","15","Urban","Angle","Daylight","Clear","1","0"
"21","210607","2015","11","1","10","Urban","Angle","Daylight","Clear","1","0"
"21","210251","2015","6","5","16","Urban","Angle","Daylight","Clear","2","0"
"29","290371","2015","7","1","14","Urban","Angle","Daylight","Clear","1","0"
"40","400023","2015","1","7","14","Urban","Angle","Daylight","Clear","1","0"
"47","470679","2015","10","6","16","Urban","Angle","Daylight","Clear","1","1"
"47","470235","2015","4","5","7","Urban","Angle","Daylight","Clear","1","0"
"47","470294","2015","5","6","8","Urban","Angle","Daylight","Clear","1","0"
"47","470013","2015","1","5","12","Urban","Angle","Daylight","Clear","2","0"
"37","370833","2015","9","4","17","Urban","Angle","Daylight","Clear","1","0"
"37","370858","2015","9","4","17","Urban","Angle","Daylight","Clear","2","0"
"45","450818","2015","10","5","7","Urban","Angle","Daylight","Clear","1","0"
"45","450712","2015","10","4","19","Urban","Angle","Dark - Not Lighted","Clear","1","1"
"45","450811","2015","10","5","14","Urban","Angle","Daylight","Clear","1","0"
"39","390261","2015","5","4","10","Urban","Angle","Daylight","Clear","1","0"
"49","490207","2015","10","5","11","Urban","Angle","Daylight","Clear","1","0"
"49","490038","2015","3","3","7","Urban","Angle","Dawn","Clear","1","0"
"49","490043","2015","3","6","23","Urban","Angle","Dark - Lighted","Clear","1","0"
"48","482375","2015","10","6","12","Urban","Angle","Daylight","Clear","1","0"
"15","150043","2015","6","7","21","Urban","Angle","Dark - Lighted","Clear","3","2"
"32","320153","2015","9","7","7","Urban","Angle","Daylight","Clear","2","1"
"12","120395","2015","3","6","10","Urban","Angle","Daylight","Clear","2","0"
"12","120864","2015","5","1","17","Urban","Angle","Daylight","Clear","1","0"
"12","120866","2015","5","2","15","Urban","Angle","Daylight","Clear","1","0"
"12","120472","2015","3","5","21","Urban","Angle","Dark - Lighted","Clear","2","0"
"12","121587","2015","8","2","18","Urban","Angle","Daylight","Clear","2","0"
"12","120742","2015","1","3","16","Urban","Angle","Daylight","Clear","1","0"
"12","122743","2015","9","4","18","Urban","Angle","Daylight","Clear","1","0"
"12","121298","2015","3","7","19","Urban","Angle","Daylight","Clear","1","1"
"12","122754","2015","3","2","18","Urban","Angle","Daylight","Clear","1","0"
"13","130546","2015","6","7","21","Urban","Angle","Dark - Not Lighted","Clear","1","0"
"13","130826","2015","8","5","15","Urban","Angle","Daylight","Clear","1","0"
"8","80120","2015","4","7","10","Urban","Angle","Daylight","Clear","1","0"
"8","80179","2015","5","1","19","Urban","Angle","Daylight","Clear","1","2"
"17","170702","2015","10","1","11","Urban","Angle","Daylight","Clear","1","0"
"17","170617","2015","8","6","7","Urban","Angle","Daylight","Clear","1","0"
"17","170061","2015","1","4","11","Urban","Angle","Daylight","Clear","1","0"
"21","210301","2015","6","6","13","Urban","Angle","Daylight","Clear","1","0"
"24","240252","2015","9","5","19","Urban","Angle","Dusk","Clear","2","0"
"29","290624","2015","10","4","19","Urban","Angle","Dark - Lighted","Clear","1","0"
"29","290419","2015","6","3","11","Urban","Angle","Daylight","Clear","1","0"
"36","360590","2015","8","7","14","Urban","Angle","Daylight","Clear","1","0"
"47","470409","2015","7","6","22","Urban","Angle","Dark - Lighted","Clear","1","0"
"34","340292","2015","9","6","7","Urban","Angle","Daylight","Clear","1","0"
"42","420555","2015","7","6","6","Urban","Angle","Daylight","Clear","1","0"
"42","420760","2015","9","1","19","Urban","Angle","Dusk","Clear","1","0"
"25","250279","2015","9","1","14","Urban","Angle","Daylight","Clear","1","0"
"37","370807","2015","8","1","23","Urban","Angle","Dark - Not Lighted","Clear","1","1"
"45","450268","2015","4","2","14","Urban","Angle","Daylight","Clear","1","0"
"45","450875","2015","12","6","12","Urban","Angle","Daylight","Clear","1","0"
"4","40555","2015","8","4","14","Urban","Angle","Daylight","Clear","1","0"
"8","80003","2015","1","1","18","Urban","Angle","Dark - Lighted","Clear","1","0"
"34","340233","2015","7","7","7","Urban","Angle","Daylight","Clear","1","0"
"4","40669","2015","10","2","14","Urban","Angle","Daylight","Clear","1","1"
"4","40118","2015","2","1","20","Urban","Angle","Dark - Lighted","Clear","1","1"
"4","40737","2015","11","1","12","Urban","Angle","Daylight","Clear","1","0"
"4","40354","2015","6","2","15","Urban","Angle","Daylight","Clear","1","0"
"26","260310","2015","6","2","18","Urban","Angle","Daylight","Clear","1","0"
"40","400547","2015","12","6","12","Urban","Angle","Daylight","Clear","1","0"
"55","550039","2015","2","1","14","Urban","Angle","Daylight","Clear","2","0"
"9","90117","2015","9","6","21","Urban","Angle","Dark - Lighted","Clear","1","1"
"35","350091","2015","5","6","12","Urban","Angle","Daylight","Clear","1","0"
"48","483217","2015","12","2","7","Urban","Angle","Daylight","Clear","1","0"
"48","482677","2015","11","7","1","Urban","Angle","Dark - Lighted","Clear","1","1"
"18","180654","2015","11","1","8","Urban","Sideswipe - Same Direction","Daylight","Clear","1","0"
"21","210166","2015","4","3","6","Urban","Sideswipe - Opposite Direction","Dark - Lighted","Clear","1","0"
"29","290359","2015","5","4","10","Urban","Sideswipe - Opposite Direction","Daylight","Clear","1","0"
"32","320277","2015","12","1","16","Urban","Not Collision with Motor Vehicle in Transport (Not Necessarily in Transport for 2005-2009)","Dusk","Clear","1","1"
"4","40542","2015","8","7","13","Urban","Not Collision with Motor Vehicle in Transport (Not Necessarily in Transport for 2005-2009)","Daylight","Clear","2","1"
"12","120382","2015","3","3","18","Urban","Not Collision with Motor Vehicle in Transport (Not Necessarily in Transport for 2005-2009)","Daylight","Clear","1","0"
"12","121184","2015","5","6","23","Urban","Not Collision with Motor Vehicle in Transport (Not Necessarily in Transport for 2005-2009)","Dark - Lighted","Clear","1","0"
"17","170514","2015","8","1","11","Urban","Not Collision with Motor Vehicle in Transport (Not Necessarily in Transport for 2005-2009)","Daylight","Clear","1","1"
"45","450713","2015","10","4","16","Urban","Not Collision with Motor Vehicle in Transport (Not Necessarily in Transport for 2005-2009)","Daylight","Clear","1","0"
"32","320224","2015","10","3","7","Urban","Not Collision with Motor Vehicle in Transport (Not Necessarily in Transport for 2005-2009)","Daylight","Clear","1","0"
"12","121671","2015","8","2","23","Urban","Not Collision with Motor Vehicle in Transport (Not Necessarily in Transport for 2005-2009)","Dark - Lighted","Clear","1","1"
"29","290283","2015","6","3","17","Urban","Not Collision with Motor Vehicle in Transport (Not Necessarily in Transport for 2005-2009)","Daylight","Clear","1","0"
"42","420182","2015","3","5","19","Urban","Not Collision with Motor Vehicle in Transport (Not Necessarily in Transport for 2005-2009)","Dark - Lighted","Clear","2","0"
"4","40052","2015","1","7","21","Urban","Not Collision with Motor Vehicle in Transport (Not Necessarily in Transport for 2005-2009)","Dark - Not Lighted","Clear","1","1"
"53","530432","2015","11","2","20","Urban","Not Collision with Motor Vehicle in Transport (Not Necessarily in Transport for 2005-2009)","Dark - Lighted","Clear","1","0"
"12","121578","2015","7","6","23","Urban","Front-to-Rear","Dark - Not Lighted","Clear","2","0"
"13","130792","2015","8","2","4","Urban","Front-to-Rear","Dark - Lighted","Clear","1","1"
"26","260647","2015","9","6","16","Urban","Front-to-Rear","Daylight","Clear","1","0"
"27","270268","2015","9","6","17","Urban","Front-to-Rear","Daylight","Clear","1","0"
"29","290496","2015","7","6","13","Urban","Front-to-Rear","Daylight","Clear","1","0"
"31","310089","2015","3","1","14","Urban","Front-to-Rear","Daylight","Clear","1","1"
"22","220480","2015","9","2","9","Urban","Front-to-Rear","Daylight","Clear","1","0"
"34","340371","2015","10","4","9","Urban","Front-to-Rear","Daylight","Clear","1","0"
"25","250245","2015","5","7","6","Urban","Front-to-Rear","Dawn","Clear","1","1"
"25","250228","2015","7","2","10","Urban","Front-to-Rear","Daylight","Clear","1","0"
"4","40058","2015","1","1","0","Urban","Front-to-Rear","Dark - Not Lighted","Clear","1","0"
"31","310131","2015","8","1","11","Urban","Front-to-Rear","Daylight","Clear","1","0"
"48","482207","2015","7","4","20","Urban","Front-to-Rear","Daylight","Clear","1","0"
"48","481750","2015","7","1","15","Urban","Front-to-Rear","Daylight","Clear","1","1"
"54","540070","2015","4","6","22","Urban","Front-to-Front","Dark - Not Lighted","Clear","2","1"
"19","190022","2015","2","6","22","Urban","Front-to-Front","Dark - Lighted","Clear","1","0"
"5","50234","2015","7","6","10","Urban","Front-to-Front","Daylight","Clear","1","0"
"21","210440","2015","9","1","12","Urban","Front-to-Front","Daylight","Clear","4","0"
"47","470321","2015","6","5","16","Urban","Front-to-Front","Daylight","Clear","1","0"
"48","482432","2015","10","5","15","Urban","Front-to-Front","Daylight","Clear","2","0"
"15","150087","2015","12","3","13","Urban","Front-to-Front","Daylight","Clear","2","0"
"1","10138","2015","4","6","19","Urban","Front-to-Front","Dark - Not Lighted","Clear","1","0"
"12","122571","2015","12","4","19","Urban","Front-to-Front","Dark - Not Lighted","Clear","2","1"
"13","130252","2015","3","3","10","Urban","Front-to-Front","Daylight","Clear","1","0"
"24","240308","2015","9","2","14","Urban","Front-to-Front","Daylight","Clear","1","0"
"36","360394","2015","6","2","18","Urban","Front-to-Front","Daylight","Clear","1","0"
"25","250146","2015","9","2","20","Urban","Front-to-Front","Dark - Not Lighted","Clear","1","1"
"34","340367","2015","10","3","19","Urban","Front-to-Front","Dark - Lighted","Clear","1","1"
"13","130402","2015","4","1","2","Urban","Front-to-Front","Dark - Lighted","Clear","1","0"
"48","480630","2015","3","2","21","Urban","Front-to-Front","Daylight","Clear","1","0"
"48","480530","2015","3","7","15","Urban","Front-to-Front","Daylight","Clear","3","0"
"1","10012","2015","1","6","6","Urban","Angle","Daylight","Clear","1","0"
"12","121256","2015","7","7","17","Urban","Angle","Daylight","Clear","1","1"
"21","210201","2015","5","5","16","Urban","Angle","Daylight","Clear","1","1"
"29","290103","2015","3","2","11","Urban","Angle","Daylight","Clear","1","0"
"29","290648","2015","9","4","7","Urban","Angle","Daylight","Clear","1","0"
"55","550010","2015","1","6","10","Urban","Angle","Daylight","Clear","1","0"
"34","340320","2015","8","5","19","Urban","Angle","Dusk","Clear","1","0"
"54","540028","2015","2","3","20","Urban","Angle","Dark - Lighted","Clear","1","0"
"48","481260","2015","6","5","10","Urban","Angle","Daylight","Clear","1","0"
"13","130078","2015","1","1","13","Urban","Angle","Daylight","Clear","1","0"
"13","130869","2015","9","3","6","Urban","Angle","Dark - Not Lighted","Clear","1","0"
"47","470537","2015","8","2","15","Urban","Angle","Daylight","Clear","1","0"
"53","530475","2015","11","4","5","Urban","Angle","Dark - Not Lighted","Clear","1","0"
"42","420184","2015","3","3","16","Urban","Angle","Daylight","Clear","1","0"
"42","420986","2015","10","6","20","Urban","Angle","Dark - Not Lighted","Clear","1","1"
"12","120208","2015","2","5","12","Urban","Sideswipe - Same Direction","Daylight","Clear","1","0"
"13","130313","2015","4","5","16","Urban","Sideswipe - Same Direction","Daylight","Clear","1","0"
"21","210189","2015","5","4","15","Urban","Sideswipe - Same Direction","Daylight","Clear","1","0"
"26","260768","2015","11","7","22","Urban","Sideswipe - Same Direction","Dark - Lighted","Clear","1","0"
"47","470414","2015","7","4","22","Urban","Sideswipe - Same Direction","Dark - Not Lighted","Clear","2","1"
"12","121289","2015","5","1","17","Urban","Sideswipe - Same Direction","Daylight","Clear","1","1"
"17","170690","2015","7","7","3","Urban","Sideswipe - Same Direction","Dark - Lighted","Clear","1","1"
"13","130342","2015","4","6","9","Urban","Sideswipe - Opposite Direction","Daylight","Clear","1","0"
"5","50443","2015","11","4","9","Urban","Sideswipe - Opposite Direction","Daylight","Clear","1","0"
"21","210576","2015","11","5","12","Urban","Sideswipe - Opposite Direction","Daylight","Clear","1","0"
"40","400027","2015","1","2","17","Urban","Sideswipe - Opposite Direction","Daylight","Clear","1","0"
"42","420056","2015","1","6","18","Urban","Sideswipe - Opposite Direction","Dark - Not Lighted","Clear","1","1"
"42","421096","2015","12","2","12","Urban","Sideswipe - Opposite Direction","Daylight","Clear","2","0"
"15","150031","2015","5","7","19","Urban","Sideswipe - Opposite Direction","Dark - Not Lighted","Clear","2","0"
"27","270062","2015","4","4","4","Urban","Sideswipe - Opposite Direction","Dark - Not Lighted","Clear","1","1"
"48","480179","2015","1","7","22","Urban","Sideswipe - Opposite Direction","Dark - Lighted","Clear","1","1"
"48","482193","2015","9","7","15","Urban","Sideswipe - Opposite Direction","Daylight","Clear","1","0"
"48","482661","2015","11","1","23","Urban","Rear-to-Side","Dark - Lighted","Clear","1","1"
"15","150019","2015","3","6","9","Urban","Other (End-Swipes and Others)","Daylight","Clear","1","0"
"4","40793","2015","11","7","21","Urban","Other (End-Swipes and Others)","Dark - Lighted","Clear","2","0"
"42","420352","2015","5","4","10","Urban","Non documente","Daylight","Clear","1","0"
"4","40611","2015","9","7","16","Urban","Non documente","Daylight","Clear","2","1"
"37","371155","2015","10","5","13","Urban","Angle","Daylight","Clear","1","0"
"34","340179","2015","6","1","9","Urban","Angle","Daylight","Clear","1","0"
"22","220683","2015","12","5","17","Urban","Front-to-Rear","Daylight","Clear","1","0"
"39","390013","2015","1","7","23","Urban","Front-to-Front","Dark - Not Lighted","Clear","1","1"
"12","122180","2015","11","2","7","Urban","Front-to-Rear","Daylight","Clear","1","0"
"26","260902","2015","11","3","8","Urban","Not Collision with Motor Vehicle in Transport (Not Necessarily in Transport for 2005-2009)","Daylight","Clear","1","0"
"34","340147","2015","5","4","8","Urban","Not Collision with Motor Vehicle in Transport (Not Necessarily in Transport for 2005-2009)","Daylight","Clear","1","0"
"42","421038","2015","11","7","22","Urban","Not Collision with Motor Vehicle in Transport (Not Necessarily in Transport for 2005-2009)","Dark - Lighted","Clear","1","0"
"12","122549","2015","12","6","0","Urban","Not Collision with Motor Vehicle in Transport (Not Necessarily in Transport for 2005-2009)","Dark - Lighted","Clear","1","0"
"4","40405","2015","6","2","14","Urban","Not Collision with Motor Vehicle in Transport (Not Necessarily in Transport for 2005-2009)","Daylight","Clear","1","0"
"47","470315","2015","6","4","14","Urban","Not Collision with Motor Vehicle in Transport (Not Necessarily in Transport for 2005-2009)","Daylight","Clear","1","0"
"37","370676","2015","6","7","16","Urban","Not Collision with Motor Vehicle in Transport (Not Necessarily in Transport for 2005-2009)","Daylight","Clear","1","0"
"39","390461","2015","7","5","13","Urban","Front-to-Rear","Daylight","Clear","1","0"
"12","121077","2015","6","7","9","Urban","Front-to-Rear","Daylight","Clear","1","0"
"12","121778","2015","9","3","20","Urban","Front-to-Rear","Dark - Not Lighted","Clear","1","1"
"12","120867","2015","5","3","9","Urban","Front-to-Rear","Daylight","Clear","2","0"
"12","122342","2015","12","4","2","Urban","Front-to-Rear","Dark - Lighted","Clear","1","1"
"12","121323","2015","5","2","12","Urban","Front-to-Rear","Daylight","Clear","1","0"
"12","122742","2015","3","1","20","Urban","Front-to-Rear","Dark - Lighted","Clear","1","1"
"8","80035","2015","1","7","14","Urban","Front-to-Rear","Daylight","Clear","2","0"
"8","80060","2015","2","3","16","Urban","Front-to-Rear","Daylight","Clear","1","0"
"29","290059","2015","1","5","17","Urban","Front-to-Rear","Dark - Lighted","Clear","1","1"
"47","470895","2015","12","5","10","Urban","Front-to-Rear","Daylight","Clear","3","0"
"42","420455","2015","6","7","9","Urban","Front-to-Rear","Daylight","Clear","1","0"
"39","390451","2015","7","5","7","Urban","Front-to-Rear","Daylight","Clear","1","0"
"49","490107","2015","6","4","15","Urban","Front-to-Rear","Daylight","Clear","1","0"
"48","481356","2015","5","1","20","Urban","Front-to-Rear","Dark - Lighted","Clear","1","0"
"48","481938","2015","7","4","14","Urban","Front-to-Rear","Daylight","Clear","1","0"
"12","120765","2015","2","1","14","Urban","Front-to-Rear","Daylight","Clear","1","0"
"13","130051","2015","1","1","20","Urban","Front-to-Rear","Dark - Lighted","Clear","1","1"
"13","130073","2015","1","7","15","Urban","Front-to-Rear","Daylight","Clear","1","1"
"24","240164","2015","5","1","15","Urban","Front-to-Rear","Daylight","Clear","1","0"
"42","420035","2015","1","7","17","Urban","Front-to-Rear","Dark - Lighted","Clear","1","0"
"42","420108","2015","2","5","11","Urban","Front-to-Rear","Daylight","Clear","1","0"
"48","482342","2015","10","7","6","Urban","Front-to-Rear","Dark - Lighted","Clear","1","1"
"41","410059","2015","3","5","11","Urban","Front-to-Rear","Daylight","Clear","1","0"
"8","80076","2015","3","3","1","Urban","Front-to-Rear","Dark - Not Lighted","Clear","2","2"
"37","370670","2015","7","4","11","Urban","Front-to-Rear","Daylight","Clear","1","0"
"25","250150","2015","6","1","19","Urban","Front-to-Front","Daylight","Clear","1","1"
"48","482459","2015","10","1","19","Urban","Front-to-Front","Dark - Lighted","Clear","1","0"
"12","120214","2015","2","7","20","Urban","Angle","Dark - Not Lighted","Clear","1","0"
"12","120793","2015","4","3","9","Urban","Angle","Daylight","Clear","1","0"
"17","170757","2015","10","7","19","Urban","Angle","Dusk","Clear","1","0"
"1","10522","2015","8","2","12","Urban","Angle","Daylight","Clear","1","0"
"42","420158","2015","2","4","7","Urban","Sideswipe - Same Direction","Daylight","Clear","1","0"
"32","320259","2015","10","7","15","Urban","Sideswipe - Same Direction","Daylight","Clear","1","0"
"4","40156","2015","3","2","17","Urban","Sideswipe - Same Direction","Dusk","Clear","1","1"
"13","130389","2015","4","5","5","Urban","Front-to-Rear","Dark - Not Lighted","Clear","1","0"
"40","400415","2015","10","7","19","Urban","Front-to-Rear","Dark - Lighted","Clear","1","0"
"19","190222","2015","10","1","16","Urban","Angle","Daylight","Clear","2","0"
"12","122056","2015","10","7","12","Urban","Angle","Daylight","Clear","1","0"
"13","130804","2015","8","6","19","Urban","Angle","Dusk","Clear","1","0"
"40","400085","2015","1","2","20","Urban","Angle","Dark - Lighted","Clear","1","0"
"42","420179","2015","2","3","15","Urban","Angle","Daylight","Clear","1","0"
"4","40588","2015","8","1","20","Urban","Angle","Dark - Not Lighted","Clear","1","0"
"4","40067","2015","2","5","9","Urban","Angle","Daylight","Clear","1","0"
"48","483236","2015","6","4","23","Urban","Angle","Dark - Not Lighted","Clear","1","0"
"34","340306","2015","4","2","21","Urban","Not Collision with Motor Vehicle in Transport (Not Necessarily in Transport for 2005-2009)","Dark - Lighted","Clear","1","0"
"20","200305","2015","11","7","16","Urban","Not Collision with Motor Vehicle in Transport (Not Necessarily in Transport for 2005-2009)","Daylight","Clear","1","0"
"12","121698","2015","6","6","23","Urban","Not Collision with Motor Vehicle in Transport (Not Necessarily in Transport for 2005-2009)","Dark - Lighted","Clear","1","0"
"12","122212","2015","11","2","19","Urban","Not Collision with Motor Vehicle in Transport (Not Necessarily in Transport for 2005-2009)","Dark - Not Lighted","Clear","1","0"
"47","470702","2015","10","6","19","Urban","Not Collision with Motor Vehicle in Transport (Not Necessarily in Transport for 2005-2009)","Dark - Not Lighted","Clear","1","0"
"48","483056","2015","12","7","10","Urban","Not Collision with Motor Vehicle in Transport (Not Necessarily in Transport for 2005-2009)","Daylight","Clear","1","0"
"26","260901","2015","8","5","21","Urban","Not Collision with Motor Vehicle in Transport (Not Necessarily in Transport for 2005-2009)","Dark - Not Lighted","Clear","1","0"
"36","360995","2015","12","7","2","Urban","Not Collision with Motor Vehicle in Transport (Not Necessarily in Transport for 2005-2009)","Dark - Lighted","Clear","1","0"
"45","450023","2015","1","7","17","Urban","Not Collision with Motor Vehicle in Transport (Not Necessarily in Transport for 2005-2009)","Dark - Lighted","Clear","1","0"
"13","130401","2015","4","1","20","Urban","Front-to-Rear","Dark - Not Lighted","Clear","1","0"
"42","421081","2015","10","6","16","Urban","Front-to-Rear","Daylight","Clear","1","0"
"12","121711","2015","9","7","8","Trafficway Not in State Inventory","Angle","Daylight","Clear","1","0"
"12","122139","2015","8","1","16","Trafficway Not in State Inventory","Front-to-Front","Daylight","Clear","1","0"
"12","121925","2015","8","5","5","Trafficway Not in State Inventory","Front-to-Front","Dark - Not Lighted","Clear","2","1"
"12","122111","2015","11","4","20","Trafficway Not in State Inventory","Angle","Dark - Not Lighted","Clear","1","0"
"12","120625","2015","4","7","21","Trafficway Not in State Inventory","Other (End-Swipes and Others)","Dark - Not Lighted","Clear","1","0"
"20","200245","2015","10","5","13","Rural","Front-to-Rear","Daylight","Clear","1","0"
"37","370966","2015","10","4","7","Rural","Front-to-Rear","Daylight","Clear","2","0"
"53","530174","2015","3","5","8","Rural","Front-to-Front","Daylight","Clear","1","0"
"32","320002","2015","1","4","21","Rural","Front-to-Front","Dark - Not Lighted","Clear","1","1"
"37","370576","2015","6","1","21","Rural","Sideswipe - Opposite Direction","Dusk","Clear","1","0"
"34","340436","2015","11","2","17","Rural","Front-to-Rear","Dark - Lighted","Clear","2","0"
"27","270294","2015","10","1","18","Rural","Non documente","Daylight","Clear","1","0"
"53","530493","2015","12","6","16","Rural","Front-to-Rear","Daylight","Clear","1","1"
"48","481904","2015","8","7","13","Urban","Front-to-Front","Daylight","Clear","1","0"
"48","480187","2015","1","4","23","Urban","Front-to-Front","Dark - Lighted","Clear","1","0"
"28","280011","2015","1","6","16","Urban","Angle","Dusk","Clear","1","1"
"45","450150","2015","3","5","7","Urban","Angle","Daylight","Clear","1","0"
"49","490138","2015","7","3","16","Urban","Angle","Daylight","Clear","1","0"
"48","481697","2015","7","1","19","Urban","Angle","Daylight","Clear","1","0"