"state_number","consecutive_number","year_of_crash","month_of_crash","day_of_week","hour_of_crash","land_use_name","manner_of_collision_name","light_condition_name","atmospheric_conditions_name","number_of_fatalities","number_of_drunk_drivers"
"42","420686","2015","7","2","15","Urban","Angle","Daylight","Clear","1","0"
"48","481420","2015","6","7","23","Urban","Angle","Dark - Lighted","Clear","1","0"
"48","482334","2015","10","4","9","Urban","Angle","Daylight","Clear","1","0"
"48","480767","2015","4","7","13","Urban","Not Collision with Motor Vehicle in Transport (Not Necessarily in Transport for 2005-2009)","Daylight","Clear","1","1"
"32","320093","2015","6","7","8","Urban","Not Collision with Motor Vehicle in Transport (Not Necessarily in Transport for 2005-2009)","Daylight","Clear","1","0"
"36","360630","2015","9","2","22","Urban","Not Collision with Motor Vehicle in Transport (Not Necessarily in Transport for 2005-2009)","Dark - Lighted","Clear","1","0"
"48","480995","2015","5","6","19","Urban","Front-to-Rear","Dusk","Clear","1","1"
"48","480209","2015","1","4","23","Urban","Front-to-Rear","Dark - Lighted","Clear","1","0"
"32","320037","2015","3","6","4","Urban","Front-to-Rear","Dark - Lighted","Clear","1","0"
"12","122465","2015","12","4","18","Urban","Front-to-Rear","Daylight","Clear","1","0"
"12","121234","2015","6","6","1","Urban","Front-to-Rear","Dark - Lighted","Clear","1","0"
"53","530106","2015","4","1","13","Urban","Front-to-Rear","Daylight","Clear","1","0"
"9","90101","2015","8","3","15","Urban","Front-to-Rear","Daylight","Clear","1","0"
"9","90140","2015","10","3","15","Urban","Front-to-Rear","Daylight","Clear","1","0"
"42","420573","2015","7","6","18","Urban","Front-to-Rear","Daylight","Clear","1","1"
"5","50170","2015","5","7","21","Urban","Front-to-Rear","Dark - Not Lighted","Clear","1","1"
"48","480480","2015","3","6","1","Urban","Front-to-Rear","Dark - Lighted","Clear","1","1"
"17","170011","2015","1","1","4","Urban","Front-to-Front","Dark - Lighted","Clear","1","1"
"48","482856","2015","9","3","19","Urban","Front-to-Front","Dusk","Clear","1","1"
"20","200233","2015","9","7","15","Urban","Front-to-Front","Daylight","Clear","1","0"
"29","290275","2015","5","3","7","Urban","Front-to-Front","Daylight","Clear","1","1"
"48","482216","2015","9","1","6","Urban","Front-to-Front","Dark - Not Lighted","Clear","2","1"
"12","122527","2015","12","4","22","Urban","Front-to-Front","Dark - Not Lighted","Clear","1","1"
"12","121282","2015","7","7","2","Urban","Front-to-Front","Dark - Lighted","Clear","1","1"
"48","482573","2015","10","3","15","Urban","Angle","Daylight","Clear","1","0"
"31","310071","2015","1","6","17","Urban","Angle","Dusk","Clear","1","0"
"4","40771","2015","12","3","12","Urban","Angle","Daylight","Clear","1","0"
"47","470171","2015","3","1","18","Urban","Angle","Dusk","Clear","1","1"
"29","290777","2015","12","4","16","Urban","Sideswipe - Same Direction","Daylight","Clear","1","1"
"42","420344","2015","5","5","8","Urban","Sideswipe - Same Direction","Daylight","Clear","1","0"
"48","483160","2015","12","6","17","Urban","Sideswipe - Same Direction","Dusk","Clear","1","0"
"53","530101","2015","4","5","9","Urban","Sideswipe - Same Direction","Daylight","Clear","1","0"
"48","481968","2015","8","3","9","Urban","Sideswipe - Same Direction","Daylight","Clear","1","0"
"4","40642","2015","10","2","18","Urban","Non documente","Daylight","Clear","1","0"
"4","40384","2015","6","2","7","Urban","Not Collision with Motor Vehicle in Transport (Not Necessarily in Transport for 2005-2009)","Daylight","Clear","1","0"
"48","481536","2015","7","2","21","Urban","Front-to-Rear","Dark - Lighted","Clear","2","0"
"4","40036","2015","1","5","15","Urban","Front-to-Rear","Daylight","Clear","1","0"
"42","420515","2015","7","6","15","Urban","Front-to-Rear","Daylight","Clear","1","0"
"48","482802","2015","11","5","18","Urban","Front-to-Front","Dark - Lighted","Clear","2","1"
"4","40517","2015","8","7","4","Urban","Sideswipe - Same Direction","Dark - Lighted","Clear","1","0"
"34","340138","2015","5","2","21","Urban","Not Collision with Motor Vehicle in Transport (Not Necessarily in Transport for 2005-2009)","Dark - Not Lighted","Clear","1","1"
"12","121579","2015","8","7","4","Urban","Sideswipe - Same Direction","Dark - Lighted","Clear","1","0"
"42","420793","2015","6","5","17","Urban","Not Collision with Motor Vehicle in Transport (Not Necessarily in Transport for 2005-2009)","Daylight","Clear","1","0"
"48","481308","2015","5","7","17","Urban","Angle","Daylight","Clear","1","0"
"44","440009","2015","4","6","23","Urban","Sideswipe - Same Direction","Dark - Lighted","Clear","1","1"
"48","481232","2015","6","1","23","Urban","Not Collision with Motor Vehicle in Transport (Not Necessarily in Transport for 2005-2009)","Dark - Lighted","Clear","1","1"
"22","220056","2015","2","4","21","Rural","Other (End-Swipes and Others)","Dark - Not Lighted","Clear","1","0"
"47","470549","2015","8","1","20","Urban","Front-to-Rear","Dark - Not Lighted","Clear","2","1"
"25","250192","2015","10","5","14","Urban","Sideswipe - Same Direction","Daylight","Clear","1","0"
"37","370027","2015","1","4","7","Rural","Angle","Daylight","Cloudy","1","1"
"12","121394","2015","7","6","16","Urban","Angle","Daylight","Cloudy","1","0"
"12","121193","2015","6","6","15","Urban","Angle","Daylight","Cloudy","1","0"
"37","370088","2015","1","5","14","Urban","Angle","Daylight","Cloudy","1","0"
"37","370817","2015","8","5","17","Urban","Angle","Daylight","Cloudy","1","0"
"37","370942","2015","9","2","16","Urban","Angle","Daylight","Cloudy","1","0"
"37","370200","2015","3","4","19","Urban","Front-to-Rear","Dusk","Cloudy","1","1"
"1","10356","2015","7","1","2","Urban","Front-to-Front","Dark - Not Lighted","Cloudy","1","0"
"36","360157","2015","4","5","10","Urban","Front-to-Front","Daylight","Cloudy","1","0"
"21","210106","2015","3","2","7","Urban","Angle","Dark - Not Lighted","Cloudy","1","1"
"39","391010","2015","10","5","16","Urban","Angle","Daylight","Cloudy","1","1"
"37","371114","2015","11","4","19","Urban","Angle","Dark - Not Lighted","Cloudy","1","1"
"21","210049","2015","1","5","9","Rural","Not Collision with Motor Vehicle in Transport (Not Necessarily in Transport for 2005-2009)","Daylight","Cloudy","1","0"
"55","550003","2015","1","4","2","Rural","Front-to-Rear","Dark - Lighted","Cloudy","1","0"
"37","370331","2015","4","2","17","Rural","Front-to-Rear","Daylight","Cloudy","1","0"
"37","371160","2015","11","1","17","Rural","Front-to-Rear","Dusk","Cloudy","1","0"
"37","370932","2015","9","5","10","Rural","Front-to-Rear","Daylight","Cloudy","1","0"
"51","510520","2015","10","3","9","Rural","Front-to-Front","Daylight","Cloudy","2","0"
"51","510215","2015","5","1","14","Rural","Front-to-Front","Daylight","Cloudy","3","2"
"19","190084","2015","5","7","7","Rural","Front-to-Front","Daylight","Cloudy","1","1"
"48","481905","2015","8","1","16","Rural","Angle","Daylight","Cloudy","1","0"
"12","121086","2015","6","4","12","Rural","Angle","Daylight","Cloudy","3","0"
"12","120945","2015","5","2","12","Rural","Angle","Daylight","Cloudy","2","0"
"13","130509","2015","5","5","15","Rural","Angle","Daylight","Cloudy","1","0"
"54","540166","2015","8","3","10","Rural","Sideswipe - Same Direction","Daylight","Cloudy","1","0"
"48","482140","2015","9","7","8","Rural","Front-to-Rear","Daylight","Cloudy","1","0"
"48","480185","2015","1","4","14","Urban","Angle","Daylight","Cloudy","1","0"
"51","510131","2015","4","5","5","Urban","Not Collision with Motor Vehicle in Transport (Not Necessarily in Transport for 2005-2009)","Dark - Lighted","Cloudy","1","1"
"48","481386","2015","6","7","22","Urban","Not Collision with Motor Vehicle in Transport (Not Necessarily in Transport for 2005-2009)","Dark - Lighted","Cloudy","1","1"
"48","483090","2015","12","7","18","Urban","Not Collision with Motor Vehicle in Transport (Not Necessarily in Transport for 2005-2009)","Dark - Lighted","Cloudy","1","0"
"51","510487","2015","9","4","15","Urban","Front-to-Rear","Daylight","Cloudy","1","0"
"51","510107","2015","3","4","17","Urban","Front-to-Rear","Daylight","Cloudy","1","1"
"39","390577","2015","8","3","19","Urban","Front-to-Rear","Daylight","Cloudy","2","0"
"49","490238","2015","12","6","15","Urban","Front-to-Rear","Daylight","Cloudy","1","0"
"48","480562","2015","3","5","12","Urban","Front-to-Rear","Daylight","Cloudy","1","0"
"1","10304","2015","6","7","20","Urban","Front-to-Rear","Dark - Not Lighted","Cloudy","1","1"
"12","120501","2015","3","2","13","Urban","Front-to-Rear","Daylight","Cloudy","4","0"
"12","121902","2015","8","6","17","Urban","Front-to-Rear","Daylight","Cloudy","1","1"
"13","131303","2015","12","4","14","Urban","Front-to-Rear","Daylight","Cloudy","1","0"
"34","340527","2015","12","5","19","Urban","Front-to-Rear","Dark - Not Lighted","Cloudy","1","0"
"53","530102","2015","4","4","22","Urban","Front-to-Rear","Dark - Not Lighted","Cloudy","1","2"
"37","370230","2015","3","6","12","Urban","Front-to-Rear","Daylight","Cloudy","1","0"
"48","481097","2015","5","7","5","Urban","Front-to-Front","Dark - Lighted","Cloudy","1","1"
"36","360936","2015","12","1","5","Urban","Front-to-Front","Dark - Not Lighted","Cloudy","1","1"
"40","400369","2015","7","6","18","Urban","Front-to-Front","Daylight","Cloudy","2","1"
"47","470001","2015","1","6","17","Urban","Angle","Daylight","Cloudy","1","1"
"47","470594","2015","8","4","16","Urban","Angle","Daylight","Cloudy","1","1"
"25","250018","2015","2","5","12","Urban","Angle","Daylight","Cloudy","1","0"
"4","40026","2015","1","3","1","Urban","Sideswipe - Opposite Direction","Dark - Lighted","Cloudy","1","1"
"39","390075","2015","2","5","9","Urban","Front-to-Rear","Daylight","Cloudy","1","0"
"17","170735","2015","10","3","22","Urban","Front-to-Rear","Dark - Lighted","Cloudy","1","0"
"29","290368","2015","6","3","9","Urban","Front-to-Rear","Daylight","Cloudy","1","0"
"21","210284","2015","6","1","4","Urban","Front-to-Front","Dark - Lighted","Cloudy","1","1"
"36","360948","2015","12","5","15","Urban","Sideswipe - Same Direction","Daylight","Cloudy","1","0"
"39","390956","2015","11","3","15","Urban","Not Collision with Motor Vehicle in Transport (Not Necessarily in Transport for 2005-2009)","Daylight","Cloudy","1","0"
"4","40360","2015","6","7","4","Urban","Sideswipe - Same Direction","Dark - Lighted","Cloudy","1","0"
"12","122528","2015","12","4","18","Urban","Not Collision with Motor Vehicle in Transport (Not Necessarily in Transport for 2005-2009)","Dark - Not Lighted","Cloudy","1","0"
"40","400454","2015","10","4","6","Urban","Not Collision with Motor Vehicle in Transport (Not Necessarily in Transport for 2005-2009)","Dark - Not Lighted","Cloudy","1","0"
"37","371111","2015","11","1","2","Urban","Not Collision with Motor Vehicle in Transport (Not Necessarily in Transport for 2005-2009)","Dark - Lighted","Cloudy","1","1"
"40","400392","2015","7","7","0","Rural","Front-to-Rear","Dark - Not Lighted","Cloudy","2","0"
"21","210207","2015","5","1","4","Urban","Angle","Dark - Unknown Lighting","Cloudy","1","1"
"4","40038","2015","1","6","7","Rural","Front-to-Rear","Dawn","Cloudy","1","0"
"39","390215","2015","4","3","19","Rural","Angle","Dusk","Cloudy","1","0"
"48","480092","2015","1","3","17","Rural","Angle","Daylight","Cloudy","1","0"
"36","360473","2015","7","5","15","Rural","Angle","Daylight","Cloudy","1","0"
"38","380107","2015","12","3","7","Rural","Angle","Dark - Not Lighted","Cloudy","1","0"
"51","510695","2015","12","4","16","Rural","Front-to-Front","Daylight","Cloudy","1","0"
"4","40495","2015","7","1","15","Rural","Front-to-Front","Daylight","Cloudy","3","1"
"41","410359","2015","12","2","16","Rural","Front-to-Front","Daylight","Cloudy","1","0"
"26","260344","2015","7","4","12","Rural","Front-to-Front","Daylight","Cloudy","1","0"
"22","220240","2015","5","3","10","Rural","Front-to-Front","Daylight","Cloudy","1","1"
"28","280490","2015","11","7","15","Rural","Front-to-Front","Daylight","Cloudy","1","0"
"48","481283","2015","6","5","14","Rural","Angle","Daylight","Cloudy","1","0"
"48","480994","2015","5","6","16","Rural","Angle","Daylight","Cloudy","2","0"
"55","550005","2015","1","6","17","Rural","Angle","Dark - Not Lighted","Cloudy","1","0"
"1","10135","2015","3","6","21","Rural","Angle","Dark - Not Lighted","Cloudy","1","1"
"27","270069","2015","4","4","6","Rural","Angle","Daylight","Cloudy","1","0"
"51","510352","2015","7","6","22","Rural","Sideswipe - Opposite Direction","Dark - Not Lighted","Cloudy","1","1"
"45","450259","2015","3","2","9","Rural","Sideswipe - Opposite Direction","Daylight","Cloudy","1","0"
"22","220587","2015","11","4","18","Rural","Not Collision with Motor Vehicle in Transport (Not Necessarily in Transport for 2005-2009)","Dark - Not Lighted","Cloudy","2","2"
"18","180239","2015","5","3","11","Rural","Angle","Daylight","Cloudy","1","0"
"21","210397","2015","8","4","7","Rural","Front-to-Rear","Dawn","Cloudy","1","0"
"27","270358","2015","12","3","7","Rural","Front-to-Rear","Daylight","Cloudy","1","0"
"26","260332","2015","6","3","13","Urban","Front-to-Rear","Daylight","Cloudy","1","0"
"13","131006","2015","10","1","12","Urban","Front-to-Front","Daylight","Cloudy","1","0"
"27","270240","2015","9","7","15","Urban","Front-to-Front","Daylight","Cloudy","1","0"
"51","510287","2015","6","4","18","Urban","Angle","Daylight","Cloudy","1","0"
"48","480470","2015","3","3","19","Urban","Angle","Dark - Lighted","Cloudy","2","0"
"4","40427","2015","7","6","9","Urban","Angle","Daylight","Cloudy","1","1"
"39","390641","2015","8","3","13","Urban","Angle","Daylight","Cloudy","1","0"
"48","481300","2015","6","7","0","Urban","Angle","Dark - Lighted","Cloudy","1","1"
"48","482205","2015","1","7","10","Urban","Angle","Daylight","Cloudy","1","0"
"4","40206","2015","3","5","11","Urban","Angle","Daylight","Cloudy","1","0"
"47","470736","2015","11","3","13","Urban","Not Collision with Motor Vehicle in Transport (Not Necessarily in Transport for 2005-2009)","Daylight","Cloudy","1","0"
"13","130884","2015","9","7","17","Urban","Not Collision with Motor Vehicle in Transport (Not Necessarily in Transport for 2005-2009)","Daylight","Cloudy","2","0"
"51","510201","2015","5","1","12","Urban","Front-to-Rear","Daylight","Cloudy","2","0"
"39","390716","2015","9","4","16","Urban","Front-to-Rear","Daylight","Cloudy","1","0"
"51","510035","2015","1","7","20","Urban","Front-to-Front","Dark - Not Lighted","Cloudy","1","0"
"51","510542","2015","10","5","18","Urban","Front-to-Front","Dark - Not Lighted","Cloudy","1","0"
"13","131206","2015","12","5","18","Urban","Front-to-Front","Dark - Not Lighted","Cloudy","2","0"
"22","220022","2015","1","4","5","Urban","Front-to-Front","Dark - Not Lighted","Cloudy","1","0"
"26","260455","2015","4","5","17","Urban","Front-to-Front","Daylight","Cloudy","1","0"
"13","130522","2015","5","1","23","Urban","Front-to-Front","Dark - Not Lighted","Cloudy","1","0"
"51","510628","2015","12","3","12","Urban","Angle","Daylight","Cloudy","1","0"
"51","510216","2015","3","1","17","Urban","Angle","Daylight","Cloudy","1","0"
"36","360572","2015","8","5","16","Urban","Angle","Daylight","Cloudy","1","0"
"24","240108","2015","4","4","13","Urban","Angle","Daylight","Cloudy","1","1"
"13","130099","2015","2","1","2","Urban","Angle","Dark - Lighted","Cloudy","1","1"
"48","483233","2015","6","5","16","Urban","Sideswipe - Same Direction","Daylight","Cloudy","1","0"
"13","131157","2015","11","4","16","Urban","Sideswipe - Opposite Direction","Daylight","Cloudy","1","0"
"24","240078","2015","4","3","20","Urban","Sideswipe - Opposite Direction","Dark - Lighted","Cloudy","1","1"
"55","550505","2015","12","4","13","Urban","Front-to-Rear","Daylight","Cloudy","1","0"
"29","290221","2015","4","7","15","Urban","Front-to-Front","Daylight","Cloudy","1","0"
"12","120870","2015","5","4","17","Urban","Angle","Daylight","Cloudy","2","0"
"40","400515","2015","8","3","15","Urban","Sideswipe - Same Direction","Daylight","Cloudy","1","0"
"18","180178","2015","4","3","7","Rural","Sideswipe - Same Direction","Daylight","Cloudy","1","0"
"21","210666","2015","12","3","9","Rural","Other (End-Swipes and Others)","Daylight","Cloudy","1","0"
"53","530056","2015","2","5","15","Rural","Angle","Daylight","Cloudy","1","0"
"39","390560","2015","8","1","13","Rural","Front-to-Rear","Daylight","Cloudy","1","0"
"37","371141","2015","11","2","14","Rural","Front-to-Front","Daylight","Cloudy","3","0"
"4","40569","2015","9","2","20","Rural","Front-to-Front","Dark - Not Lighted","Cloudy","1","0"
"51","510462","2015","9","1","17","Rural","Angle","Daylight","Cloudy","1","1"
"40","400101","2015","2","7","16","Rural","Angle","Daylight","Cloudy","1","1"
"36","360931","2015","12","4","22","Rural","Angle","Dark - Lighted","Cloudy","1","1"
"18","180375","2015","7","4","5","Rural","Sideswipe - Opposite Direction","Dawn","Cloudy","1","0"
"21","210087","2015","2","6","11","Rural","Sideswipe - Opposite Direction","Daylight","Cloudy","1","0"
"40","400212","2015","5","3","20","Rural","Sideswipe - Opposite Direction","Dark - Not Lighted","Cloudy","1","0"
"48","482566","2015","10","6","8","Rural","Sideswipe - Opposite Direction","Daylight","Cloudy","1","0"
"39","390260","2015","5","2","16","Rural","Front-to-Rear","Daylight","Cloudy","1","0"
"48","482327","2015","10","3","6","Rural","Front-to-Rear","Dark - Not Lighted","Cloudy","1","0"
"27","270282","2015","10","2","17","Rural","Front-to-Rear","Daylight","Cloudy","1","0"
"29","290613","2015","10","2","13","Urban","Angle","Daylight","Cloudy","1","1"
"48","482642","2015","11","4","14","Urban","Not Collision with Motor Vehicle in Transport (Not Necessarily in Transport for 2005-2009)","Daylight","Cloudy","1","0"
"34","340413","2015","12","5","22","Urban","Front-to-Rear","Dark - Lighted","Cloudy","2","1"
"51","510686","2015","8","1","19","Urban","Angle","Daylight","Cloudy","1","0"
"51","510153","2015","4","1","15","Urban","Not Collision with Motor Vehicle in Transport (Not Necessarily in Transport for 2005-2009)","Daylight","Cloudy","1","0"
"21","210430","2015","8","4","14","Rural","Front-to-Rear","Daylight","Cloudy","1","0"
"1","10270","2015","5","6","20","Urban","Angle","Dark - Lighted","Cloudy","1","1"
"36","361031","2015","11","4","11","Urban","Angle","Daylight","Cloudy","1","1"
"51","510355","2015","7","3","21","Rural","Angle","Dark - Not Lighted","Cloudy","1","1"
"51","510193","2015","5","4","13","Rural","Angle","Daylight","Cloudy","1","0"
"48","481403","2015","6","4","16","Rural","Angle","Daylight","Cloudy","2","0"
"1","10727","2015","10","6","12","Rural","Angle","Daylight","Cloudy","1","0"
"28","280429","2015","10","1","9","Rural","Angle","Daylight","Cloudy","2","0"
"46","460008","2015","2","6","19","Rural","Angle","Dark - Lighted","Cloudy","1","0"
"32","320264","2015","11","6","18","Rural","Angle","Dark - Not Lighted","Cloudy","1","0"
"27","270321","2015","11","5","17","Rural","Angle","Dark - Lighted","Cloudy","1","0"
"18","180387","2015","7","6","12","Rural","Sideswipe - Same Direction","Daylight","Cloudy","1","1"
"37","370494","2015","6","2","7","Rural","Not Collision with Motor Vehicle in Transport (Not Necessarily in Transport for 2005-2009)","Daylight","Cloudy","2","0"
"51","510583","2015","11","5","17","Rural","Front-to-Rear","Daylight","Cloudy","1","0"
"4","40676","2015","11","6","16","Rural","Front-to-Rear","Dusk","Cloudy","1","0"
"12","121991","2015","10","1","12","Rural","Front-to-Rear","Daylight","Cloudy","1","0"
"21","210417","2015","8","1","17","Rural","Front-to-Rear","Daylight","Cloudy","1","0"
"28","280250","2015","6","4","12","Rural","Front-to-Rear","Daylight","Cloudy","1","1"
"12","121703","2015","9","7","0","Rural","Front-to-Rear","Dark - Not Lighted","Cloudy","2","1"
"53","530050","2015","2","7","11","Rural","Front-to-Rear","Daylight","Cloudy","2","1"
"37","371121","2015","11","1","13","Rural","Front-to-Rear","Daylight","Cloudy","2","0"
"19","190282","2015","12","3","11","Rural","Front-to-Front","Daylight","Cloudy","1","0"
"32","320120","2015","6","1","12","Rural","Front-to-Front","Daylight","Cloudy","1","0"
"10","100083","2015","11","7","21","Rural","Front-to-Front","Dark - Not Lighted","Cloudy","1","0"
"26","260055","2015","2","6","7","Rural","Front-to-Front","Dawn","Cloudy","1","0"
"45","450587","2015","9","3","16","Rural","Front-to-Front","Daylight","Cloudy","1","0"
"17","170065","2015","2","6","15","Rural","Front-to-Front","Daylight","Cloudy","1","0"
"26","260188","2015","4","2","8","Rural","Front-to-Front","Daylight","Cloudy","2","2"
"40","400399","2015","9","3","8","Rural","Front-to-Front","Daylight","Cloudy","1","0"
"55","550282","2015","8","6","22","Rural","Front-to-Front","Dark - Not Lighted","Cloudy","2","1"
"48","482490","2015","10","6","16","Rural","Angle","Daylight","Cloudy","1","0"
"1","10180","2015","4","7","20","Rural","Angle","Dark - Not Lighted","Cloudy","2","0"
"45","450426","2015","7","2","15","Rural","Angle","Daylight","Cloudy","1","0"
"48","482106","2015","9","6","20","Rural","Angle","Dark - Not Lighted","Cloudy","1","0"
"24","240099","2015","4","3","6","Rural","Angle","Daylight","Cloudy","3","0"
"1","10342","2015","7","6","18","Rural","Sideswipe - Opposite Direction","Daylight","Cloudy","1","0"
"48","481562","2015","7","2","9","Rural","Sideswipe - Opposite Direction","Daylight","Cloudy","1","0"
"20","200322","2015","12","5","7","Rural","Sideswipe - Opposite Direction","Dark - Lighted","Cloudy","2","0"
"1","10484","2015","8","6","16","Rural","Rear-to-Side","Daylight","Cloudy","1","0"
"1","10285","2015","5","5","15","Rural","Front-to-Rear","Daylight","Cloudy","1","0"
"18","180218","2015","4","5","16","Rural","Front-to-Rear","Daylight","Cloudy","1","0"
"39","390422","2015","6","7","18","Rural","Front-to-Rear","Daylight","Cloudy","1","1"
"12","120398","2015","3","1","20","Urban","Not Collision with Motor Vehicle in Transport (Not Necessarily in Transport for 2005-2009)","Dark - Not Lighted","Cloudy","1","0"
"22","220122","2015","3","1","22","Urban","Front-to-Rear","Dark - Lighted","Cloudy","1","1"
"39","390503","2015","7","5","18","Urban","Front-to-Rear","Daylight","Cloudy","1","0"
"48","480937","2015","5","5","20","Urban","Front-to-Rear","Dark - Not Lighted","Cloudy","1","0"
"36","360872","2015","11","4","17","Urban","Front-to-Front","Dark - Lighted","Cloudy","1","0"
"51","510572","2015","10","7","17","Urban","Angle","Daylight","Cloudy","1","0"
"12","122229","2015","11","1","22","Urban","Angle","Dark - Not Lighted","Cloudy","1","1"
"36","360983","2015","11","7","21","Urban","Angle","Dark - Lighted","Cloudy","1","1"
"47","470474","2015","7","5","17","Urban","Angle","Daylight","Cloudy","1","0"
"19","190064","2015","4","2","15","Urban","Angle","Daylight","Cloudy","1","0"
"55","550153","2015","5","3","16","Urban","Angle","Daylight","Cloudy","1","0"
"37","370825","2015","9","6","16","Urban","Angle","Daylight","Cloudy","1","0"
"45","450021","2015","1","6","15","Urban","Angle","Daylight","Cloudy","1","0"
"55","550078","2015","3","2","19","Urban","Angle","Dark - Lighted","Cloudy","1","0"
"12","121479","2015","8","3","12","Urban","Not Collision with Motor Vehicle in Transport (Not Necessarily in Transport for 2005-2009)","Daylight","Cloudy","1","0"
"12","121133","2015","6","5","20","Urban","Not Collision with Motor Vehicle in Transport (Not Necessarily in Transport for 2005-2009)","Dusk","Cloudy","1","0"
"38","380003","2015","1","4","7","Urban","Not Collision with Motor Vehicle in Transport (Not Necessarily in Transport for 2005-2009)","Dark - Lighted","Cloudy","1","0"
"32","320227","2015","10","2","1","Urban","Not Collision with Motor Vehicle in Transport (Not Necessarily in Transport for 2005-2009)","Dark - Not Lighted","Cloudy","1","2"
"51","510095","2015","3","7","14","Urban","Front-to-Rear","Daylight","Cloudy","1","1"
"12","120676","2015","4","1","2","Urban","Front-to-Rear","Dark - Not Lighted","Cloudy","1","1"
"12","122410","2015","10","7","5","Urban","Front-to-Rear","Daylight","Cloudy","1","1"
"17","170828","2015","11","3","17","Urban","Front-to-Rear","Dusk","Cloudy","1","0"
"36","360427","2015","7","6","14","Urban","Front-to-Rear","Daylight","Cloudy","1","0"
"12","121637","2015","8","2","6","Urban","Front-to-Rear","Dark - Lighted","Cloudy","1","0"
"21","210605","2015","11","4","3","Urban","Front-to-Rear","Dark - Not Lighted","Cloudy","1","1"
"48","480406","2015","2","1","15","Urban","Front-to-Rear","Daylight","Cloudy","1","1"
"22","220246","2015","5","1","2","Urban","Front-to-Front","Dark - Not Lighted","Cloudy","1","1"
"25","250259","2015","10","2","","Urban","Front-to-Front","Daylight","Cloudy","2","0"
"12","120217","2015","2","2","11","Urban","Angle","Daylight","Cloudy","1","1"
"21","210084","2015","2","1","13","Urban","Angle","Daylight","Cloudy","1","0"
"1","10139","2015","4","6","11","Urban","Angle","Daylight","Cloudy","1","0"
"26","260868","2015","12","3","17","Urban","Angle","Dark - Not Lighted","Cloudy","1","0"
"32","320089","2015","5","1","2","Urban","Sideswipe - Same Direction","Dark - Lighted","Cloudy","1","1"
"48","482421","2015","10","2","6","Urban","Sideswipe - Opposite Direction","Dark - Not Lighted","Cloudy","1","0"
"13","130181","2015","2","5","7","Urban","Not Collision with Motor Vehicle in Transport (Not Necessarily in Transport for 2005-2009)","Daylight","Cloudy","1","1"
"51","510130","2015","4","6","20","Urban","Front-to-Rear","Dark - Lighted","Cloudy","1","1"
"12","122606","2015","12","7","18","Urban","Front-to-Rear","Dark - Lighted","Cloudy","1","1"
"27","270113","2015","5","1","9","Urban","Front-to-Rear","Daylight","Cloudy","1","0"
"19","190250","2015","11","4","13","Urban","Front-to-Rear","Daylight","Cloudy","1","0"
"51","510274","2015","6","5","13","Urban","Angle","Daylight","Cloudy","1","0"
"45","450105","2015","2","2","16","Urban","Sideswipe - Same Direction","Daylight","Cloudy","1","0"
"28","280536","2015","12","3","22","Rural","Not Collision with Motor Vehicle in Transport (Not Necessarily in Transport for 2005-2009)","Dark - Not Lighted","Cloudy","1","0"
"36","360417","2015","7","2","7","Urban","Front-to-Rear","Daylight","Cloudy","1","0"
"26","260909","2015","12","5","6","Urban","Not Collision with Motor Vehicle in Transport (Not Necessarily in Transport for 2005-2009)","Dark - Lighted","Cloudy","1","0"
"12","122131","2015","11","1","13","Trafficway Not in State Inventory","Front-to-Front","Daylight","Cloudy","1","0"
"29","290291","2015","6","6","15","Rural","Front-to-Rear","Daylight","Cloudy","1","0"
"55","550308","2015","8","2","11","Rural","Front-to-Rear","Daylight","Cloudy","1","0"
"21","210076","2015","2","2","15","Rural","Sideswipe - Same Direction","Daylight","Cloudy","1","0"
"12","122442","2015","11","4","0","Rural","Front-to-Rear","Dark - Lighted","Cloudy","1","0"
"48","482869","2015","11","3","7","Rural","Sideswipe - Same Direction","Daylight","Cloudy","1","0"
"27","270380","2015","11","6","12","Urban","Angle","Daylight","Cloudy","1","0"
"48","480030","2015","1","2","18","Urban","Front-to-Rear","Dark - Lighted","Cloudy","1","0"
"12","122455","2015","12","7","23","Urban","Front-to-Rear","Dark - Lighted","Cloudy","1","1"
"4","40092","2015","2","3","7","Urban","Angle","Dawn","Cloudy","1","0"
"48","481248","2015","5","1","2","Urban","Sideswipe - Same Direction","Dark - Not Lighted","Cloudy","1","1"
"37","370583","2015","6","5","20","Urban","Front-to-Rear","Dusk","Cloudy","1","0"
"4","40507","2015","8","6","20","Urban","Front-to-Rear","Dark - Not Lighted","Cloudy","1","0"
"48","480308","2015","2","5","6","Urban","Not Collision with Motor Vehicle in Transport (Not Necessarily in Transport for 2005-2009)","Dark - Not Lighted","Cloudy","1","0"
"12","121555","2015","8","7","5","Urban","Not Collision with Motor Vehicle in Transport (Not Necessarily in Transport for 2005-2009)","Dark - Lighted","Cloudy","1","0"
"4","40727","2015","10","6","4","Urban","Angle","Dark - Unknown Lighting","Non documente","1","0"
"17","170914","2015","12","6","22","Urban","Angle","Dark - Lighted","Fog, Smog, Smoke","1","1"
"45","450754","2015","11","2","7","Rural","Front-to-Rear","Daylight","Fog, Smog, Smoke","1","0"
"28","280073","2015","2","1","23","Urban","Front-to-Rear","Dark - Not Lighted","Fog, Smog, Smoke","1","0"
"45","450286","2015","3","5","21","Rural","Sideswipe - Opposite Direction","Dark - Not Lighted","Fog, Smog, Smoke","6","0"
"48","480541","2015","3","2","23","Urban","Not Collision with Motor Vehicle in Transport (Not Necessarily in Transport for 2005-2009)","Dark - Not Lighted","Fog, Smog, Smoke","1","0"
"22","220344","2015","4","1","4","Rural","Not Collision with Motor Vehicle in Transport (Not Necessarily in Transport for 2005-2009)","Dark - Not Lighted","Fog, Smog, Smoke","1","0"
"30","300163","2015","8","5","14","Rural","Angle","Daylight","Fog, Smog, Smoke","1","0"
"31","310024","2015","2","2","8","Rural","Angle","Daylight","Fog, Smog, Smoke","1","0"
"41","410016","2015","1","2","18","Rural","Front-to-Front","Dark - Not Lighted","Fog, Smog, Smoke","1","0"
"50","500040","2015","10","5","6","Rural","Sideswipe - Opposite Direction","Dark - Not Lighted","Fog, Smog, Smoke","1","0"
"41","410020","2015","1","5","6","Urban","Front-to-Front","Dawn","Fog, Smog, Smoke","2","0"
"48","483040","2015","12","4","18","Urban","Angle","Dark - Not Lighted","Fog, Smog, Smoke","1","0"
"12","120299","2015","2","2","6","Urban","Front-to-Rear","Dark - Not Lighted","Fog, Smog, Smoke","1","1"
"29","290123","2015","3","5","7","Rural","Front-to-Front","Daylight","Fog, Smog, Smoke","1","0"
"48","482506","2015","10","6","5","Urban","Front-to-Front","Dark - Not Lighted","Fog, Smog, Smoke","1","1"
"21","210107","2015","3","4","7","Rural","Angle","Dark - Not Lighted","Fog, Smog, Smoke","1","0"
"28","280547","2015","12","5","8","Rural","Angle","Daylight","Fog, Smog, Smoke","1","0"
"17","170863","2015","12","7","8","Rural","Angle","Daylight","Fog, Smog, Smoke","1","0"
"12","120403","2015","3","3","5","Rural","Not Collision with Motor Vehicle in Transport (Not Necessarily in Transport for 2005-2009)","Dark - Not Lighted","Fog, Smog, Smoke","4","0"
"12","120253","2015","2","4","11","Rural","Front-to-Front","Daylight","Fog, Smog, Smoke","1","0"
"1","10109","2015","3","7","10","Rural","Front-to-Front","Daylight","Fog, Smog, Smoke","1","0"